feedback_id,customer_id,text,date,product,department,channel,location,segment,rating,status
FB-10000,CU-4582,"Loved the new InsightAnalytics dashboard, it is clean and fast. The issue started last Thursday. Logged by the duty manager.",2026-05-01T13:02:00+00:00,InsightPay,Customer Support,Call Center,Kolkata,Partner,5,open
FB-10001,CU-2519,Call center agents read from a script and did not understand the issue. The team mentioned InsightAnalytics in the weekly review. Thanks.,2026-02-10T04:13:00+00:00,InsightSecure,Customer Support,Chat,Surat,Startup,2,resolved
FB-10002,CU-2139,InsightSecure audit logs are exactly what compliance needed. The team mentioned InsightCloud in the weekly review. Sharing this from the field.,2026-07-15T11:36:00+00:00,InsightCRM,Finance,Website,London,SMB,5,resolved
FB-10003,CU-2169,Quick update: Is there a sandbox for InsightPay chargebacks? Please treat this as high priority. Logged by the duty manager.,2026-03-01T06:42:00+00:00,InsightAnalytics,Finance,Email,Kolkata,Internal,3,open
FB-10004,CU-9179,Payment reconciliation finally works without manual edits. I attached screenshots in the original ticket. Please advise.,2026-01-24T18:56:00+00:00,InsightSecure,Customer Support,Chat,London,Consumer,5,open
FB-10005,CU-2796,Quick update: Call center agents read from a script and did not understand the issue. I am following up because there was no response. Please advise.,2026-04-06T02:48:00+00:00,InsightPay,HR,Email,London,SMB,2,resolved
FB-10006,CU-6573,"Hi, Customer support resolved our incident in twenty minutes. I am following up because there was no response. Sharing this from the field.",2025-12-30T21:56:00+00:00,InsightAnalytics,Customer Support,Mobile App,Bangalore,Consumer,4,open
FB-10007,CU-6310,"For the record, The courier missed the delivery window three times in Kolkata. Please treat this as high priority. Sharing this from the field.",2026-03-06T05:34:00+00:00,InsightPay,Operations,Internal,Ahmedabad,Enterprise,1,closed
FB-10008,CU-8787,Is there a sandbox for InsightPay chargebacks? This happened after the latest update.,2026-08-08T17:49:00+00:00,InsightMobile,Operations,Email,Bangalore,Partner,3,resolved
FB-10009,CU-1344,"For the record, The onboarding specialist made InsightCRM easy to adopt. Our enterprise account is affected. Please advise.",2025-12-31T07:14:00+00:00,InsightCloud,Product,Call Center,Jaipur,SMB,5,open
FB-10010,CU-8749,"To be clear, Loved the new InsightCRM dashboard, it is clean and fast. This happened after the latest update. Thanks.",2026-01-24T17:08:00+00:00,InsightPortal,Operations,Chat,Delhi,Enterprise,5,open
FB-10011,CU-7912,Quick update: Documentation update saved our engineering team hours. This happened after the latest update. Logged by the duty manager.,2026-01-19T06:34:00+00:00,InsightPortal,Operations,Email,Bangalore,Consumer,5,open
FB-10012,CU-7209,"Hello team, Feature request: webhook retries with exponential backoff. A workaround exists but it is not acceptable long term. Thanks.",2026-01-24T12:57:00+00:00,InsightPay,Operations,Website,Pune,Startup,3,closed
FB-10013,CU-1821,"Hello team, Sharing an FYI that finance will review invoices tomorrow. A workaround exists but it is not acceptable long term. Please advise.",2026-06-07T17:03:00+00:00,InsightSecure,Customer Support,Internal,Kolkata,Partner,3,open
FB-10014,CU-9565,"Hello team, Please confirm whether SSO is enabled for partner accounts. I am following up because there was no response. Looking forward to a fix.",2026-04-28T19:02:00+00:00,InsightCloud,Engineering,Survey,Bangalore,SMB,4,resolved
FB-10015,CU-5345,The courier missed the delivery window three times in Mumbai. Our enterprise account is affected.,2025-12-26T02:34:00+00:00,InsightCRM,Operations,Email,Hyderabad,Enterprise,2,resolved
FB-10016,CU-2891,"For the record, We cannot login to InsightPortal since the last update. A workaround exists but it is not acceptable long term. Sharing this from the field.",2026-02-15T21:06:00+00:00,InsightMobile,Engineering,Mobile App,New York,Partner,2,open
FB-10017,CU-5291,Billing error created an unauthorized charge on our card. Our enterprise account is affected.,2025-12-12T00:21:00+00:00,InsightMobile,Finance,Email,New York,Consumer,2,in_progress
FB-10018,CU-1653,"Hi, Loved the new InsightCloud dashboard, it is clean and fast. We have seen this twice already. Sharing this from the field.",2026-01-02T01:19:00+00:00,InsightSecure,HR,Survey,Delhi,Internal,5,open
FB-10019,CU-5065,"Hello team, Call center agents read from a script and did not understand the issue. We have seen this twice already. Thanks.",2026-06-07T10:50:00+00:00,InsightChat,HR,Social Media,Mumbai,Internal,1,open
FB-10020,CU-2137,"Hi, Is there a sandbox for InsightPay chargebacks? The issue started last Thursday. Thanks.",2026-01-19T12:21:00+00:00,InsightAnalytics,HR,Social Media,Hyderabad,Internal,3,in_progress
FB-10021,CU-9379,"To be clear, Chat support was knowledgeable and patient. Please treat this as high priority. Please advise.",2026-03-22T11:46:00+00:00,InsightSecure,Customer Support,Mobile App,Pune,Partner,4,open
FB-10022,CU-5920,Quick update: Documentation is outdated and caused a production misconfiguration. A workaround exists but it is not acceptable long term.,2026-02-19T21:54:00+00:00,InsightCloud,Finance,Social Media,London,Consumer,2,open
FB-10023,CU-5700,"For the record, Sales team prepared a thoughtful demo for our executives. This is impacting customers in London. Thanks.",2026-03-14T17:53:00+00:00,InsightPay,Product,Call Center,Pune,Partner,5,resolved
FB-10024,CU-4848,"For the record, Mobile users report they cannot complete signup on InsightPortal. The issue started last Thursday. Thanks.",2026-04-11T21:40:00+00:00,InsightSecure,Customer Support,Social Media,Delhi,SMB,2,open
FB-10025,CU-2746,"For the record, Security alert fired after suspicious admin logins. This is impacting customers in New York. Looking forward to a fix.",2026-01-07T20:44:00+00:00,InsightPay,Engineering,Chat,Delhi,SMB,1,resolved
FB-10026,CU-9270,"Hello team, I am delighted with the quality of the latest InsightPay release. The issue started last Thursday. Looking forward to a fix.",2026-05-02T10:48:00+00:00,InsightPortal,Sales,Chat,Dubai,Partner,5,in_progress
FB-10027,CU-5451,"To be clear, Security alert fired after suspicious admin logins. The issue started last Thursday. Looking forward to a fix.",2026-03-23T02:45:00+00:00,InsightAnalytics,Engineering,Survey,Hyderabad,Partner,2,open
FB-10028,CU-1320,Quick update: I am angry that the ticket was closed without a resolution. The issue started last Thursday. Please advise.,2025-12-16T06:53:00+00:00,InsightChat,Customer Support,Chat,Chennai,Enterprise,2,closed
FB-10029,CU-3704,"Hello team, I am angry that the ticket was closed without a resolution. A workaround exists but it is not acceptable long term. Please advise.",2026-03-10T10:42:00+00:00,InsightChat,Customer Support,Internal,Mumbai,Partner,1,in_progress
FB-10030,CU-7211,Quick update: Where can I find the data retention policy? This is impacting customers in Dubai. Thanks.,2026-02-22T06:29:00+00:00,InsightSecure,Product,Social Media,Singapore,Consumer,3,open
FB-10031,CU-3068,"For the record, Delivery was extremely late and customer support did not respond. The issue started last Thursday.",2026-07-03T00:39:00+00:00,InsightMobile,Operations,Internal,London,Enterprise,1,in_progress
FB-10032,CU-4249,"Hello team, The courier missed the delivery window three times in Mumbai. I am following up because there was no response. Please advise.",2026-07-26T09:36:00+00:00,InsightChat,Operations,Mobile App,Jaipur,Internal,1,resolved
FB-10033,CU-7882,"To be clear, Authentication failures are blocking our entire sales team. I am following up because there was no response. Looking forward to a fix.",2026-04-09T20:21:00+00:00,InsightPay,HR,Internal,Surat,Consumer,1,closed
FB-10034,CU-8136,"For the record, Chat support was knowledgeable and patient. We have seen this twice already. Sharing this from the field.",2026-06-25T17:49:00+00:00,InsightPortal,Customer Support,Social Media,Hyderabad,SMB,5,resolved
FB-10035,CU-5581,Mobile users report they cannot complete signup on InsightCRM. The team mentioned InsightChat in the weekly review. Looking forward to a fix.,2026-01-24T11:51:00+00:00,InsightAnalytics,Product,Social Media,Kolkata,Enterprise,2,in_progress
FB-10036,CU-7625,Quick update: Response time from customer support is getting worse every week. A workaround exists but it is not acceptable long term. Logged by the duty manager.,2026-06-21T00:05:00+00:00,InsightAnalytics,Customer Support,Call Center,Bangalore,Internal,2,in_progress
FB-10037,CU-2958,"For the record, Sales team prepared a thoughtful demo for our executives. A workaround exists but it is not acceptable long term. Looking forward to a fix.",2026-01-29T03:46:00+00:00,InsightCRM,Product,Email,Delhi,SMB,5,resolved
FB-10038,CU-5786,"Hi, Search is too slow to be usable during business hours. The issue started last Thursday. Thanks.",2026-04-16T04:17:00+00:00,InsightPay,Customer Support,Email,London,Consumer,2,open
FB-10039,CU-3444,Authentication failures are blocking our entire sales team. The team mentioned InsightSecure in the weekly review. Please advise.,2026-03-13T15:04:00+00:00,InsightPay,Operations,Social Media,Surat,SMB,1,open
FB-10040,CU-4404,Quick update: Where can I find the data retention policy? A workaround exists but it is not acceptable long term. Please advise.,2026-04-25T19:03:00+00:00,InsightCloud,HR,Call Center,Bangalore,Internal,3,open
FB-10041,CU-8438,"For the record, Call center agents read from a script and did not understand the issue. This happened after the latest update. Sharing this from the field.",2026-01-29T09:45:00+00:00,InsightAnalytics,Finance,Mobile App,London,SMB,1,closed
FB-10042,CU-3037,"Hello team, Consider adding a weekly digest for managers. Please treat this as high priority. Please advise.",2026-01-12T09:38:00+00:00,InsightAnalytics,Engineering,Internal,New York,Startup,3,resolved
FB-10043,CU-5415,"For the record, Average experience so far, we are still evaluating InsightPortal. Please treat this as high priority. Please advise.",2025-12-24T07:43:00+00:00,InsightPay,HR,Website,Singapore,SMB,3,in_progress
FB-10044,CU-3634,Quick update: We are happy with the reliability of InsightAnalytics this quarter. I am following up because there was no response.,2026-02-24T10:42:00+00:00,InsightCloud,HR,Survey,Pune,Internal,5,in_progress
FB-10045,CU-4073,"Hi, Documentation update saved our engineering team hours. Please treat this as high priority.",2026-05-18T17:29:00+00:00,InsightChat,Customer Support,Survey,Jaipur,Consumer,5,resolved
FB-10046,CU-1224,"For the record, We may add twenty more seats if the trial goes well. We have seen this twice already. Looking forward to a fix.",2026-05-05T07:45:00+00:00,InsightMobile,Product,Chat,Surat,SMB,3,closed
FB-10047,CU-3369,"Hi, Feature request: webhook retries with exponential backoff. We have seen this twice already. Sharing this from the field.",2026-07-02T15:30:00+00:00,InsightCRM,Engineering,Chat,Delhi,Partner,3,in_progress
FB-10048,CU-3434,"To be clear, Is there a sandbox for InsightPay chargebacks? This is impacting customers in Singapore. Please advise.",2026-02-15T18:37:00+00:00,InsightPortal,HR,Internal,Kolkata,Consumer,3,open
FB-10049,CU-7246,"Hello team, Sales team prepared a thoughtful demo for our executives. I attached screenshots in the original ticket. Sharing this from the field.",2025-12-12T10:47:00+00:00,InsightPortal,Customer Support,Chat,London,Internal,5,closed
FB-10050,CU-3529,"Loved the new InsightMobile dashboard, it is clean and fast. I am following up because there was no response. Looking forward to a fix.",2025-12-04T23:09:00+00:00,InsightChat,HR,Mobile App,Chennai,Startup,4,open
FB-10051,CU-2480,"For the record, The interface redesign is intuitive and reduced training time. I attached screenshots in the original ticket. Logged by the duty manager.",2026-05-08T02:15:00+00:00,InsightAnalytics,Customer Support,Chat,Surat,Internal,5,resolved
FB-10052,CU-3950,We cannot login to InsightAnalytics since the last update. This happened after the latest update. Please advise.,2026-01-07T07:33:00+00:00,InsightChat,Engineering,Email,Mumbai,Enterprise,2,resolved
FB-10053,CU-9955,Quick update: The interface redesign is intuitive and reduced training time. I am following up because there was no response. Logged by the duty manager.,2026-05-20T00:57:00+00:00,InsightPortal,Product,Email,Surat,Consumer,5,closed
FB-10054,CU-5847,"Hi, Sharing an FYI that finance will review invoices tomorrow. Our enterprise account is affected. Thanks.",2026-01-30T12:36:00+00:00,InsightSecure,Sales,Social Media,Ahmedabad,Internal,3,in_progress
FB-10055,CU-2591,"Hi, The InsightPortal checkout failed and I was still charged. Our enterprise account is affected. Thanks.",2026-02-03T21:48:00+00:00,InsightMobile,Finance,Website,Bangalore,Consumer,2,open
FB-10056,CU-8894,"Hello team, Package for InsightCloud arrived damaged in Bangalore. I attached screenshots in the original ticket. Thanks.",2026-04-08T08:53:00+00:00,InsightMobile,Customer Support,Social Media,New York,Startup,2,resolved
FB-10057,CU-5295,"To be clear, Customer support resolved our incident in twenty minutes. The issue started last Thursday. Please advise.",2026-02-06T17:07:00+00:00,InsightPortal,Customer Support,Chat,Dubai,Internal,4,closed
FB-10058,CU-3290,"Hello team, Response time from customer support is getting worse every week. I am following up because there was no response. Logged by the duty manager.",2026-07-21T22:19:00+00:00,InsightChat,Customer Support,Website,Ahmedabad,Startup,2,closed
FB-10059,CU-2622,"For the record, Response time from customer support is getting worse every week. The team mentioned InsightSecure in the weekly review. Logged by the duty manager.",2026-06-09T23:09:00+00:00,InsightChat,Customer Support,Internal,Jaipur,Consumer,2,closed
FB-10060,CU-5520,"Hi, The latest release introduced a severe performance regression. The team mentioned InsightCRM in the weekly review.",2026-07-19T20:22:00+00:00,InsightPay,Engineering,Call Center,Surat,Consumer,2,open
FB-10061,CU-3417,"To be clear, Duplicate invoices were sent to finance after renewal. I attached screenshots in the original ticket. Thanks.",2026-04-30T06:52:00+00:00,InsightCRM,Customer Support,Website,Bangalore,SMB,1,closed
FB-10062,CU-7897,"Hi, InsightSecure audit logs are exactly what compliance needed. This happened after the latest update. Thanks.",2026-01-14T08:03:00+00:00,InsightMobile,Finance,Mobile App,New York,Enterprise,5,in_progress
FB-10063,CU-7580,"Average experience so far, we are still evaluating InsightCloud. A workaround exists but it is not acceptable long term. Logged by the duty manager.",2026-03-28T20:01:00+00:00,InsightPay,Engineering,Chat,London,Enterprise,4,in_progress
FB-10064,CU-9692,"Hello team, Please confirm whether SSO is enabled for partner accounts. I am following up because there was no response. Please advise.",2026-04-20T22:20:00+00:00,InsightChat,Sales,Social Media,Chennai,Partner,4,resolved
FB-10065,CU-5176,"Hi, Support never called back after I reported a critical outage. The team mentioned InsightCRM in the weekly review. Looking forward to a fix.",2025-12-25T10:27:00+00:00,InsightSecure,Customer Support,Survey,Mumbai,Internal,2,closed
FB-10066,CU-6793,"Hello team, I am frustrated that the InsightCloud app crashes during payment. Please treat this as high priority. Sharing this from the field.",2026-04-23T10:42:00+00:00,InsightCloud,Engineering,Chat,Dubai,Internal,2,open
FB-10067,CU-5564,"For the record, Authentication failures are blocking our entire sales team. I am following up because there was no response. Looking forward to a fix.",2026-07-05T17:23:00+00:00,InsightCloud,HR,Call Center,Singapore,Consumer,2,resolved
FB-10068,CU-7566,"Hi, Is there a sandbox for InsightPay chargebacks? Our enterprise account is affected. Logged by the duty manager.",2025-12-02T05:55:00+00:00,InsightMobile,Sales,Mobile App,Mumbai,Internal,3,resolved
FB-10069,CU-3549,"Hello team, Price increase was communicated poorly and feels unjustified. This is impacting customers in Hyderabad. Please advise.",2026-06-17T18:38:00+00:00,InsightCloud,Customer Support,Email,Singapore,Partner,2,open
FB-10070,CU-6053,"Hi, Mobile users report they cannot complete signup on InsightChat. I am following up because there was no response. Thanks.",2026-03-21T03:18:00+00:00,InsightPortal,Sales,Website,Delhi,Consumer,2,closed
FB-10071,CU-4770,"Hi, Billing error created an unauthorized charge on our card. We have seen this twice already.",2026-03-21T05:08:00+00:00,InsightChat,Sales,Survey,Surat,Consumer,2,resolved
FB-10072,CU-8538,Quick update: Delivery was extremely late and customer support did not respond. I attached screenshots in the original ticket. Logged by the duty manager.,2025-12-30T12:01:00+00:00,InsightSecure,Operations,Survey,Surat,Consumer,2,resolved
FB-10073,CU-9355,"Hi, Search is too slow to be usable during business hours. Please treat this as high priority. Logged by the duty manager.",2026-06-18T05:04:00+00:00,InsightCloud,Sales,Call Center,Singapore,Startup,2,open
FB-10074,CU-8354,"Hello team, Consider adding a weekly digest for managers. Please treat this as high priority. Thanks.",2025-12-20T05:49:00+00:00,InsightPortal,Engineering,Survey,Dubai,Internal,3,open
FB-10075,CU-5703,I am delighted with the quality of the latest InsightPortal release. Our enterprise account is affected. Please advise.,2026-03-29T14:02:00+00:00,InsightPay,Product,Mobile App,London,Enterprise,5,resolved
FB-10076,CU-2381,"To be clear, I am delighted with the quality of the latest InsightPay release. I am following up because there was no response. Looking forward to a fix.",2026-03-26T03:51:00+00:00,InsightSecure,Finance,Email,Ahmedabad,SMB,5,resolved
FB-10077,CU-6401,"Quick update: Average experience so far, we are still evaluating InsightMobile. I attached screenshots in the original ticket. Please advise.",2026-06-21T20:41:00+00:00,InsightSecure,Customer Support,Mobile App,Kolkata,Internal,4,in_progress
FB-10078,CU-7171,"Hi, Duplicate invoices were sent to finance after renewal. Please treat this as high priority. Logged by the duty manager.",2026-01-03T19:45:00+00:00,InsightCloud,Product,Survey,Dubai,SMB,2,resolved
FB-10079,CU-3538,"Hi, Need access for two additional analysts this week. This is impacting customers in Ahmedabad. Please advise.",2026-07-31T15:12:00+00:00,InsightCRM,Operations,Mobile App,Bangalore,Enterprise,3,in_progress
FB-10080,CU-8170,Quick update: Appreciate the proactive outage communication. I attached screenshots in the original ticket. Thanks.,2026-06-16T19:51:00+00:00,InsightMobile,Customer Support,Website,Pune,Startup,4,resolved
FB-10081,CU-5616,"Hello team, Mobile users report they cannot complete signup on InsightAnalytics. The team mentioned InsightCRM in the weekly review. Please advise.",2026-05-23T18:28:00+00:00,InsightPortal,HR,Chat,Kolkata,Partner,2,in_progress
FB-10082,CU-2374,Quick update: Billing error created an unauthorized charge on our card. Our enterprise account is affected. Please advise.,2026-07-05T16:54:00+00:00,InsightCloud,Product,Email,Bangalore,Consumer,2,closed
FB-10083,CU-1461,Quick update: Documentation is outdated and caused a production misconfiguration. The team mentioned InsightSecure in the weekly review.,2026-01-30T12:05:00+00:00,InsightSecure,Operations,Survey,Surat,Internal,2,resolved
FB-10084,CU-3449,"For the record, How do I export department analytics for last quarter? The team mentioned InsightMobile in the weekly review. Looking forward to a fix.",2026-07-20T02:01:00+00:00,InsightAnalytics,Operations,Chat,Surat,Startup,4,open
FB-10085,CU-3352,Response time from customer support is getting worse every week. I am following up because there was no response. Looking forward to a fix.,2026-05-11T16:36:00+00:00,InsightCRM,Customer Support,Social Media,Pune,Enterprise,1,resolved
FB-10086,CU-7338,"To be clear, Documentation is outdated and caused a production misconfiguration. Please treat this as high priority. Sharing this from the field.",2025-12-06T12:55:00+00:00,InsightPortal,Customer Support,Survey,Bangalore,Internal,2,open
FB-10087,CU-3986,Can you schedule a training session for the operations team? Please treat this as high priority. Please advise.,2026-01-14T21:29:00+00:00,InsightPortal,Finance,Email,Surat,Internal,3,resolved
FB-10088,CU-6848,"Hi, Payment reconciliation finally works without manual edits. The issue started last Thursday. Sharing this from the field.",2026-02-03T01:48:00+00:00,InsightCRM,Product,Website,Dubai,Internal,5,open
FB-10089,CU-7955,"Hello team, The latest release introduced a severe performance regression. The team mentioned InsightChat in the weekly review. Looking forward to a fix.",2026-07-25T16:17:00+00:00,InsightCloud,Finance,Mobile App,Pune,Partner,2,closed
FB-10090,CU-8325,"Hi, Authentication failures are blocking our entire sales team. Please treat this as high priority. Please advise.",2026-03-20T05:44:00+00:00,InsightPortal,Product,Website,New York,Startup,2,resolved
FB-10091,CU-3068,"For the record, The interface redesign is intuitive and reduced training time. This is impacting customers in Kolkata. Logged by the duty manager.",2026-07-06T19:43:00+00:00,InsightPortal,Customer Support,Mobile App,Delhi,Internal,4,open
FB-10092,CU-5566,"Hi, Refund was issued quickly and with a clear explanation. We have seen this twice already. Looking forward to a fix.",2026-04-15T11:25:00+00:00,InsightSecure,Finance,Call Center,Surat,Enterprise,4,resolved
FB-10093,CU-3828,"To be clear, Documentation update saved our engineering team hours. Our enterprise account is affected. Please advise.",2026-01-01T04:54:00+00:00,InsightCloud,Engineering,Internal,Surat,Internal,5,closed
FB-10094,CU-4292,"Hello team, Consider adding a weekly digest for managers. Please treat this as high priority. Logged by the duty manager.",2026-01-14T11:32:00+00:00,InsightCRM,Customer Support,Email,Delhi,Consumer,4,open
FB-10095,CU-7708,Great improvement in mobile performance this month. A workaround exists but it is not acceptable long term.,2026-06-03T15:33:00+00:00,InsightChat,HR,Mobile App,Mumbai,Startup,5,resolved
FB-10096,CU-6286,"Hello team, The interface redesign is intuitive and reduced training time. A workaround exists but it is not acceptable long term. Looking forward to a fix.",2026-04-12T04:19:00+00:00,InsightMobile,Operations,Call Center,Hyderabad,Partner,5,closed
FB-10097,CU-6531,"For the record, Sharing an FYI that finance will review invoices tomorrow. A workaround exists but it is not acceptable long term. Please advise.",2026-04-08T20:10:00+00:00,InsightMobile,Operations,Website,Dubai,Enterprise,4,open
FB-10098,CU-7653,"For the record, The current plan is acceptable but we will compare alternatives. The issue started last Thursday.",2026-02-13T20:19:00+00:00,InsightPortal,Operations,Social Media,Chennai,Enterprise,4,resolved
FB-10099,CU-7070,"Hello team, Documentation is outdated and caused a production misconfiguration. The issue started last Thursday. Please advise.",2026-07-09T11:25:00+00:00,InsightMobile,HR,Mobile App,Hyderabad,SMB,2,in_progress
FB-10100,CU-3610,"To be clear, Response time from customer support is getting worse every week. This happened after the latest update. Looking forward to a fix.",2026-07-28T18:46:00+00:00,InsightSecure,Customer Support,Internal,Kolkata,Consumer,2,in_progress
FB-10101,CU-9793,"Hello team, Delivery was extremely late and customer support did not respond. A workaround exists but it is not acceptable long term. Sharing this from the field.",2026-02-11T15:38:00+00:00,InsightPortal,Operations,Website,Dubai,Enterprise,1,in_progress
FB-10102,CU-9261,Quick update: Need access for two additional analysts this week. This is impacting customers in Ahmedabad.,2026-03-03T17:18:00+00:00,InsightCloud,Engineering,Internal,Singapore,Partner,4,open
FB-10103,CU-1637,"Hi, Consider adding a weekly digest for managers. Please treat this as high priority. Sharing this from the field.",2026-05-04T16:25:00+00:00,InsightPay,Customer Support,Email,New York,Startup,3,resolved
FB-10104,CU-5911,Quick update: Delivery to Hyderabad was earlier than the estimated date. I am following up because there was no response. Sharing this from the field.,2026-02-25T16:53:00+00:00,InsightPortal,Operations,Internal,Dubai,Enterprise,5,open
FB-10105,CU-7229,"For the record, Documentation update saved our engineering team hours. This happened after the latest update. Sharing this from the field.",2025-12-14T18:30:00+00:00,InsightMobile,Sales,Email,Dubai,Internal,5,open
FB-10106,CU-2020,Quick update: Appreciate the proactive outage communication. This happened after the latest update. Thanks.,2026-03-16T16:49:00+00:00,InsightPortal,HR,Email,Kolkata,SMB,5,in_progress
FB-10107,CU-8932,"Hi, Feature request: webhook retries with exponential backoff. We have seen this twice already. Sharing this from the field.",2026-05-24T20:51:00+00:00,InsightAnalytics,Sales,Call Center,Delhi,Startup,4,in_progress
FB-10108,CU-6654,Quick update: Authentication failures are blocking our entire sales team. The issue started last Thursday. Please advise.,2026-02-12T03:36:00+00:00,InsightChat,Engineering,Email,Bangalore,Enterprise,2,open
FB-10109,CU-1831,"Hello team, Great improvement in mobile performance this month. Our enterprise account is affected. Sharing this from the field.",2026-02-08T04:06:00+00:00,InsightCRM,Operations,Call Center,London,SMB,5,open
FB-10110,CU-5676,"Hello team, Appreciate the proactive outage communication. We have seen this twice already. Looking forward to a fix.",2026-05-16T06:48:00+00:00,InsightAnalytics,Product,Website,Singapore,Enterprise,5,resolved
FB-10111,CU-2758,Quick update: The InsightMobile checkout failed and I was still charged. We have seen this twice already. Looking forward to a fix.,2026-07-13T01:00:00+00:00,InsightAnalytics,Sales,Survey,Bangalore,Consumer,2,closed
FB-10112,CU-6523,"Hello team, I am delighted with the quality of the latest InsightMobile release. A workaround exists but it is not acceptable long term.",2026-03-28T20:16:00+00:00,InsightMobile,Customer Support,Social Media,Jaipur,Internal,5,resolved
FB-10113,CU-4858,"For the record, I am angry that the ticket was closed without a resolution. I attached screenshots in the original ticket.",2026-02-21T07:00:00+00:00,InsightAnalytics,Customer Support,Internal,Singapore,Startup,2,closed
FB-10114,CU-2923,"For the record, Search is too slow to be usable during business hours. I attached screenshots in the original ticket.",2026-03-14T21:32:00+00:00,InsightAnalytics,Customer Support,Social Media,Hyderabad,Partner,1,open
FB-10115,CU-2341,"For the record, Feature request: webhook retries with exponential backoff. I am following up because there was no response. Sharing this from the field.",2026-06-30T06:48:00+00:00,InsightCRM,Finance,Internal,Kolkata,Internal,4,open
FB-10116,CU-9008,"To be clear, Please confirm whether SSO is enabled for partner accounts. A workaround exists but it is not acceptable long term. Thanks.",2026-03-24T03:43:00+00:00,InsightCRM,Finance,Mobile App,Kolkata,Consumer,3,resolved
FB-10117,CU-4570,Quick update: Sales team prepared a thoughtful demo for our executives. I am following up because there was no response. Logged by the duty manager.,2026-03-12T08:52:00+00:00,InsightPay,Finance,Mobile App,Ahmedabad,Consumer,5,open
FB-10118,CU-7184,"Hello team, The InsightCloud checkout failed and I was still charged. This happened after the latest update. Thanks.",2026-08-04T13:23:00+00:00,InsightChat,Engineering,Chat,Surat,Internal,2,closed
FB-10119,CU-7214,"Hello team, How do I export department analytics for last quarter? We have seen this twice already. Logged by the duty manager.",2026-08-08T09:29:00+00:00,InsightChat,Sales,Call Center,Delhi,Consumer,3,open
FB-10120,CU-1724,"Hello team, Support never called back after I reported a critical outage. This is impacting customers in Delhi.",2026-03-25T19:43:00+00:00,InsightPay,Customer Support,Chat,Chennai,SMB,1,in_progress
FB-10121,CU-5944,"For the record, The current plan is acceptable but we will compare alternatives. A workaround exists but it is not acceptable long term. Sharing this from the field.",2026-06-16T21:52:00+00:00,InsightSecure,Operations,Email,London,Partner,4,open
FB-10122,CU-5913,"Hi, The InsightMobile checkout failed and I was still charged. This is impacting customers in Ahmedabad. Logged by the duty manager.",2026-02-20T22:26:00+00:00,InsightChat,Operations,Chat,Mumbai,Partner,2,in_progress
FB-10123,CU-2295,Quick update: Sharing an FYI that finance will review invoices tomorrow. The team mentioned InsightPay in the weekly review. Looking forward to a fix.,2026-03-10T07:16:00+00:00,InsightCRM,Product,Internal,Dubai,Startup,4,open
FB-10124,CU-6455,We may add twenty more seats if the trial goes well. This is impacting customers in Dubai. Thanks.,2026-04-23T06:30:00+00:00,InsightCRM,HR,Social Media,Ahmedabad,SMB,4,closed
FB-10125,CU-5285,"Hello team, Please confirm whether SSO is enabled for partner accounts. I am following up because there was no response. Sharing this from the field.",2026-03-30T17:41:00+00:00,InsightSecure,Product,Survey,Kolkata,Consumer,3,in_progress
FB-10126,CU-7841,"Hi, Need access for two additional analysts this week. I attached screenshots in the original ticket. Looking forward to a fix.",2026-06-08T04:01:00+00:00,InsightAnalytics,Customer Support,Social Media,Mumbai,SMB,4,open
FB-10127,CU-3293,Quick update: Response time from customer support is getting worse every week. I attached screenshots in the original ticket. Logged by the duty manager.,2026-03-28T05:46:00+00:00,InsightSecure,Customer Support,Internal,Mumbai,Partner,2,closed
FB-10128,CU-9285,"Average experience so far, we are still evaluating InsightPay. Please treat this as high priority. Looking forward to a fix.",2025-12-18T22:09:00+00:00,InsightPay,Operations,Internal,Hyderabad,Enterprise,4,resolved
FB-10129,CU-9228,"To be clear, Refund was issued quickly and with a clear explanation. The team mentioned InsightPay in the weekly review. Sharing this from the field.",2026-04-15T23:17:00+00:00,InsightAnalytics,Customer Support,Chat,Singapore,SMB,5,open
FB-10130,CU-4700,"Hi, Package for InsightCRM arrived damaged in Delhi. I am following up because there was no response. Please advise.",2026-08-03T12:29:00+00:00,InsightCRM,Finance,Social Media,London,Enterprise,2,resolved
FB-10131,CU-8109,"To be clear, The current plan is acceptable but we will compare alternatives. This is impacting customers in Pune. Looking forward to a fix.",2026-05-29T05:05:00+00:00,InsightPortal,HR,Survey,Jaipur,Enterprise,4,closed
FB-10132,CU-6152,We may add twenty more seats if the trial goes well. I am following up because there was no response.,2026-04-24T21:02:00+00:00,InsightMobile,HR,Website,Delhi,Partner,3,open
FB-10133,CU-2284,"Hello team, Is there a sandbox for InsightPay chargebacks? Our enterprise account is affected. Sharing this from the field.",2026-02-23T12:48:00+00:00,InsightMobile,HR,Survey,Ahmedabad,Enterprise,4,in_progress
FB-10134,CU-7227,"Hi, Can you schedule a training session for the operations team? I attached screenshots in the original ticket. Looking forward to a fix.",2026-04-21T12:27:00+00:00,InsightMobile,Customer Support,Mobile App,Singapore,Partner,3,open
FB-10135,CU-8286,"For the record, I am frustrated that the InsightCloud app crashes during payment. We have seen this twice already. Thanks.",2026-03-03T03:05:00+00:00,InsightPay,Engineering,Survey,Singapore,Startup,2,open
FB-10136,CU-7311,Documentation is outdated and caused a production misconfiguration. A workaround exists but it is not acceptable long term.,2026-05-02T19:50:00+00:00,InsightSecure,HR,Website,Bangalore,Consumer,1,in_progress
FB-10137,CU-8121,Quick update: Call center agents read from a script and did not understand the issue. A workaround exists but it is not acceptable long term. Thanks.,2026-02-07T15:09:00+00:00,InsightCloud,Operations,Social Media,Pune,Startup,2,in_progress
FB-10138,CU-6484,The courier missed the delivery window three times in New York. The team mentioned InsightCRM in the weekly review. Thanks.,2026-02-24T19:24:00+00:00,InsightSecure,Operations,Chat,Dubai,Internal,2,closed
FB-10139,CU-7161,"Hi, Refund for a failed InsightCRM payment is still pending. I attached screenshots in the original ticket. Please advise.",2026-04-05T18:50:00+00:00,InsightCRM,Customer Support,Social Media,Dubai,Consumer,2,open
FB-10140,CU-9180,Quick update: We may add twenty more seats if the trial goes well. A workaround exists but it is not acceptable long term. Logged by the duty manager.,2026-07-01T22:04:00+00:00,InsightChat,Finance,Email,London,Startup,3,open
FB-10141,CU-6890,"To be clear, Appreciate the proactive outage communication. This is impacting customers in Chennai. Looking forward to a fix.",2026-04-09T22:26:00+00:00,InsightPay,HR,Mobile App,Surat,SMB,5,resolved
FB-10142,CU-7129,Quick update: Duplicate invoices were sent to finance after renewal. This is impacting customers in Singapore.,2026-01-26T16:47:00+00:00,InsightCRM,Engineering,Chat,Chennai,Internal,2,in_progress
FB-10143,CU-8912,Great improvement in mobile performance this month. Please treat this as high priority.,2026-02-18T10:29:00+00:00,InsightCRM,Sales,Survey,Chennai,Enterprise,5,in_progress
FB-10144,CU-3623,"Hi, Great improvement in mobile performance this month. This happened after the latest update. Logged by the duty manager.",2026-07-27T23:15:00+00:00,InsightMobile,Sales,Survey,Kolkata,Consumer,4,closed
FB-10145,CU-5560,"For the record, I am angry that the ticket was closed without a resolution. This is impacting customers in Ahmedabad. Sharing this from the field.",2026-03-20T12:00:00+00:00,InsightCRM,Customer Support,Mobile App,Jaipur,Enterprise,2,resolved
FB-10146,CU-2871,"For the record, Great improvement in mobile performance this month. The team mentioned InsightCloud in the weekly review. Looking forward to a fix.",2026-05-02T12:39:00+00:00,InsightChat,Sales,Survey,Hyderabad,Consumer,5,resolved
FB-10147,CU-7364,"Hello team, Need access for two additional analysts this week. I am following up because there was no response. Please advise.",2025-12-30T05:23:00+00:00,InsightMobile,Sales,Chat,Jaipur,SMB,3,in_progress
FB-10148,CU-4196,"Hello team, I am delighted with the quality of the latest InsightMobile release. We have seen this twice already. Thanks.",2025-12-14T11:00:00+00:00,InsightPortal,Operations,Chat,Kolkata,Partner,5,resolved
FB-10149,CU-8492,I am delighted with the quality of the latest InsightChat release. The team mentioned InsightPortal in the weekly review. Sharing this from the field.,2025-12-09T08:14:00+00:00,InsightAnalytics,Operations,Internal,Kolkata,Partner,4,open
FB-10150,CU-5305,"Hello team, Call center agents read from a script and did not understand the issue. This happened after the latest update. Looking forward to a fix.",2026-06-11T07:19:00+00:00,InsightPay,Engineering,Survey,Dubai,Enterprise,2,in_progress
FB-10151,CU-4390,"For the record, The current plan is acceptable but we will compare alternatives. I am following up because there was no response. Sharing this from the field.",2026-05-07T04:50:00+00:00,InsightCRM,HR,Website,Jaipur,Startup,3,in_progress
FB-10152,CU-3078,"Hi, Delivery to New York was earlier than the estimated date. Our enterprise account is affected. Sharing this from the field.",2026-08-04T13:58:00+00:00,InsightPay,Operations,Email,Delhi,SMB,5,resolved
FB-10153,CU-7046,Quick update: The current plan is acceptable but we will compare alternatives. We have seen this twice already. Looking forward to a fix.,2026-06-22T02:25:00+00:00,InsightAnalytics,Finance,Internal,Chennai,Startup,3,in_progress
FB-10154,CU-5646,Is there a sandbox for InsightPay chargebacks? The team mentioned InsightSecure in the weekly review. Sharing this from the field.,2026-06-30T06:31:00+00:00,InsightAnalytics,Product,Survey,Kolkata,Partner,3,open
FB-10155,CU-3161,"For the record, The current plan is acceptable but we will compare alternatives. This happened after the latest update. Looking forward to a fix.",2026-03-23T14:00:00+00:00,InsightChat,Operations,Social Media,Mumbai,Startup,3,open
FB-10156,CU-4496,"For the record, I am frustrated that the InsightSecure app crashes during payment. We have seen this twice already. Please advise.",2026-03-20T20:05:00+00:00,InsightCloud,Engineering,Internal,Surat,SMB,1,in_progress
FB-10157,CU-6133,Quick update: I am delighted with the quality of the latest InsightPay release. I attached screenshots in the original ticket. Logged by the duty manager.,2026-01-28T12:05:00+00:00,InsightCloud,Customer Support,Survey,Bangalore,SMB,4,in_progress
FB-10158,CU-3480,"To be clear, Is there a sandbox for InsightPay chargebacks? We have seen this twice already.",2026-03-23T11:46:00+00:00,InsightCRM,Finance,Chat,Jaipur,Internal,4,in_progress
FB-10159,CU-1439,Quick update: Support never called back after I reported a critical outage. Please treat this as high priority. Please advise.,2026-05-15T02:15:00+00:00,InsightAnalytics,Customer Support,Social Media,Delhi,Partner,2,resolved
FB-10160,CU-6185,Quick update: I am angry that the ticket was closed without a resolution. This happened after the latest update.,2026-05-02T02:33:00+00:00,InsightPay,Customer Support,Email,Pune,Partner,2,in_progress
FB-10161,CU-5693,Delivery to Singapore was earlier than the estimated date. Please treat this as high priority.,2026-07-25T01:50:00+00:00,InsightChat,Operations,Chat,Pune,Internal,5,in_progress
FB-10162,CU-8167,"To be clear, Sales team prepared a thoughtful demo for our executives. Please treat this as high priority. Thanks.",2026-03-11T18:40:00+00:00,InsightCloud,Product,Call Center,Ahmedabad,SMB,4,open
FB-10163,CU-7092,"For the record, I am delighted with the quality of the latest InsightPay release. We have seen this twice already. Thanks.",2026-04-07T11:33:00+00:00,InsightAnalytics,Operations,Email,New York,Startup,5,resolved
FB-10164,CU-9185,Delivery was extremely late and customer support did not respond. This is impacting customers in Kolkata. Please advise.,2025-12-20T15:29:00+00:00,InsightSecure,Operations,Email,Hyderabad,SMB,2,open
FB-10165,CU-7870,Search is too slow to be usable during business hours. A workaround exists but it is not acceptable long term. Thanks.,2026-03-09T04:11:00+00:00,InsightPay,Sales,Call Center,Hyderabad,SMB,2,in_progress
FB-10166,CU-5625,"For the record, Sharing an FYI that finance will review invoices tomorrow. I attached screenshots in the original ticket.",2025-12-12T12:04:00+00:00,InsightPortal,Customer Support,Social Media,Hyderabad,Enterprise,3,in_progress
FB-10167,CU-1104,"Hi, Billing error created an unauthorized charge on our card. Our enterprise account is affected. Sharing this from the field.",2026-07-19T17:48:00+00:00,InsightCRM,Operations,Chat,Ahmedabad,SMB,2,in_progress
FB-10168,CU-3332,"For the record, Appreciate the proactive outage communication. This happened after the latest update. Logged by the duty manager.",2026-04-15T07:26:00+00:00,InsightPortal,Customer Support,Social Media,Surat,Enterprise,5,closed
FB-10169,CU-3141,"Average experience so far, we are still evaluating InsightChat. I attached screenshots in the original ticket. Sharing this from the field.",2026-05-13T12:04:00+00:00,InsightPay,Customer Support,Call Center,Bangalore,Startup,4,resolved
FB-10170,CU-6145,It would help to have saved filters on the explorer table. The team mentioned InsightAnalytics in the weekly review. Thanks.,2026-01-09T03:10:00+00:00,InsightPortal,Engineering,Chat,Surat,Partner,4,open
FB-10171,CU-2494,"Hello team, Feature request: webhook retries with exponential backoff. Our enterprise account is affected. Logged by the duty manager.",2026-05-04T01:13:00+00:00,InsightSecure,Operations,Call Center,Hyderabad,Consumer,4,in_progress
FB-10172,CU-4641,"For the record, Payment reconciliation finally works without manual edits. This is impacting customers in Kolkata. Sharing this from the field.",2025-12-27T04:07:00+00:00,InsightPay,Customer Support,Email,Delhi,Consumer,4,open
FB-10173,CU-1699,The interface redesign is intuitive and reduced training time. I am following up because there was no response.,2026-03-24T04:05:00+00:00,InsightSecure,Customer Support,Internal,Ahmedabad,SMB,4,closed
FB-10174,CU-5026,Quick update: Appreciate the proactive outage communication. This happened after the latest update. Thanks.,2026-02-09T08:28:00+00:00,InsightMobile,Customer Support,Social Media,Chennai,Consumer,5,closed
FB-10175,CU-9921,"For the record, Customer support resolved our incident in twenty minutes. We have seen this twice already. Sharing this from the field.",2026-06-22T00:24:00+00:00,InsightSecure,Customer Support,Internal,Hyderabad,Partner,4,in_progress
FB-10176,CU-5060,"Hi, Delivery to Hyderabad was earlier than the estimated date. I am following up because there was no response.",2026-06-15T18:14:00+00:00,InsightMobile,Operations,Call Center,Bangalore,Partner,5,resolved
FB-10177,CU-1462,"Hello team, The InsightCRM rollout is scheduled for next Monday in Jaipur. This is impacting customers in Dubai. Thanks.",2026-06-25T23:44:00+00:00,InsightSecure,Sales,Survey,Jaipur,Partner,4,open
FB-10178,CU-6435,Is there a sandbox for InsightPay chargebacks? Our enterprise account is affected.,2026-01-26T00:33:00+00:00,InsightPortal,Customer Support,Call Center,Singapore,SMB,3,open
FB-10179,CU-5944,Refund for a failed InsightPay payment is still pending. We have seen this twice already. Sharing this from the field.,2026-05-30T21:25:00+00:00,InsightCloud,Product,Survey,Mumbai,SMB,2,resolved
FB-10180,CU-6026,"To be clear, The interface redesign is intuitive and reduced training time. I attached screenshots in the original ticket. Logged by the duty manager.",2026-05-20T18:52:00+00:00,InsightMobile,Customer Support,Social Media,Mumbai,SMB,5,resolved
FB-10181,CU-6425,"To be clear, Where can I find the data retention policy? I am following up because there was no response. Please advise.",2026-04-24T03:59:00+00:00,InsightPortal,Operations,Mobile App,Delhi,Startup,3,closed
FB-10182,CU-7323,"Hello team, I am frustrated that the InsightSecure app crashes during payment. This happened after the latest update. Logged by the duty manager.",2026-06-20T03:46:00+00:00,InsightPay,Engineering,Internal,New York,Consumer,2,closed
FB-10183,CU-1328,Quick update: Feature request: webhook retries with exponential backoff. A workaround exists but it is not acceptable long term. Sharing this from the field.,2026-01-11T14:04:00+00:00,InsightPay,Product,Survey,Bangalore,Enterprise,4,open
FB-10184,CU-1877,"To be clear, I am angry that the ticket was closed without a resolution. Please treat this as high priority. Sharing this from the field.",2026-03-21T20:10:00+00:00,InsightChat,Customer Support,Mobile App,Hyderabad,SMB,1,closed
FB-10185,CU-1062,Sales team prepared a thoughtful demo for our executives. Our enterprise account is affected.,2026-07-04T15:09:00+00:00,InsightPay,Product,Chat,Surat,Startup,5,resolved
FB-10186,CU-5341,"For the record, I am delighted with the quality of the latest InsightCRM release. This happened after the latest update. Please advise.",2026-02-17T12:30:00+00:00,InsightPortal,Finance,Mobile App,London,Partner,4,in_progress
FB-10187,CU-6632,Quick update: I am angry that the ticket was closed without a resolution. The team mentioned InsightPay in the weekly review. Looking forward to a fix.,2026-04-24T01:09:00+00:00,InsightCloud,Customer Support,Chat,Singapore,Partner,2,open
FB-10188,CU-8357,"Hi, I am angry that the ticket was closed without a resolution. The team mentioned InsightCRM in the weekly review.",2026-04-08T18:57:00+00:00,InsightMobile,Customer Support,Email,Mumbai,SMB,1,resolved
FB-10189,CU-7358,"For the record, Documentation is outdated and caused a production misconfiguration. This is impacting customers in Dubai. Thanks.",2026-07-22T23:58:00+00:00,InsightCloud,Customer Support,Chat,Kolkata,Startup,2,resolved
FB-10190,CU-2654,Quick update: We are happy with the reliability of InsightPay this quarter. I am following up because there was no response. Thanks.,2026-04-29T03:59:00+00:00,InsightCloud,Sales,Social Media,Dubai,Partner,4,closed
FB-10191,CU-7484,"Hello team, Sharing an FYI that finance will review invoices tomorrow. The team mentioned InsightPortal in the weekly review. Please advise.",2026-05-05T21:44:00+00:00,InsightChat,Customer Support,Survey,New York,SMB,3,open
FB-10192,CU-8259,"Hi, Payment reconciliation finally works without manual edits. I attached screenshots in the original ticket. Looking forward to a fix.",2026-08-06T07:08:00+00:00,InsightAnalytics,Customer Support,Survey,Bangalore,Internal,5,in_progress
FB-10193,CU-9589,"To be clear, The onboarding specialist made InsightPortal easy to adopt. This is impacting customers in Singapore. Please advise.",2025-12-17T09:45:00+00:00,InsightChat,Operations,Website,Mumbai,SMB,4,resolved
FB-10194,CU-1500,"For the record, The InsightCRM checkout failed and I was still charged. The team mentioned InsightPay in the weekly review. Thanks.",2026-04-09T12:40:00+00:00,InsightCloud,Finance,Call Center,Hyderabad,Consumer,2,in_progress
FB-10195,CU-4626,"For the record, Security alert fired after suspicious admin logins. We have seen this twice already.",2025-12-13T05:54:00+00:00,InsightCRM,Engineering,Call Center,London,SMB,2,open
FB-10196,CU-7168,"Loved the new InsightPay dashboard, it is clean and fast. We have seen this twice already. Thanks.",2026-06-01T22:41:00+00:00,InsightAnalytics,Engineering,Survey,Chennai,Startup,5,open
FB-10197,CU-2045,"For the record, Price increase was communicated poorly and feels unjustified. Please treat this as high priority. Please advise.",2026-05-05T09:19:00+00:00,InsightCloud,Engineering,Survey,Bangalore,Internal,2,open
FB-10198,CU-5250,"To be clear, Authentication failures are blocking our entire sales team. A workaround exists but it is not acceptable long term. Looking forward to a fix.",2026-01-05T23:01:00+00:00,InsightPortal,Product,Chat,Pune,Consumer,2,resolved
FB-10199,CU-8713,"Hi, Refund was issued quickly and with a clear explanation. The issue started last Thursday. Sharing this from the field.",2026-07-13T17:11:00+00:00,InsightAnalytics,Customer Support,Email,New York,Startup,5,resolved
FB-10200,CU-5817,"Hi, We are happy with the reliability of InsightMobile this quarter. I attached screenshots in the original ticket. Thanks.",2026-06-20T10:23:00+00:00,InsightAnalytics,Customer Support,Internal,Dubai,Enterprise,5,in_progress
FB-10201,CU-7704,"For the record, Where can I find the data retention policy? The issue started last Thursday. Looking forward to a fix.",2025-12-14T04:08:00+00:00,InsightCRM,Product,Internal,Mumbai,Startup,3,resolved
FB-10202,CU-2442,I am frustrated that the InsightPortal app crashes during payment. We have seen this twice already.,2026-06-13T05:36:00+00:00,InsightMobile,Engineering,Email,Jaipur,Consumer,1,resolved
FB-10203,CU-6641,"Hi, I am delighted with the quality of the latest InsightChat release. This happened after the latest update.",2025-12-05T21:00:00+00:00,InsightCRM,Operations,Social Media,Mumbai,Enterprise,5,in_progress
FB-10204,CU-9031,Quick update: Delivery to Dubai was earlier than the estimated date. This happened after the latest update. Logged by the duty manager.,2026-02-25T13:56:00+00:00,InsightMobile,Operations,Survey,Singapore,SMB,5,open
FB-10205,CU-1612,"Hello team, The current plan is acceptable but we will compare alternatives. The issue started last Thursday. Thanks.",2026-04-09T05:07:00+00:00,InsightSecure,Finance,Chat,London,Startup,3,resolved
FB-10206,CU-3508,"For the record, Refund was issued quickly and with a clear explanation. Please treat this as high priority.",2026-01-01T17:16:00+00:00,InsightPortal,Finance,Call Center,New York,Internal,5,resolved
FB-10207,CU-4254,Support never called back after I reported a critical outage. I am following up because there was no response. Sharing this from the field.,2026-02-11T03:50:00+00:00,InsightCloud,Customer Support,Call Center,Singapore,Startup,1,resolved
FB-10208,CU-9095,Quick update: Can you schedule a training session for the operations team? We have seen this twice already. Thanks.,2026-01-30T00:00:00+00:00,InsightCloud,Customer Support,Email,Surat,Partner,3,open
FB-10209,CU-6123,"Hi, Noting that the internal survey was completed by HR. The issue started last Thursday. Looking forward to a fix.",2026-07-12T01:54:00+00:00,InsightAnalytics,Product,Chat,New York,Enterprise,3,open
FB-10210,CU-2865,"Hi, The InsightPay rollout is scheduled for next Monday in Dubai. We have seen this twice already. Looking forward to a fix.",2025-12-24T11:52:00+00:00,InsightSecure,Operations,Chat,Pune,Consumer,3,open
FB-10211,CU-8178,"Hello team, Chat support was knowledgeable and patient. This is impacting customers in Surat. Logged by the duty manager.",2025-12-27T13:58:00+00:00,InsightPortal,Customer Support,Email,Jaipur,Consumer,5,resolved
FB-10212,CU-6542,Quick update: Chat support was knowledgeable and patient. The team mentioned InsightCloud in the weekly review.,2026-02-19T00:45:00+00:00,InsightCRM,Customer Support,Mobile App,Pune,Internal,4,resolved
FB-10213,CU-4946,"For the record, The interface redesign is intuitive and reduced training time. A workaround exists but it is not acceptable long term. Thanks.",2026-07-11T05:04:00+00:00,InsightPortal,Product,Survey,Bangalore,Enterprise,5,in_progress
FB-10214,CU-1291,Quick update: Documentation update saved our engineering team hours. The issue started last Thursday. Sharing this from the field.,2026-03-25T10:07:00+00:00,InsightPortal,Finance,Mobile App,Pune,Consumer,5,open
FB-10215,CU-4652,"To be clear, Chat support was knowledgeable and patient. I am following up because there was no response. Thanks.",2026-08-01T10:23:00+00:00,InsightPay,Customer Support,Internal,Hyderabad,Partner,5,resolved
FB-10216,CU-9552,"For the record, Appreciate the proactive outage communication. The team mentioned InsightCloud in the weekly review. Thanks.",2026-07-01T20:51:00+00:00,InsightAnalytics,Sales,Survey,New York,Enterprise,4,open
FB-10217,CU-3018,Package for InsightChat arrived damaged in Surat. Our enterprise account is affected. Looking forward to a fix.,2026-06-02T10:06:00+00:00,InsightChat,Customer Support,Internal,Chennai,Internal,1,in_progress
FB-10218,CU-7347,"To be clear, I am delighted with the quality of the latest InsightPay release. This happened after the latest update. Looking forward to a fix.",2026-04-28T05:46:00+00:00,InsightMobile,Customer Support,Survey,Kolkata,Consumer,5,in_progress
FB-10219,CU-9975,Quick update: Appreciate the proactive outage communication. This is impacting customers in Bangalore. Thanks.,2026-05-29T23:32:00+00:00,InsightAnalytics,HR,Survey,New York,Internal,4,closed
FB-10220,CU-2890,"Hello team, The onboarding specialist made InsightCRM easy to adopt. Our enterprise account is affected. Logged by the duty manager.",2026-04-18T22:40:00+00:00,InsightSecure,Finance,Survey,Kolkata,Consumer,5,in_progress
FB-10221,CU-5374,Quick update: Need access for two additional analysts this week. A workaround exists but it is not acceptable long term.,2026-03-08T04:03:00+00:00,InsightPay,Operations,Email,Bangalore,Internal,3,open
FB-10222,CU-9370,Quick update: Need access for two additional analysts this week. A workaround exists but it is not acceptable long term.,2026-04-23T07:47:00+00:00,InsightChat,Operations,Social Media,New York,Internal,4,open
FB-10223,CU-9955,"Hi, Documentation update saved our engineering team hours. This happened after the latest update. Thanks.",2026-07-22T20:45:00+00:00,InsightSecure,HR,Call Center,Singapore,Internal,5,closed
FB-10224,CU-6415,We cannot login to InsightCloud since the last update. We have seen this twice already. Looking forward to a fix.,2026-01-03T05:37:00+00:00,InsightAnalytics,Engineering,Internal,New York,SMB,2,open
FB-10225,CU-2117,"To be clear, Where can I find the data retention policy? I am following up because there was no response. Sharing this from the field.",2026-02-20T16:14:00+00:00,InsightMobile,Sales,Email,Pune,Partner,3,in_progress
FB-10226,CU-6668,"Hi, Response time from customer support is getting worse every week. I attached screenshots in the original ticket. Thanks.",2026-04-23T20:00:00+00:00,InsightCloud,Customer Support,Internal,Delhi,Internal,2,resolved
FB-10227,CU-1718,"To be clear, Loved the new InsightSecure dashboard, it is clean and fast. Please treat this as high priority. Logged by the duty manager.",2026-06-29T11:32:00+00:00,InsightPortal,Engineering,Social Media,London,SMB,5,open
FB-10228,CU-9810,Support never called back after I reported a critical outage. A workaround exists but it is not acceptable long term. Thanks.,2026-07-10T21:27:00+00:00,InsightCloud,Customer Support,Chat,London,Enterprise,1,resolved
FB-10229,CU-7357,"Hello team, Mobile users report they cannot complete signup on InsightSecure. Please treat this as high priority. Please advise.",2026-06-29T07:58:00+00:00,InsightAnalytics,Engineering,Internal,London,Consumer,2,in_progress
FB-10230,CU-5937,"For the record, Support never called back after I reported a critical outage. I am following up because there was no response. Sharing this from the field.",2026-03-02T16:06:00+00:00,InsightAnalytics,Customer Support,Mobile App,Bangalore,Consumer,1,in_progress
FB-10231,CU-3316,"For the record, The InsightPortal rollout is scheduled for next Monday in Mumbai. A workaround exists but it is not acceptable long term. Looking forward to a fix.",2026-01-06T09:43:00+00:00,InsightSecure,Customer Support,Mobile App,Ahmedabad,Enterprise,3,in_progress
FB-10232,CU-2877,Quick update: Sales team prepared a thoughtful demo for our executives. The issue started last Thursday. Logged by the duty manager.,2026-01-17T07:39:00+00:00,InsightAnalytics,Operations,Email,London,Partner,5,resolved
FB-10233,CU-3100,"For the record, Noting that the internal survey was completed by HR. A workaround exists but it is not acceptable long term.",2026-06-04T18:31:00+00:00,InsightSecure,Product,Call Center,Surat,Startup,3,resolved
FB-10234,CU-6131,"To be clear, Can you schedule a training session for the operations team? I attached screenshots in the original ticket. Thanks.",2026-06-25T10:27:00+00:00,InsightMobile,Customer Support,Call Center,Singapore,SMB,4,resolved
FB-10235,CU-5597,Quick update: Payment reconciliation finally works without manual edits. I attached screenshots in the original ticket. Please advise.,2025-12-28T05:41:00+00:00,InsightCloud,Customer Support,Email,Kolkata,SMB,5,open
FB-10236,CU-9842,"To be clear, Please confirm whether SSO is enabled for partner accounts. A workaround exists but it is not acceptable long term. Sharing this from the field.",2026-07-21T01:35:00+00:00,InsightAnalytics,Sales,Internal,London,SMB,4,open
FB-10237,CU-9423,"Hi, Search is too slow to be usable during business hours. The team mentioned InsightCloud in the weekly review. Sharing this from the field.",2026-07-06T19:43:00+00:00,InsightMobile,HR,Email,Chennai,SMB,1,open
FB-10238,CU-6918,"Hello team, Consider adding a weekly digest for managers. The team mentioned InsightSecure in the weekly review. Looking forward to a fix.",2026-03-05T07:02:00+00:00,InsightCRM,Sales,Chat,Chennai,Consumer,3,closed
FB-10239,CU-2275,"For the record, Refund for a failed InsightCloud payment is still pending. A workaround exists but it is not acceptable long term. Please advise.",2026-01-14T12:41:00+00:00,InsightChat,Product,Social Media,Pune,SMB,2,in_progress
FB-10240,CU-4062,"Hello team, The latest release introduced a severe performance regression. The team mentioned InsightPay in the weekly review. Looking forward to a fix.",2026-04-11T20:17:00+00:00,InsightCRM,Operations,Email,Hyderabad,Partner,1,resolved
FB-10241,CU-4992,"For the record, Response time from customer support is getting worse every week. I attached screenshots in the original ticket. Looking forward to a fix.",2026-01-11T20:53:00+00:00,InsightChat,Customer Support,Website,Mumbai,Partner,2,in_progress
FB-10242,CU-5644,"Hi, Price increase was communicated poorly and feels unjustified. We have seen this twice already. Thanks.",2026-08-06T18:40:00+00:00,InsightPay,Finance,Mobile App,Delhi,Consumer,2,resolved
FB-10243,CU-2127,"To be clear, I am delighted with the quality of the latest InsightMobile release. This is impacting customers in Singapore. Thanks.",2026-02-06T05:46:00+00:00,InsightSecure,Engineering,Call Center,Pune,Consumer,5,open
FB-10244,CU-3135,Quick update: Price increase was communicated poorly and feels unjustified. We have seen this twice already. Sharing this from the field.,2026-04-08T03:05:00+00:00,InsightPortal,Finance,Website,Singapore,Internal,2,resolved
FB-10245,CU-3193,Quick update: Great improvement in mobile performance this month. A workaround exists but it is not acceptable long term. Looking forward to a fix.,2026-07-21T22:36:00+00:00,InsightCloud,Engineering,Social Media,Chennai,SMB,5,closed
FB-10246,CU-6175,"For the record, Duplicate invoices were sent to finance after renewal. The issue started last Thursday.",2026-04-13T00:24:00+00:00,InsightCRM,Finance,Chat,Hyderabad,Enterprise,1,open
FB-10247,CU-7065,"Hi, Payment reconciliation finally works without manual edits. A workaround exists but it is not acceptable long term. Sharing this from the field.",2026-06-12T06:26:00+00:00,InsightPortal,Operations,Internal,Bangalore,Startup,5,in_progress
FB-10248,CU-7375,"For the record, It would help to have saved filters on the explorer table. Please treat this as high priority. Thanks.",2026-03-13T10:51:00+00:00,InsightPay,Operations,Website,Singapore,Enterprise,3,resolved
FB-10249,CU-1941,"Hi, Refund was issued quickly and with a clear explanation. Please treat this as high priority.",2026-03-09T12:39:00+00:00,InsightAnalytics,Finance,Email,London,Consumer,5,in_progress
FB-10250,CU-7544,"Hello team, Price increase was communicated poorly and feels unjustified. This happened after the latest update. Logged by the duty manager.",2026-05-17T00:10:00+00:00,InsightCloud,Product,Survey,London,Consumer,1,in_progress
FB-10251,CU-1076,"To be clear, Delivery was extremely late and customer support did not respond. A workaround exists but it is not acceptable long term. Sharing this from the field.",2026-01-27T19:12:00+00:00,InsightPortal,Operations,Social Media,Mumbai,Consumer,2,in_progress
FB-10252,CU-6565,"To be clear, Sales team prepared a thoughtful demo for our executives. Please treat this as high priority. Please advise.",2026-04-24T15:49:00+00:00,InsightCRM,HR,Internal,London,Consumer,5,closed
FB-10253,CU-5314,"Hello team, Feature request: webhook retries with exponential backoff. Please treat this as high priority. Logged by the duty manager.",2026-03-16T11:33:00+00:00,InsightPay,Finance,Call Center,Bangalore,Enterprise,3,in_progress
FB-10254,CU-4271,"Hi, Can you schedule a training session for the operations team? We have seen this twice already. Thanks.",2026-07-31T23:43:00+00:00,InsightCRM,Engineering,Call Center,New York,SMB,3,resolved
FB-10255,CU-8901,Billing error created an unauthorized charge on our card. I am following up because there was no response.,2026-04-06T19:00:00+00:00,InsightPay,HR,Survey,Jaipur,Startup,2,in_progress
FB-10256,CU-6689,"Hello team, Noting that the internal survey was completed by HR. We have seen this twice already. Sharing this from the field.",2026-06-23T13:30:00+00:00,InsightPay,Sales,Chat,Dubai,Internal,3,resolved
FB-10257,CU-9987,"Hello team, Customer support resolved our incident in twenty minutes. This happened after the latest update. Looking forward to a fix.",2026-03-03T19:55:00+00:00,InsightAnalytics,Customer Support,Social Media,Delhi,Startup,5,in_progress
FB-10258,CU-4744,"For the record, Great improvement in mobile performance this month. This is impacting customers in Pune. Please advise.",2026-03-26T05:36:00+00:00,InsightMobile,Sales,Mobile App,New York,Startup,5,resolved
FB-10259,CU-8972,Chat support was knowledgeable and patient. We have seen this twice already. Thanks.,2026-07-17T20:33:00+00:00,InsightSecure,Customer Support,Social Media,Bangalore,Partner,5,resolved
FB-10260,CU-1324,"For the record, Support never called back after I reported a critical outage. The issue started last Thursday.",2026-02-05T11:23:00+00:00,InsightAnalytics,Customer Support,Chat,Surat,Startup,2,resolved
FB-10261,CU-3373,"For the record, We may add twenty more seats if the trial goes well. Our enterprise account is affected. Sharing this from the field.",2026-07-16T02:24:00+00:00,InsightAnalytics,Engineering,Email,London,Startup,4,in_progress
FB-10262,CU-8289,"Hi, Documentation update saved our engineering team hours. We have seen this twice already. Please advise.",2026-02-07T19:41:00+00:00,InsightChat,Product,Survey,New York,Partner,5,in_progress
FB-10263,CU-2687,"Hello team, Delivery to Dubai was earlier than the estimated date. This happened after the latest update. Logged by the duty manager.",2026-06-10T02:13:00+00:00,InsightMobile,Operations,Mobile App,Surat,Consumer,5,in_progress
FB-10264,CU-9630,"For the record, I am angry that the ticket was closed without a resolution. Our enterprise account is affected. Looking forward to a fix.",2026-06-07T09:28:00+00:00,InsightMobile,Customer Support,Email,Ahmedabad,Enterprise,1,resolved
FB-10265,CU-9745,Quick update: Can you schedule a training session for the operations team? A workaround exists but it is not acceptable long term. Thanks.,2026-05-01T19:29:00+00:00,InsightChat,Sales,Social Media,Hyderabad,Consumer,4,in_progress
FB-10266,CU-9059,"Hi, Feature request: webhook retries with exponential backoff. This is impacting customers in Mumbai.",2026-02-27T09:30:00+00:00,InsightPay,Finance,Internal,Bangalore,Enterprise,4,resolved
FB-10267,CU-7199,Quick update: Where can I find the data retention policy? This happened after the latest update. Sharing this from the field.,2026-01-11T22:47:00+00:00,InsightChat,HR,Call Center,Bangalore,Enterprise,3,in_progress
FB-10268,CU-9060,"Hello team, Duplicate invoices were sent to finance after renewal. A workaround exists but it is not acceptable long term.",2025-12-29T20:29:00+00:00,InsightPortal,Product,Call Center,Hyderabad,Enterprise,2,open
FB-10269,CU-6601,"For the record, The InsightMobile rollout is scheduled for next Monday in Surat. Our enterprise account is affected. Looking forward to a fix.",2025-12-24T04:00:00+00:00,InsightPortal,Operations,Chat,Bangalore,Consumer,3,closed
FB-10270,CU-7251,"Hi, InsightSecure audit logs are exactly what compliance needed. Please treat this as high priority. Looking forward to a fix.",2026-01-16T06:57:00+00:00,InsightAnalytics,HR,Website,Surat,Internal,4,open
FB-10271,CU-3598,"For the record, Feature request: webhook retries with exponential backoff. This happened after the latest update.",2026-04-01T12:43:00+00:00,InsightAnalytics,Product,Website,New York,Partner,4,in_progress
FB-10272,CU-4982,"Hello team, Authentication failures are blocking our entire sales team. This happened after the latest update. Logged by the duty manager.",2026-01-12T08:37:00+00:00,InsightCloud,Engineering,Website,Ahmedabad,Partner,1,resolved
FB-10273,CU-3521,Quick update: Refund was issued quickly and with a clear explanation. Please treat this as high priority.,2026-07-27T20:03:00+00:00,InsightPay,Product,Mobile App,Mumbai,Consumer,5,open
FB-10274,CU-5828,"For the record, The current plan is acceptable but we will compare alternatives. The team mentioned InsightCRM in the weekly review. Looking forward to a fix.",2026-02-03T01:31:00+00:00,InsightPortal,Sales,Internal,Delhi,Partner,4,open
FB-10275,CU-9289,"To be clear, Mobile users report they cannot complete signup on InsightAnalytics. I am following up because there was no response. Thanks.",2026-04-18T11:29:00+00:00,InsightPay,HR,Chat,New York,SMB,2,closed
FB-10276,CU-6276,"To be clear, Great improvement in mobile performance this month. Please treat this as high priority. Logged by the duty manager.",2026-05-06T09:20:00+00:00,InsightChat,Finance,Mobile App,Surat,Partner,5,resolved
FB-10277,CU-5193,Quick update: Package for InsightMobile arrived damaged in Dubai. This happened after the latest update. Thanks.,2026-05-14T12:42:00+00:00,InsightPortal,Sales,Website,Hyderabad,SMB,2,resolved
FB-10278,CU-1955,"For the record, Billing error created an unauthorized charge on our card. Please treat this as high priority.",2026-07-29T13:52:00+00:00,InsightSecure,HR,Social Media,Kolkata,Enterprise,2,resolved
FB-10279,CU-7802,"Hello team, Please confirm whether SSO is enabled for partner accounts. Please treat this as high priority. Sharing this from the field.",2026-04-14T21:15:00+00:00,InsightMobile,Sales,Mobile App,Singapore,Internal,3,in_progress
FB-10280,CU-6319,Quick update: Appreciate the proactive outage communication. We have seen this twice already. Sharing this from the field.,2026-04-16T19:28:00+00:00,InsightSecure,Product,Survey,Pune,Internal,5,in_progress
FB-10281,CU-1267,"To be clear, Where can I find the data retention policy? A workaround exists but it is not acceptable long term. Logged by the duty manager.",2026-03-25T12:00:00+00:00,InsightPay,Product,Email,Bangalore,Enterprise,3,open
FB-10282,CU-5198,Refund for a failed InsightPay payment is still pending. Our enterprise account is affected. Looking forward to a fix.,2026-02-06T11:56:00+00:00,InsightCRM,Operations,Social Media,Surat,Partner,1,in_progress
FB-10283,CU-7251,Quick update: Need access for two additional analysts this week. I attached screenshots in the original ticket. Logged by the duty manager.,2026-05-02T20:19:00+00:00,InsightPay,Customer Support,Mobile App,Singapore,Enterprise,4,closed
FB-10284,CU-9846,"For the record, Documentation is outdated and caused a production misconfiguration. Please treat this as high priority. Sharing this from the field.",2026-03-08T01:19:00+00:00,InsightPay,Product,Email,Hyderabad,Partner,2,resolved
FB-10285,CU-7540,Quick update: I am angry that the ticket was closed without a resolution. I am following up because there was no response. Please advise.,2026-02-25T02:30:00+00:00,InsightPay,Customer Support,Social Media,Surat,Consumer,1,in_progress
FB-10286,CU-2173,Quick update: How do I export department analytics for last quarter? A workaround exists but it is not acceptable long term. Logged by the duty manager.,2026-05-07T23:33:00+00:00,InsightCRM,Operations,Social Media,Singapore,Consumer,3,open
FB-10287,CU-6729,"Hi, Please confirm whether SSO is enabled for partner accounts. This is impacting customers in Hyderabad. Thanks.",2026-05-17T00:49:00+00:00,InsightAnalytics,Operations,Internal,Jaipur,SMB,3,in_progress
FB-10288,CU-5713,"For the record, We may add twenty more seats if the trial goes well. I attached screenshots in the original ticket.",2026-02-01T19:59:00+00:00,InsightMobile,Customer Support,Website,Hyderabad,Internal,4,resolved
FB-10289,CU-9631,"To be clear, Security alert fired after suspicious admin logins. The issue started last Thursday. Sharing this from the field.",2026-05-09T23:09:00+00:00,InsightPay,Engineering,Website,Bangalore,SMB,2,open
FB-10290,CU-7332,Quick update: Duplicate invoices were sent to finance after renewal. The team mentioned InsightPay in the weekly review. Logged by the duty manager.,2026-03-03T03:01:00+00:00,InsightAnalytics,HR,Call Center,Pune,Partner,2,closed
FB-10291,CU-9027,"Hello team, Refund for a failed InsightPortal payment is still pending. I am following up because there was no response. Sharing this from the field.",2025-12-06T01:15:00+00:00,InsightAnalytics,Product,Chat,New York,SMB,2,open
FB-10292,CU-6599,Great improvement in mobile performance this month. A workaround exists but it is not acceptable long term. Logged by the duty manager.,2026-07-30T17:17:00+00:00,InsightCRM,Operations,Chat,London,SMB,5,open
FB-10293,CU-9869,"Hi, The interface redesign is intuitive and reduced training time. The issue started last Thursday. Sharing this from the field.",2026-01-03T06:41:00+00:00,InsightMobile,Sales,Call Center,Dubai,SMB,5,open
FB-10294,CU-1483,Sales team prepared a thoughtful demo for our executives. We have seen this twice already. Sharing this from the field.,2026-01-17T10:53:00+00:00,InsightMobile,Finance,Survey,Pune,Consumer,5,open
FB-10295,CU-4804,"Hello team, Is there a sandbox for InsightPay chargebacks? The issue started last Thursday.",2026-05-05T18:39:00+00:00,InsightCRM,Sales,Call Center,London,Enterprise,4,open
FB-10296,CU-1528,"For the record, I am delighted with the quality of the latest InsightMobile release. I am following up because there was no response. Please advise.",2026-04-01T04:10:00+00:00,InsightCRM,Operations,Chat,Singapore,Enterprise,4,closed
FB-10297,CU-7633,Quick update: We may add twenty more seats if the trial goes well. The issue started last Thursday. Sharing this from the field.,2026-07-10T14:56:00+00:00,InsightCRM,Engineering,Website,Jaipur,Internal,4,resolved
FB-10298,CU-1807,It would help to have saved filters on the explorer table. Please treat this as high priority. Thanks.,2026-06-07T01:35:00+00:00,InsightChat,Sales,Call Center,Bangalore,Consumer,4,in_progress
FB-10299,CU-9202,Authentication failures are blocking our entire sales team. This is impacting customers in Jaipur. Logged by the duty manager.,2026-07-01T20:28:00+00:00,InsightCloud,Finance,Mobile App,Mumbai,Partner,2,closed
FB-10300,CU-3686,"Hello team, Delivery to Pune was earlier than the estimated date. I attached screenshots in the original ticket. Looking forward to a fix.",2026-07-14T14:05:00+00:00,InsightAnalytics,Operations,Mobile App,Surat,Enterprise,5,resolved
FB-10301,CU-3369,"To be clear, Customer support resolved our incident in twenty minutes. A workaround exists but it is not acceptable long term. Looking forward to a fix.",2026-04-24T21:55:00+00:00,InsightMobile,Customer Support,Email,Singapore,Internal,4,open
FB-10302,CU-1094,"Hello team, Mobile users report they cannot complete signup on InsightAnalytics. We have seen this twice already.",2026-03-28T15:54:00+00:00,InsightPortal,Sales,Internal,Delhi,SMB,1,in_progress
FB-10303,CU-1902,"To be clear, Documentation update saved our engineering team hours. I am following up because there was no response. Please advise.",2026-06-28T06:03:00+00:00,InsightMobile,Operations,Survey,Ahmedabad,SMB,5,resolved
FB-10304,CU-6901,Quick update: Chat support was knowledgeable and patient. Please treat this as high priority. Thanks.,2026-05-06T21:44:00+00:00,InsightMobile,Customer Support,Website,Surat,Startup,4,open
FB-10305,CU-4425,Quick update: Is there a sandbox for InsightPay chargebacks? This is impacting customers in Bangalore. Thanks.,2026-02-23T16:26:00+00:00,InsightCRM,Finance,Website,Surat,Partner,4,resolved
FB-10306,CU-9132,"To be clear, Customer support resolved our incident in twenty minutes. I am following up because there was no response. Please advise.",2026-05-09T11:59:00+00:00,InsightMobile,Customer Support,Internal,Chennai,SMB,5,closed
FB-10307,CU-4478,"For the record, Authentication failures are blocking our entire sales team. Please treat this as high priority.",2026-03-17T13:02:00+00:00,InsightSecure,Product,Website,London,SMB,2,resolved
FB-10308,CU-3877,I am frustrated that the InsightAnalytics app crashes during payment. A workaround exists but it is not acceptable long term.,2026-03-12T23:36:00+00:00,InsightPay,Engineering,Call Center,Hyderabad,Startup,2,closed
FB-10309,CU-9537,"For the record, I am delighted with the quality of the latest InsightPay release. We have seen this twice already. Looking forward to a fix.",2026-06-19T13:59:00+00:00,InsightPay,HR,Social Media,Jaipur,Internal,5,resolved
FB-10310,CU-7382,"Hello team, Loved the new InsightCRM dashboard, it is clean and fast. I attached screenshots in the original ticket. Please advise.",2026-05-10T17:53:00+00:00,InsightMobile,Customer Support,Email,Jaipur,Enterprise,4,resolved
FB-10311,CU-2838,Need access for two additional analysts this week. This happened after the latest update. Looking forward to a fix.,2026-07-01T09:13:00+00:00,InsightAnalytics,Operations,Survey,Singapore,Enterprise,3,resolved
FB-10312,CU-9456,"Hi, Feature request: webhook retries with exponential backoff. The team mentioned InsightMobile in the weekly review. Looking forward to a fix.",2026-06-17T10:09:00+00:00,InsightCloud,HR,Email,Delhi,Internal,4,open
FB-10313,CU-6114,"To be clear, Chat support was knowledgeable and patient. Our enterprise account is affected.",2025-12-27T16:49:00+00:00,InsightAnalytics,Customer Support,Call Center,Hyderabad,SMB,5,open
FB-10314,CU-6739,"Hello team, Refund for a failed InsightPortal payment is still pending. Please treat this as high priority. Please advise.",2026-04-23T16:06:00+00:00,InsightCRM,Sales,Survey,Bangalore,SMB,2,closed
FB-10315,CU-7284,"Hi, Where can I find the data retention policy? Please treat this as high priority. Sharing this from the field.",2025-12-08T15:57:00+00:00,InsightPay,Customer Support,Website,Surat,Consumer,3,in_progress
FB-10316,CU-8672,"Hello team, We are happy with the reliability of InsightPortal this quarter. I attached screenshots in the original ticket. Logged by the duty manager.",2026-08-07T14:36:00+00:00,InsightMobile,Customer Support,Mobile App,Chennai,Startup,5,resolved
FB-10317,CU-8987,"To be clear, I am delighted with the quality of the latest InsightPortal release. The issue started last Thursday. Please advise.",2026-05-29T21:21:00+00:00,InsightSecure,Engineering,Website,Surat,Consumer,5,open
FB-10318,CU-8552,Chat support was knowledgeable and patient. I attached screenshots in the original ticket. Looking forward to a fix.,2026-04-22T20:04:00+00:00,InsightAnalytics,Customer Support,Chat,Jaipur,Consumer,5,open
FB-10319,CU-2276,"For the record, We cannot login to InsightPortal since the last update. Please treat this as high priority. Sharing this from the field.",2026-06-20T10:34:00+00:00,InsightCRM,Engineering,Internal,Surat,Partner,2,in_progress
FB-10320,CU-4565,"To be clear, Support never called back after I reported a critical outage. Our enterprise account is affected.",2026-02-22T15:41:00+00:00,InsightPay,Customer Support,Email,Jaipur,Internal,2,resolved
FB-10321,CU-6640,"To be clear, Consider adding a weekly digest for managers. A workaround exists but it is not acceptable long term. Sharing this from the field.",2026-05-24T10:19:00+00:00,InsightAnalytics,Engineering,Mobile App,Jaipur,Enterprise,3,resolved
FB-10322,CU-1510,"To be clear, Chat support was knowledgeable and patient. Our enterprise account is affected.",2026-06-29T11:07:00+00:00,InsightAnalytics,Customer Support,Call Center,Pune,Internal,4,in_progress
FB-10323,CU-7835,"Hello team, Appreciate the proactive outage communication. This is impacting customers in Kolkata. Logged by the duty manager.",2026-01-18T17:24:00+00:00,InsightSecure,HR,Email,Bangalore,Internal,4,open
FB-10324,CU-3945,Delivery was extremely late and customer support did not respond. The team mentioned InsightChat in the weekly review. Thanks.,2026-07-17T22:38:00+00:00,InsightChat,Operations,Internal,Kolkata,Consumer,2,in_progress
FB-10325,CU-1620,Quick update: Great improvement in mobile performance this month. This is impacting customers in Jaipur. Logged by the duty manager.,2026-02-07T13:59:00+00:00,InsightSecure,Customer Support,Internal,New York,Startup,4,open
FB-10326,CU-9834,"To be clear, Appreciate the proactive outage communication. A workaround exists but it is not acceptable long term.",2026-02-01T15:40:00+00:00,InsightCloud,Finance,Social Media,Jaipur,Enterprise,5,closed
FB-10327,CU-5267,"For the record, Loved the new InsightPortal dashboard, it is clean and fast. A workaround exists but it is not acceptable long term. Please advise.",2026-02-13T05:02:00+00:00,InsightAnalytics,Finance,Website,London,Consumer,5,in_progress
FB-10328,CU-5603,Quick update: The interface redesign is intuitive and reduced training time. I am following up because there was no response.,2026-07-06T08:16:00+00:00,InsightMobile,Sales,Social Media,Dubai,Startup,4,open
FB-10329,CU-2382,"Hello team, We cannot login to InsightMobile since the last update. The team mentioned InsightSecure in the weekly review. Please advise.",2026-01-16T16:55:00+00:00,InsightPay,Engineering,Email,Jaipur,SMB,2,resolved
FB-10330,CU-7533,"To be clear, It would help to have saved filters on the explorer table. The team mentioned InsightMobile in the weekly review. Logged by the duty manager.",2026-02-06T03:03:00+00:00,InsightMobile,Engineering,Internal,Bangalore,Consumer,3,resolved
FB-10331,CU-1672,"Hello team, Average experience so far, we are still evaluating InsightCRM. This is impacting customers in Bangalore. Sharing this from the field.",2026-07-26T14:24:00+00:00,InsightSecure,Sales,Mobile App,Kolkata,Internal,3,open
FB-10332,CU-4193,Where can I find the data retention policy? Our enterprise account is affected. Please advise.,2026-03-29T21:47:00+00:00,InsightCRM,Finance,Survey,London,Internal,4,closed
FB-10333,CU-4163,Delivery was extremely late and customer support did not respond. Please treat this as high priority. Sharing this from the field.,2026-02-28T07:46:00+00:00,InsightAnalytics,Operations,Website,Ahmedabad,Partner,2,open
FB-10334,CU-4018,"To be clear, Consider adding a weekly digest for managers. Please treat this as high priority. Thanks.",2026-04-24T05:57:00+00:00,InsightCloud,Finance,Social Media,Bangalore,Consumer,4,resolved
FB-10335,CU-5336,"Hello team, Mobile users report they cannot complete signup on InsightAnalytics. This is impacting customers in Bangalore.",2026-03-10T10:03:00+00:00,InsightAnalytics,HR,Email,Chennai,Enterprise,2,in_progress
FB-10336,CU-1571,"To be clear, Where can I find the data retention policy? The team mentioned InsightCloud in the weekly review. Looking forward to a fix.",2025-12-28T14:45:00+00:00,InsightAnalytics,Customer Support,Mobile App,Surat,Partner,4,resolved
FB-10337,CU-9039,Quick update: The InsightPortal rollout is scheduled for next Monday in Mumbai. This happened after the latest update. Please advise.,2026-07-20T12:36:00+00:00,InsightPay,Sales,Internal,Pune,Consumer,4,resolved
FB-10338,CU-1904,"For the record, The current plan is acceptable but we will compare alternatives. The issue started last Thursday. Looking forward to a fix.",2026-07-28T11:21:00+00:00,InsightAnalytics,Engineering,Mobile App,Hyderabad,Partner,4,resolved
FB-10339,CU-6886,Mobile users report they cannot complete signup on InsightAnalytics. The issue started last Thursday. Looking forward to a fix.,2026-05-28T12:57:00+00:00,InsightCloud,Finance,Internal,Surat,Internal,2,in_progress
FB-10340,CU-1606,Quick update: The InsightCRM checkout failed and I was still charged. I am following up because there was no response.,2026-04-07T17:53:00+00:00,InsightPortal,Customer Support,Survey,Ahmedabad,Startup,2,resolved
FB-10341,CU-1312,"To be clear, Support never called back after I reported a critical outage. A workaround exists but it is not acceptable long term. Thanks.",2026-07-25T02:02:00+00:00,InsightMobile,Customer Support,Internal,Jaipur,Enterprise,1,open
FB-10342,CU-4613,"Loved the new InsightMobile dashboard, it is clean and fast. This happened after the latest update. Looking forward to a fix.",2025-12-17T03:07:00+00:00,InsightPortal,Sales,Mobile App,Singapore,SMB,5,in_progress
FB-10343,CU-7801,"Hello team, Need access for two additional analysts this week. Please treat this as high priority.",2025-12-17T03:17:00+00:00,InsightMobile,HR,Email,New York,Startup,3,in_progress
FB-10344,CU-5648,"Hello team, We are happy with the reliability of InsightPay this quarter. Please treat this as high priority.",2025-12-02T05:59:00+00:00,InsightCloud,Finance,Chat,New York,Consumer,5,resolved
FB-10345,CU-7861,"For the record, The courier missed the delivery window three times in Pune. The issue started last Thursday.",2026-04-07T19:05:00+00:00,InsightAnalytics,Operations,Website,Kolkata,SMB,2,open
FB-10346,CU-8772,"For the record, Please confirm whether SSO is enabled for partner accounts. A workaround exists but it is not acceptable long term. Logged by the duty manager.",2026-01-19T03:50:00+00:00,InsightMobile,Finance,Internal,Mumbai,SMB,3,resolved
FB-10347,CU-1476,"To be clear, The latest release introduced a severe performance regression. This is impacting customers in Hyderabad. Looking forward to a fix.",2025-12-14T17:11:00+00:00,InsightMobile,HR,Internal,Kolkata,Enterprise,2,open
FB-10348,CU-4615,Mobile users report they cannot complete signup on InsightSecure. The issue started last Thursday. Please advise.,2026-06-07T13:55:00+00:00,InsightCRM,Engineering,Mobile App,Chennai,Partner,1,in_progress
FB-10349,CU-3084,"Hi, How do I export department analytics for last quarter? The team mentioned InsightMobile in the weekly review. Thanks.",2026-05-11T11:17:00+00:00,InsightCRM,Product,Website,New York,Partner,4,open
FB-10350,CU-7745,"Hi, Mobile users report they cannot complete signup on InsightPortal. We have seen this twice already. Sharing this from the field.",2026-07-20T05:36:00+00:00,InsightCRM,Customer Support,Internal,Dubai,SMB,2,in_progress
FB-10351,CU-1724,"Hi, Sharing an FYI that finance will review invoices tomorrow. This is impacting customers in Delhi. Looking forward to a fix.",2026-07-31T04:58:00+00:00,InsightPay,Engineering,Website,Chennai,Internal,3,resolved
FB-10352,CU-5846,"Hello team, Price increase was communicated poorly and feels unjustified. Please treat this as high priority.",2026-06-06T13:13:00+00:00,InsightMobile,Product,Call Center,London,Enterprise,2,open
FB-10353,CU-1022,Quick update: Delivery to Dubai was earlier than the estimated date. I am following up because there was no response. Thanks.,2026-06-21T11:40:00+00:00,InsightPortal,Operations,Mobile App,Pune,Internal,5,open
FB-10354,CU-2818,"For the record, Documentation is outdated and caused a production misconfiguration. I am following up because there was no response.",2026-07-27T01:32:00+00:00,InsightSecure,Customer Support,Chat,Hyderabad,Consumer,2,resolved
FB-10355,CU-4693,"Hello team, We cannot login to InsightCloud since the last update. The issue started last Thursday. Sharing this from the field.",2026-06-07T18:55:00+00:00,InsightCRM,Engineering,Survey,Hyderabad,Startup,2,in_progress
FB-10356,CU-7031,"To be clear, Loved the new InsightCloud dashboard, it is clean and fast. I attached screenshots in the original ticket. Sharing this from the field.",2026-04-16T21:52:00+00:00,InsightAnalytics,Customer Support,Mobile App,Delhi,Consumer,4,open
FB-10357,CU-7824,Delivery to Surat was earlier than the estimated date. Please treat this as high priority. Logged by the duty manager.,2026-07-12T06:33:00+00:00,InsightPay,Operations,Email,Chennai,Startup,4,in_progress
FB-10358,CU-9686,"Hello team, The InsightAnalytics rollout is scheduled for next Monday in Delhi. Please treat this as high priority. Sharing this from the field.",2026-04-28T10:41:00+00:00,InsightSecure,Engineering,Internal,Chennai,Startup,3,in_progress
FB-10359,CU-9770,"Hi, Sharing an FYI that finance will review invoices tomorrow. Our enterprise account is affected. Please advise.",2026-02-11T14:10:00+00:00,InsightMobile,Finance,Social Media,Mumbai,SMB,3,resolved
FB-10360,CU-6192,"Hi, The interface redesign is intuitive and reduced training time. The issue started last Thursday. Sharing this from the field.",2026-03-05T05:13:00+00:00,InsightPay,Finance,Survey,Mumbai,Startup,4,in_progress
FB-10361,CU-5842,"Hello team, Average experience so far, we are still evaluating InsightAnalytics. This happened after the latest update. Looking forward to a fix.",2026-08-06T23:34:00+00:00,InsightSecure,Finance,Internal,Bangalore,Partner,3,resolved
FB-10362,CU-6855,"Hello team, Need access for two additional analysts this week. Please treat this as high priority. Logged by the duty manager.",2025-12-07T12:39:00+00:00,InsightCRM,Engineering,Mobile App,Hyderabad,Enterprise,3,resolved
FB-10363,CU-9035,Price increase was communicated poorly and feels unjustified. Our enterprise account is affected. Sharing this from the field.,2026-08-03T02:32:00+00:00,InsightChat,Operations,Survey,Jaipur,Partner,2,in_progress
FB-10364,CU-8278,"Hi, The latest release introduced a severe performance regression. This is impacting customers in Pune.",2026-02-17T14:55:00+00:00,InsightCloud,Operations,Chat,Singapore,Consumer,2,open
FB-10365,CU-7156,"To be clear, Noting that the internal survey was completed by HR. This is impacting customers in Dubai. Sharing this from the field.",2026-02-16T15:55:00+00:00,InsightSecure,Customer Support,Mobile App,Ahmedabad,Consumer,3,resolved
FB-10366,CU-8593,"Hello team, We cannot login to InsightPortal since the last update. I am following up because there was no response. Looking forward to a fix.",2025-12-11T09:53:00+00:00,InsightAnalytics,Engineering,Call Center,Ahmedabad,Enterprise,2,open
FB-10367,CU-6927,Quick update: Security alert fired after suspicious admin logins. Our enterprise account is affected. Logged by the duty manager.,2025-12-31T08:31:00+00:00,InsightCloud,Engineering,Internal,Jaipur,Consumer,1,resolved
FB-10368,CU-3675,"Hi, I am delighted with the quality of the latest InsightCloud release. A workaround exists but it is not acceptable long term. Thanks.",2026-02-20T14:56:00+00:00,InsightMobile,Product,Website,Bangalore,Startup,5,in_progress
FB-10369,CU-6180,"Hello team, Can you schedule a training session for the operations team? Our enterprise account is affected. Logged by the duty manager.",2026-06-11T05:34:00+00:00,InsightSecure,HR,Social Media,Bangalore,Internal,3,resolved
FB-10370,CU-9247,"To be clear, Call center agents read from a script and did not understand the issue. We have seen this twice already. Please advise.",2026-02-26T05:06:00+00:00,InsightCRM,Operations,Call Center,Dubai,SMB,2,resolved
FB-10371,CU-9570,"Hello team, Appreciate the proactive outage communication. The team mentioned InsightCloud in the weekly review.",2026-05-26T11:08:00+00:00,InsightPortal,Sales,Survey,Mumbai,Internal,5,open
FB-10372,CU-8934,"Hello team, Please confirm whether SSO is enabled for partner accounts. We have seen this twice already. Thanks.",2026-05-26T03:04:00+00:00,InsightPay,HR,Chat,Ahmedabad,SMB,3,open
FB-10373,CU-4277,"Average experience so far, we are still evaluating InsightPay. Please treat this as high priority. Please advise.",2026-06-19T03:58:00+00:00,InsightCRM,Sales,Email,London,Startup,3,open
FB-10374,CU-3814,"To be clear, The courier missed the delivery window three times in Hyderabad. We have seen this twice already.",2026-04-15T06:45:00+00:00,InsightCRM,Operations,Website,New York,Enterprise,1,closed
FB-10375,CU-2848,"For the record, Is there a sandbox for InsightPay chargebacks? I am following up because there was no response.",2026-03-19T06:32:00+00:00,InsightCRM,Engineering,Survey,Surat,Consumer,3,open
FB-10376,CU-7672,Quick update: The latest release introduced a severe performance regression. This happened after the latest update.,2026-05-03T23:19:00+00:00,InsightPortal,Operations,Social Media,Dubai,Consumer,2,open
FB-10377,CU-7563,Security alert fired after suspicious admin logins. This happened after the latest update. Looking forward to a fix.,2026-05-23T02:07:00+00:00,InsightMobile,Engineering,Mobile App,New York,SMB,2,open
FB-10378,CU-7557,Quick update: Can you schedule a training session for the operations team? This is impacting customers in Delhi. Logged by the duty manager.,2026-06-15T18:37:00+00:00,InsightAnalytics,HR,Survey,Chennai,Internal,3,resolved
FB-10379,CU-1865,"Hi, I am delighted with the quality of the latest InsightAnalytics release. The team mentioned InsightCloud in the weekly review. Looking forward to a fix.",2026-07-30T04:01:00+00:00,InsightCloud,Finance,Mobile App,Chennai,Internal,5,open
FB-10380,CU-9270,Duplicate invoices were sent to finance after renewal. Our enterprise account is affected. Logged by the duty manager.,2026-01-21T09:42:00+00:00,InsightPortal,Engineering,Social Media,Kolkata,Startup,2,resolved
FB-10381,CU-3689,"Hi, Loved the new InsightPay dashboard, it is clean and fast. Please treat this as high priority. Looking forward to a fix.",2025-12-09T05:35:00+00:00,InsightAnalytics,Finance,Internal,Pune,SMB,5,open
FB-10382,CU-6779,"To be clear, InsightSecure audit logs are exactly what compliance needed. The team mentioned InsightPortal in the weekly review. Thanks.",2026-02-06T15:37:00+00:00,InsightChat,Sales,Social Media,Hyderabad,Enterprise,5,open
FB-10383,CU-5001,"For the record, The latest release introduced a severe performance regression. I am following up because there was no response. Please advise.",2026-02-27T11:26:00+00:00,InsightSecure,Customer Support,Call Center,Delhi,Internal,2,open
FB-10384,CU-1334,"To be clear, I am frustrated that the InsightAnalytics app crashes during payment. I attached screenshots in the original ticket. Please advise.",2026-07-10T13:36:00+00:00,InsightChat,Customer Support,Internal,Jaipur,Enterprise,2,closed
FB-10385,CU-5907,"For the record, I am angry that the ticket was closed without a resolution. Please treat this as high priority. Logged by the duty manager.",2026-04-08T21:21:00+00:00,InsightMobile,Customer Support,Survey,Pune,SMB,2,in_progress
FB-10386,CU-2552,"Hi, The current plan is acceptable but we will compare alternatives. A workaround exists but it is not acceptable long term.",2026-06-24T07:39:00+00:00,InsightCloud,Finance,Survey,Bangalore,Enterprise,4,in_progress
FB-10387,CU-9443,"Hi, Documentation update saved our engineering team hours. Please treat this as high priority. Looking forward to a fix.",2026-01-21T13:25:00+00:00,InsightAnalytics,Sales,Internal,London,Partner,5,open
FB-10388,CU-1981,"For the record, Price increase was communicated poorly and feels unjustified. The team mentioned InsightCRM in the weekly review. Looking forward to a fix.",2026-06-26T19:54:00+00:00,InsightChat,Sales,Call Center,Hyderabad,Consumer,2,open
FB-10389,CU-4907,"Hello team, Authentication failures are blocking our entire sales team. I attached screenshots in the original ticket. Looking forward to a fix.",2026-01-11T08:43:00+00:00,InsightCRM,Customer Support,Mobile App,Mumbai,SMB,2,open
FB-10390,CU-3883,"For the record, Sharing an FYI that finance will review invoices tomorrow. A workaround exists but it is not acceptable long term.",2026-01-04T00:16:00+00:00,InsightAnalytics,Finance,Website,New York,Consumer,3,resolved
FB-10391,CU-2833,"Hi, I am frustrated that the InsightSecure app crashes during payment. Our enterprise account is affected. Logged by the duty manager.",2026-07-30T23:53:00+00:00,InsightMobile,Engineering,Mobile App,Kolkata,Internal,2,resolved
FB-10392,CU-4571,Noting that the internal survey was completed by HR. Please treat this as high priority. Please advise.,2026-03-10T23:47:00+00:00,InsightCRM,Engineering,Email,Surat,SMB,4,open
FB-10393,CU-3374,"To be clear, Documentation is outdated and caused a production misconfiguration. I am following up because there was no response. Please advise.",2026-04-19T13:30:00+00:00,InsightCRM,Product,Survey,Chennai,Internal,2,open
FB-10394,CU-8248,"To be clear, Duplicate invoices were sent to finance after renewal. This happened after the latest update. Looking forward to a fix.",2026-03-03T21:07:00+00:00,InsightCRM,HR,Chat,Ahmedabad,Consumer,2,closed
FB-10395,CU-9055,"Hello team, Sharing an FYI that finance will review invoices tomorrow. The issue started last Thursday. Looking forward to a fix.",2026-03-15T01:17:00+00:00,InsightCloud,HR,Internal,New York,Consumer,3,closed
FB-10396,CU-1448,Documentation is outdated and caused a production misconfiguration. We have seen this twice already. Please advise.,2026-06-27T17:47:00+00:00,InsightSecure,Engineering,Website,London,Internal,2,open
FB-10397,CU-7722,"Hi, The interface redesign is intuitive and reduced training time. This is impacting customers in London. Please advise.",2026-01-10T07:33:00+00:00,InsightMobile,HR,Survey,Chennai,Consumer,5,resolved
FB-10398,CU-4747,Quick update: We cannot login to InsightSecure since the last update. Our enterprise account is affected. Please advise.,2026-07-30T18:14:00+00:00,InsightPay,Engineering,Mobile App,Chennai,SMB,2,open
FB-10399,CU-8433,The InsightChat rollout is scheduled for next Monday in Jaipur. This is impacting customers in Mumbai. Please advise.,2025-12-04T22:33:00+00:00,InsightChat,HR,Internal,Surat,SMB,4,resolved
FB-10400,CU-7693,Quick update: The courier missed the delivery window three times in New York. The team mentioned InsightChat in the weekly review. Thanks.,2026-06-05T21:12:00+00:00,InsightChat,Operations,Email,Ahmedabad,Startup,2,closed
FB-10401,CU-7935,Mobile users report they cannot complete signup on InsightCRM. I am following up because there was no response. Looking forward to a fix.,2026-03-12T21:13:00+00:00,InsightChat,Finance,Social Media,Surat,Enterprise,2,in_progress
FB-10402,CU-1673,"Hi, Response time from customer support is getting worse every week. I am following up because there was no response. Sharing this from the field.",2026-08-08T12:42:00+00:00,InsightSecure,Customer Support,Email,Bangalore,SMB,2,in_progress
FB-10403,CU-5603,"To be clear, Noting that the internal survey was completed by HR. Please treat this as high priority. Looking forward to a fix.",2026-02-19T01:08:00+00:00,InsightPortal,HR,Survey,Pune,Startup,3,closed
FB-10404,CU-1894,Quick update: The courier missed the delivery window three times in Pune. We have seen this twice already. Thanks.,2026-06-23T14:03:00+00:00,InsightCRM,Operations,Call Center,Mumbai,Enterprise,2,in_progress
FB-10405,CU-6727,"Hi, Mobile users report they cannot complete signup on InsightChat. The team mentioned InsightPay in the weekly review. Logged by the duty manager.",2026-04-06T03:54:00+00:00,InsightMobile,Customer Support,Mobile App,Delhi,Startup,2,open
FB-10406,CU-2545,Price increase was communicated poorly and feels unjustified. I am following up because there was no response. Sharing this from the field.,2026-07-24T02:15:00+00:00,InsightPortal,Finance,Survey,Ahmedabad,Startup,2,resolved
FB-10407,CU-1095,Documentation update saved our engineering team hours. Please treat this as high priority.,2026-04-02T14:40:00+00:00,InsightAnalytics,Sales,Survey,Ahmedabad,Internal,5,resolved
FB-10408,CU-4933,Appreciate the proactive outage communication. This happened after the latest update. Logged by the duty manager.,2026-03-08T02:25:00+00:00,InsightAnalytics,Operations,Chat,Surat,Enterprise,4,resolved
FB-10409,CU-7020,Quick update: I am angry that the ticket was closed without a resolution. We have seen this twice already. Looking forward to a fix.,2026-05-04T04:22:00+00:00,InsightCloud,Customer Support,Call Center,Chennai,Consumer,2,closed
FB-10410,CU-4673,"Hello team, Refund was issued quickly and with a clear explanation. This is impacting customers in Jaipur. Looking forward to a fix.",2025-12-11T16:21:00+00:00,InsightPortal,Finance,Email,Chennai,Partner,5,resolved
FB-10411,CU-2253,"Hello team, Payment reconciliation finally works without manual edits. Please treat this as high priority. Thanks.",2026-04-13T13:18:00+00:00,InsightPay,Sales,Website,Kolkata,Enterprise,5,in_progress
FB-10412,CU-7438,"To be clear, I am delighted with the quality of the latest InsightAnalytics release. Our enterprise account is affected.",2026-03-29T05:50:00+00:00,InsightMobile,HR,Website,Surat,Consumer,4,resolved
FB-10413,CU-9755,"Hello team, Search is too slow to be usable during business hours. The team mentioned InsightAnalytics in the weekly review. Thanks.",2026-05-04T08:55:00+00:00,InsightCloud,Engineering,Website,Ahmedabad,Consumer,2,open
FB-10414,CU-5958,"To be clear, Security alert fired after suspicious admin logins. This is impacting customers in Bangalore. Sharing this from the field.",2026-08-04T22:43:00+00:00,InsightChat,Engineering,Mobile App,Mumbai,SMB,2,open
FB-10415,CU-5930,"For the record, Delivery was extremely late and customer support did not respond. This happened after the latest update. Thanks.",2026-07-04T20:54:00+00:00,InsightCRM,Operations,Internal,Mumbai,Consumer,2,in_progress
FB-10416,CU-2682,Quick update: Package for InsightPortal arrived damaged in Chennai. The team mentioned InsightPay in the weekly review. Sharing this from the field.,2026-04-25T12:03:00+00:00,InsightSecure,Customer Support,Chat,Pune,Consumer,2,resolved
FB-10417,CU-1311,"To be clear, Sales team prepared a thoughtful demo for our executives. The team mentioned InsightChat in the weekly review. Sharing this from the field.",2026-07-20T15:14:00+00:00,InsightPay,Sales,Chat,Jaipur,Startup,5,in_progress
FB-10418,CU-4802,"For the record, Documentation is outdated and caused a production misconfiguration. The team mentioned InsightSecure in the weekly review. Looking forward to a fix.",2026-06-04T06:30:00+00:00,InsightSecure,Engineering,Call Center,Jaipur,Internal,2,open
FB-10419,CU-2412,"For the record, Chat support was knowledgeable and patient. Our enterprise account is affected. Logged by the duty manager.",2026-06-23T05:39:00+00:00,InsightCRM,Customer Support,Internal,Mumbai,SMB,5,open
FB-10420,CU-9248,"To be clear, Customer support resolved our incident in twenty minutes. Our enterprise account is affected.",2026-03-02T21:10:00+00:00,InsightMobile,Customer Support,Website,Singapore,Enterprise,4,open
FB-10421,CU-1826,"Hi, Response time from customer support is getting worse every week. The issue started last Thursday. Please advise.",2026-07-18T04:54:00+00:00,InsightCloud,Customer Support,Internal,Singapore,Consumer,2,closed
FB-10422,CU-8233,Please confirm whether SSO is enabled for partner accounts. A workaround exists but it is not acceptable long term. Thanks.,2026-07-22T11:10:00+00:00,InsightAnalytics,Finance,Internal,New York,Enterprise,3,open
FB-10423,CU-7799,Package for InsightCloud arrived damaged in Dubai. The issue started last Thursday. Thanks.,2026-04-09T05:05:00+00:00,InsightAnalytics,Product,Survey,London,Internal,2,open
FB-10424,CU-3385,"Quick update: Average experience so far, we are still evaluating InsightChat. The issue started last Thursday. Looking forward to a fix.",2026-06-22T21:23:00+00:00,InsightPay,Engineering,Website,New York,Partner,3,closed
FB-10425,CU-7586,Quick update: Refund for a failed InsightChat payment is still pending. We have seen this twice already.,2026-07-20T18:03:00+00:00,InsightAnalytics,Engineering,Social Media,New York,Internal,1,open
FB-10426,CU-4232,"Hello team, The courier missed the delivery window three times in New York. This is impacting customers in London. Sharing this from the field.",2026-03-24T22:22:00+00:00,InsightChat,Operations,Social Media,Surat,Enterprise,2,in_progress
FB-10427,CU-9846,Appreciate the proactive outage communication. A workaround exists but it is not acceptable long term. Sharing this from the field.,2026-02-26T20:10:00+00:00,InsightPay,Customer Support,Social Media,Delhi,Startup,5,resolved
FB-10428,CU-1085,"To be clear, Please confirm whether SSO is enabled for partner accounts. I attached screenshots in the original ticket. Please advise.",2026-07-29T03:28:00+00:00,InsightAnalytics,Customer Support,Internal,Hyderabad,SMB,3,resolved
FB-10429,CU-6371,"For the record, Where can I find the data retention policy? Our enterprise account is affected. Sharing this from the field.",2026-03-07T16:47:00+00:00,InsightCRM,Customer Support,Call Center,Dubai,Startup,3,in_progress
FB-10430,CU-9502,"Hello team, Documentation is outdated and caused a production misconfiguration. Please treat this as high priority. Looking forward to a fix.",2026-03-05T21:33:00+00:00,InsightChat,Sales,Chat,Dubai,Startup,1,in_progress
FB-10431,CU-4483,"To be clear, I am delighted with the quality of the latest InsightPortal release. This is impacting customers in Mumbai. Thanks.",2026-01-03T22:32:00+00:00,InsightCloud,Finance,Internal,Chennai,Enterprise,5,resolved
FB-10432,CU-5968,"Hi, Can you schedule a training session for the operations team? This is impacting customers in Surat. Sharing this from the field.",2026-01-09T03:23:00+00:00,InsightAnalytics,Product,Social Media,Chennai,Enterprise,3,resolved
FB-10433,CU-8883,"Hello team, Search is too slow to be usable during business hours. Our enterprise account is affected. Logged by the duty manager.",2026-04-20T11:04:00+00:00,InsightPay,Engineering,Social Media,Jaipur,Consumer,1,closed
FB-10434,CU-4814,Quick update: Feature request: webhook retries with exponential backoff. We have seen this twice already. Logged by the duty manager.,2026-02-22T02:51:00+00:00,InsightChat,Engineering,Chat,Hyderabad,Partner,3,open
FB-10435,CU-9877,I am delighted with the quality of the latest InsightAnalytics release. Please treat this as high priority. Sharing this from the field.,2026-04-23T20:07:00+00:00,InsightCloud,Operations,Website,Jaipur,Partner,5,open
FB-10436,CU-1737,"Hi, We are happy with the reliability of InsightPay this quarter. A workaround exists but it is not acceptable long term. Thanks.",2026-03-24T02:51:00+00:00,InsightSecure,Engineering,Internal,Dubai,Enterprise,4,open
FB-10437,CU-6026,Delivery was extremely late and customer support did not respond. Our enterprise account is affected. Sharing this from the field.,2026-01-16T08:49:00+00:00,InsightCloud,Operations,Chat,London,SMB,1,open
FB-10438,CU-4318,How do I export department analytics for last quarter? This happened after the latest update. Please advise.,2026-02-05T12:52:00+00:00,InsightCloud,Customer Support,Call Center,Singapore,Partner,3,in_progress
FB-10439,CU-5409,Quick update: InsightSecure audit logs are exactly what compliance needed. Our enterprise account is affected. Sharing this from the field.,2025-12-08T13:40:00+00:00,InsightCRM,Customer Support,Mobile App,Delhi,Partner,5,resolved
FB-10440,CU-1016,"Hello team, Search is too slow to be usable during business hours. Please treat this as high priority. Please advise.",2026-04-17T13:58:00+00:00,InsightPortal,Customer Support,Internal,Dubai,Partner,1,open
FB-10441,CU-9750,"For the record, The InsightPay rollout is scheduled for next Monday in Chennai. Our enterprise account is affected. Looking forward to a fix.",2026-04-29T16:18:00+00:00,InsightPay,Operations,Mobile App,Bangalore,Enterprise,4,in_progress
FB-10442,CU-4450,"Hi, Package for InsightAnalytics arrived damaged in Pune. The issue started last Thursday. Logged by the duty manager.",2026-02-08T07:42:00+00:00,InsightSecure,Product,Internal,Jaipur,Startup,2,open
FB-10443,CU-2329,"For the record, The interface redesign is intuitive and reduced training time. The team mentioned InsightPay in the weekly review. Thanks.",2026-05-30T15:48:00+00:00,InsightChat,Sales,Mobile App,Kolkata,Enterprise,5,closed
FB-10444,CU-1324,"Hello team, Feature request: webhook retries with exponential backoff. This is impacting customers in Pune. Logged by the duty manager.",2026-03-05T06:28:00+00:00,InsightPay,Operations,Social Media,London,Internal,3,open
FB-10445,CU-7489,"Hi, Duplicate invoices were sent to finance after renewal. The issue started last Thursday.",2026-05-30T19:13:00+00:00,InsightPay,Operations,Mobile App,Dubai,Startup,2,in_progress
FB-10446,CU-5494,"To be clear, Sales team prepared a thoughtful demo for our executives. I am following up because there was no response. Thanks.",2026-02-05T18:54:00+00:00,InsightCRM,Sales,Call Center,Dubai,Internal,5,open
FB-10447,CU-2994,Quick update: Consider adding a weekly digest for managers. A workaround exists but it is not acceptable long term. Logged by the duty manager.,2026-07-07T10:27:00+00:00,InsightChat,Product,Internal,Chennai,Startup,4,in_progress
FB-10448,CU-4696,Response time from customer support is getting worse every week. This is impacting customers in Hyderabad. Looking forward to a fix.,2026-07-14T18:51:00+00:00,InsightPay,Customer Support,Chat,Surat,SMB,1,open
FB-10449,CU-1891,I am frustrated that the InsightCloud app crashes during payment. The team mentioned InsightChat in the weekly review. Sharing this from the field.,2026-02-02T03:30:00+00:00,InsightCRM,Engineering,Survey,Kolkata,SMB,2,closed
FB-10450,CU-8240,Where can I find the data retention policy? Please treat this as high priority.,2026-02-19T22:04:00+00:00,InsightMobile,Customer Support,Website,Bangalore,Partner,3,resolved
FB-10451,CU-8014,"To be clear, The InsightPay checkout failed and I was still charged. This is impacting customers in Surat. Looking forward to a fix.",2026-05-09T00:29:00+00:00,InsightChat,Engineering,Mobile App,Hyderabad,Internal,2,closed
FB-10452,CU-9337,Feature request: webhook retries with exponential backoff. The issue started last Thursday. Sharing this from the field.,2026-06-21T06:57:00+00:00,InsightMobile,Finance,Social Media,Hyderabad,Consumer,3,in_progress
FB-10453,CU-8692,"Hi, Delivery to Mumbai was earlier than the estimated date. This happened after the latest update. Sharing this from the field.",2026-06-12T11:19:00+00:00,InsightMobile,Operations,Social Media,Jaipur,Startup,5,open
FB-10454,CU-8794,"Hi, Average experience so far, we are still evaluating InsightMobile. The issue started last Thursday. Thanks.",2026-06-20T02:21:00+00:00,InsightCRM,Finance,Internal,Jaipur,Internal,4,open
FB-10455,CU-4492,Quick update: Great improvement in mobile performance this month. I attached screenshots in the original ticket.,2026-05-13T07:44:00+00:00,InsightCRM,Customer Support,Call Center,Chennai,Internal,5,resolved
FB-10456,CU-8215,The current plan is acceptable but we will compare alternatives. This is impacting customers in Dubai. Please advise.,2025-12-08T17:07:00+00:00,InsightMobile,Product,Call Center,London,Partner,3,closed
FB-10457,CU-5289,"Hi, Delivery was extremely late and customer support did not respond. Our enterprise account is affected. Logged by the duty manager.",2026-02-01T05:12:00+00:00,InsightPay,Operations,Mobile App,Ahmedabad,Internal,2,open
FB-10458,CU-2071,"Hello team, We are happy with the reliability of InsightCloud this quarter. The issue started last Thursday. Please advise.",2026-07-29T16:51:00+00:00,InsightChat,Finance,Mobile App,Mumbai,SMB,5,resolved
FB-10459,CU-5049,"Hello team, I am angry that the ticket was closed without a resolution. I am following up because there was no response.",2026-07-07T17:18:00+00:00,InsightMobile,Customer Support,Website,London,Startup,1,resolved
FB-10460,CU-9501,"For the record, Where can I find the data retention policy? Please treat this as high priority. Sharing this from the field.",2026-03-10T20:48:00+00:00,InsightSecure,Engineering,Internal,Mumbai,Startup,3,resolved
FB-10461,CU-4581,"To be clear, I am delighted with the quality of the latest InsightPortal release. Our enterprise account is affected. Logged by the duty manager.",2026-07-18T06:28:00+00:00,InsightCRM,Engineering,Social Media,Pune,Consumer,4,in_progress
FB-10462,CU-6511,Can you schedule a training session for the operations team? Please treat this as high priority. Please advise.,2026-01-28T18:02:00+00:00,InsightPortal,Sales,Chat,Chennai,Consumer,4,in_progress
FB-10463,CU-5528,Quick update: Security alert fired after suspicious admin logins. This is impacting customers in Mumbai. Thanks.,2026-03-02T02:18:00+00:00,InsightCloud,Engineering,Call Center,Surat,Enterprise,1,open
FB-10464,CU-5906,"For the record, Billing error created an unauthorized charge on our card. I attached screenshots in the original ticket. Logged by the duty manager.",2026-05-04T04:54:00+00:00,InsightAnalytics,Customer Support,Social Media,Dubai,Startup,2,resolved
FB-10465,CU-8559,Quick update: Documentation update saved our engineering team hours. A workaround exists but it is not acceptable long term. Thanks.,2026-01-23T15:14:00+00:00,InsightPortal,Finance,Survey,Singapore,Enterprise,4,open
FB-10466,CU-4694,"Hello team, Documentation is outdated and caused a production misconfiguration. The team mentioned InsightPay in the weekly review. Sharing this from the field.",2025-12-03T15:51:00+00:00,InsightSecure,Product,Chat,Pune,Internal,2,resolved
FB-10467,CU-4345,Need access for two additional analysts this week. I am following up because there was no response. Thanks.,2026-05-11T19:58:00+00:00,InsightChat,Engineering,Chat,Surat,Partner,3,in_progress
FB-10468,CU-4058,Great improvement in mobile performance this month. Our enterprise account is affected. Logged by the duty manager.,2026-06-30T22:38:00+00:00,InsightPortal,Customer Support,Call Center,Surat,Consumer,5,open
FB-10469,CU-2126,Price increase was communicated poorly and feels unjustified. This happened after the latest update. Thanks.,2026-01-10T03:08:00+00:00,InsightChat,Engineering,Chat,Dubai,SMB,2,open
FB-10470,CU-2048,"Hello team, Documentation is outdated and caused a production misconfiguration. I am following up because there was no response. Sharing this from the field.",2026-02-09T06:00:00+00:00,InsightMobile,Engineering,Chat,Jaipur,SMB,2,in_progress
FB-10471,CU-3869,Noting that the internal survey was completed by HR. The team mentioned InsightPay in the weekly review. Please advise.,2026-05-29T22:50:00+00:00,InsightAnalytics,Engineering,Chat,Delhi,SMB,3,closed
FB-10472,CU-2093,"For the record, Feature request: webhook retries with exponential backoff. We have seen this twice already.",2026-07-14T20:34:00+00:00,InsightAnalytics,Finance,Call Center,Chennai,Consumer,3,closed
FB-10473,CU-8567,Quick update: Great improvement in mobile performance this month. Please treat this as high priority. Thanks.,2025-12-12T14:01:00+00:00,InsightCloud,Finance,Chat,Hyderabad,Internal,5,in_progress
FB-10474,CU-8171,"For the record, The InsightPay checkout failed and I was still charged. Please treat this as high priority. Logged by the duty manager.",2025-12-18T02:35:00+00:00,InsightCRM,Finance,Email,Chennai,Startup,2,resolved
FB-10475,CU-8219,"For the record, Delivery was extremely late and customer support did not respond. Our enterprise account is affected. Looking forward to a fix.",2026-06-14T00:43:00+00:00,InsightAnalytics,Operations,Survey,Mumbai,SMB,2,resolved
FB-10476,CU-4305,"For the record, Average experience so far, we are still evaluating InsightCRM. This happened after the latest update. Please advise.",2025-12-02T01:49:00+00:00,InsightChat,HR,Call Center,Hyderabad,SMB,3,open
FB-10477,CU-6359,Delivery was extremely late and customer support did not respond. The issue started last Thursday. Logged by the duty manager.,2025-12-12T13:32:00+00:00,InsightCloud,Operations,Survey,Kolkata,Internal,1,open
FB-10478,CU-4485,Call center agents read from a script and did not understand the issue. Please treat this as high priority. Please advise.,2026-03-13T20:20:00+00:00,InsightPay,Engineering,Internal,Delhi,Enterprise,1,resolved
FB-10479,CU-6314,"Hi, Duplicate invoices were sent to finance after renewal. Please treat this as high priority. Sharing this from the field.",2026-04-17T18:10:00+00:00,InsightAnalytics,Customer Support,Chat,London,Internal,2,open
FB-10480,CU-1347,"To be clear, Refund for a failed InsightPortal payment is still pending. I attached screenshots in the original ticket. Looking forward to a fix.",2026-06-08T07:32:00+00:00,InsightPay,Customer Support,Mobile App,Bangalore,SMB,2,resolved
FB-10481,CU-6385,"Hi, Where can I find the data retention policy? We have seen this twice already. Thanks.",2026-05-14T01:15:00+00:00,InsightPortal,Finance,Email,Bangalore,Startup,3,resolved
FB-10482,CU-4644,"For the record, Average experience so far, we are still evaluating InsightChat. Our enterprise account is affected. Please advise.",2026-04-18T01:58:00+00:00,InsightCRM,HR,Chat,Kolkata,Startup,3,open
FB-10483,CU-9313,"Hello team, Customer support resolved our incident in twenty minutes. The issue started last Thursday. Thanks.",2026-05-01T17:53:00+00:00,InsightCRM,Customer Support,Mobile App,Pune,Internal,4,in_progress
FB-10484,CU-7188,"Hi, Billing error created an unauthorized charge on our card. We have seen this twice already. Sharing this from the field.",2026-02-08T15:05:00+00:00,InsightSecure,Engineering,Email,Chennai,Consumer,1,in_progress
FB-10485,CU-7233,Quick update: Documentation update saved our engineering team hours. The team mentioned InsightPay in the weekly review. Looking forward to a fix.,2026-04-17T04:35:00+00:00,InsightMobile,Product,Internal,Bangalore,Consumer,4,open
FB-10486,CU-7812,"Hello team, I am delighted with the quality of the latest InsightCloud release. We have seen this twice already. Thanks.",2026-06-05T23:23:00+00:00,InsightPortal,Engineering,Chat,New York,Startup,4,in_progress
FB-10487,CU-7032,"To be clear, Search is too slow to be usable during business hours. This happened after the latest update. Thanks.",2026-06-16T23:22:00+00:00,InsightPortal,Finance,Website,London,Consumer,2,closed
FB-10488,CU-3644,"For the record, We may add twenty more seats if the trial goes well. I attached screenshots in the original ticket. Logged by the duty manager.",2026-03-27T21:09:00+00:00,InsightAnalytics,Customer Support,Website,Surat,Enterprise,3,resolved
FB-10489,CU-6045,Quick update: It would help to have saved filters on the explorer table. The issue started last Thursday. Please advise.,2026-08-05T17:42:00+00:00,InsightChat,Sales,Chat,Singapore,Internal,3,resolved
FB-10490,CU-2587,"Hello team, Search is too slow to be usable during business hours. We have seen this twice already. Logged by the duty manager.",2025-12-02T05:52:00+00:00,InsightPortal,Customer Support,Mobile App,Singapore,Internal,2,in_progress
FB-10491,CU-4292,"For the record, Payment reconciliation finally works without manual edits. We have seen this twice already. Thanks.",2026-04-08T03:28:00+00:00,InsightCRM,Operations,Website,New York,SMB,4,resolved
FB-10492,CU-1486,"For the record, Documentation is outdated and caused a production misconfiguration. I am following up because there was no response. Thanks.",2026-03-07T03:17:00+00:00,InsightCloud,Product,Call Center,Chennai,Consumer,1,resolved
FB-10493,CU-6521,"Hello team, The InsightAnalytics checkout failed and I was still charged. This happened after the latest update. Sharing this from the field.",2026-04-13T08:59:00+00:00,InsightPortal,Engineering,Chat,Hyderabad,Startup,2,resolved
FB-10494,CU-3013,Refund for a failed InsightCRM payment is still pending. This is impacting customers in Jaipur. Please advise.,2026-03-27T22:25:00+00:00,InsightMobile,Customer Support,Social Media,New York,SMB,1,open
FB-10495,CU-8279,"For the record, The interface redesign is intuitive and reduced training time. This is impacting customers in Ahmedabad. Please advise.",2026-07-12T01:51:00+00:00,InsightSecure,Finance,Call Center,Jaipur,Consumer,4,in_progress
FB-10496,CU-9158,Quick update: Customer support resolved our incident in twenty minutes. The team mentioned InsightCloud in the weekly review. Please advise.,2026-01-06T16:56:00+00:00,InsightPay,Customer Support,Mobile App,Bangalore,Internal,5,closed
FB-10497,CU-8125,"To be clear, Feature request: webhook retries with exponential backoff. Please treat this as high priority. Thanks.",2026-06-11T21:44:00+00:00,InsightCloud,Customer Support,Website,Mumbai,Startup,3,closed
FB-10498,CU-2059,"Hello team, We may add twenty more seats if the trial goes well. The team mentioned InsightCloud in the weekly review. Sharing this from the field.",2025-12-24T22:21:00+00:00,InsightCRM,Sales,Survey,Pune,Internal,4,resolved
FB-10499,CU-2902,Consider adding a weekly digest for managers. The issue started last Thursday. Please advise.,2026-02-26T23:37:00+00:00,InsightCRM,Finance,Survey,Mumbai,Startup,3,closed
FB-10500,CU-7476,"Quick update: Loved the new InsightAnalytics dashboard, it is clean and fast. I am following up because there was no response. Looking forward to a fix.",2026-07-28T04:33:00+00:00,InsightCRM,Customer Support,Website,Kolkata,Consumer,5,open
FB-10501,CU-3022,"Hi, Sharing an FYI that finance will review invoices tomorrow. The team mentioned InsightMobile in the weekly review. Thanks.",2025-12-09T19:20:00+00:00,InsightAnalytics,Sales,Social Media,Dubai,Internal,4,in_progress
FB-10502,CU-3933,"Hi, The onboarding specialist made InsightPortal easy to adopt. This is impacting customers in Singapore. Thanks.",2026-07-28T07:44:00+00:00,InsightPay,HR,Internal,New York,Consumer,5,open
FB-10503,CU-4196,Quick update: Noting that the internal survey was completed by HR. A workaround exists but it is not acceptable long term. Logged by the duty manager.,2026-03-11T02:33:00+00:00,InsightAnalytics,Product,Chat,Surat,SMB,3,open
FB-10504,CU-4573,"Hello team, Is there a sandbox for InsightPay chargebacks? Our enterprise account is affected. Sharing this from the field.",2026-04-03T09:57:00+00:00,InsightMobile,Operations,Call Center,New York,Internal,3,open
FB-10505,CU-9444,"For the record, Where can I find the data retention policy? We have seen this twice already. Thanks.",2026-08-07T15:11:00+00:00,InsightPay,Customer Support,Survey,Jaipur,Consumer,3,closed
FB-10506,CU-8596,Quick update: Documentation update saved our engineering team hours. Please treat this as high priority. Please advise.,2026-05-17T23:24:00+00:00,InsightCloud,HR,Chat,Bangalore,Internal,5,resolved
FB-10507,CU-2549,"For the record, Support never called back after I reported a critical outage. Please treat this as high priority. Sharing this from the field.",2026-04-26T18:30:00+00:00,InsightAnalytics,Customer Support,Email,Pune,Consumer,2,closed
FB-10508,CU-9501,"To be clear, Payment reconciliation finally works without manual edits. I attached screenshots in the original ticket. Thanks.",2026-03-11T17:52:00+00:00,InsightPortal,Customer Support,Mobile App,Singapore,SMB,5,closed
FB-10509,CU-5206,"Hi, How do I export department analytics for last quarter? A workaround exists but it is not acceptable long term.",2026-01-22T20:10:00+00:00,InsightCloud,Sales,Website,Surat,Enterprise,3,in_progress
FB-10510,CU-6127,Call center agents read from a script and did not understand the issue. This happened after the latest update. Sharing this from the field.,2026-03-24T04:36:00+00:00,InsightPortal,Finance,Survey,Jaipur,Partner,2,in_progress
FB-10511,CU-7914,"Hi, The interface redesign is intuitive and reduced training time. This happened after the latest update. Thanks.",2026-01-25T18:22:00+00:00,InsightAnalytics,Operations,Mobile App,Kolkata,Startup,4,open
FB-10512,CU-4156,Quick update: Delivery to Chennai was earlier than the estimated date. Please treat this as high priority. Logged by the duty manager.,2025-12-19T20:46:00+00:00,InsightAnalytics,Operations,Survey,Jaipur,Internal,4,resolved
FB-10513,CU-9984,Quick update: Delivery to Dubai was earlier than the estimated date. We have seen this twice already. Looking forward to a fix.,2025-12-20T08:07:00+00:00,InsightCloud,Operations,Chat,Surat,Startup,4,resolved
FB-10514,CU-9021,Refund for a failed InsightAnalytics payment is still pending. The issue started last Thursday. Looking forward to a fix.,2026-06-19T03:11:00+00:00,InsightAnalytics,Sales,Mobile App,Kolkata,Startup,1,resolved
FB-10515,CU-3090,"Hi, Average experience so far, we are still evaluating InsightAnalytics. Please treat this as high priority. Looking forward to a fix.",2026-05-23T17:35:00+00:00,InsightChat,Engineering,Social Media,Ahmedabad,Internal,3,in_progress
FB-10516,CU-8191,"For the record, Package for InsightMobile arrived damaged in Pune. I am following up because there was no response. Logged by the duty manager.",2026-05-23T19:26:00+00:00,InsightPortal,Operations,Survey,Singapore,Consumer,1,in_progress
FB-10517,CU-1940,"Hi, Documentation is outdated and caused a production misconfiguration. Please treat this as high priority.",2026-06-05T07:05:00+00:00,InsightMobile,Sales,Mobile App,New York,Startup,1,in_progress
FB-10518,CU-4115,Quick update: Chat support was knowledgeable and patient. A workaround exists but it is not acceptable long term. Sharing this from the field.,2026-05-28T03:25:00+00:00,InsightPay,Customer Support,Website,New York,Consumer,5,resolved
FB-10519,CU-7925,"To be clear, We may add twenty more seats if the trial goes well. The team mentioned InsightMobile in the weekly review. Thanks.",2026-07-03T04:32:00+00:00,InsightSecure,Customer Support,Internal,Pune,SMB,3,open
FB-10520,CU-9446,"Hi, Response time from customer support is getting worse every week. Our enterprise account is affected. Thanks.",2026-04-25T12:13:00+00:00,InsightAnalytics,Customer Support,Website,Chennai,Partner,2,resolved
FB-10521,CU-4236,Delivery was extremely late and customer support did not respond. Our enterprise account is affected. Please advise.,2026-03-01T00:06:00+00:00,InsightChat,Operations,Mobile App,Kolkata,Partner,2,closed
FB-10522,CU-8185,Quick update: We are happy with the reliability of InsightPortal this quarter. We have seen this twice already. Looking forward to a fix.,2026-03-20T05:34:00+00:00,InsightAnalytics,Customer Support,Internal,Mumbai,SMB,5,open
FB-10523,CU-5354,"Hello team, Great improvement in mobile performance this month. The issue started last Thursday. Looking forward to a fix.",2026-07-19T01:10:00+00:00,InsightCRM,Engineering,Mobile App,Pune,Consumer,5,in_progress
FB-10524,CU-6605,Need access for two additional analysts this week. This is impacting customers in Mumbai.,2026-02-27T16:00:00+00:00,InsightCRM,Customer Support,Chat,Jaipur,Internal,3,open
FB-10525,CU-5052,"Hello team, Payment reconciliation finally works without manual edits. This is impacting customers in Jaipur. Logged by the duty manager.",2026-02-10T03:55:00+00:00,InsightAnalytics,Finance,Chat,Delhi,Consumer,5,resolved
FB-10526,CU-4270,Need access for two additional analysts this week. I am following up because there was no response. Thanks.,2026-01-19T04:27:00+00:00,InsightPay,Sales,Mobile App,Dubai,Enterprise,3,in_progress
FB-10527,CU-6751,Appreciate the proactive outage communication. I attached screenshots in the original ticket. Sharing this from the field.,2026-02-16T03:17:00+00:00,InsightSecure,Customer Support,Chat,Delhi,Startup,5,closed
FB-10528,CU-5986,Quick update: Delivery was extremely late and customer support did not respond. I attached screenshots in the original ticket. Please advise.,2026-01-17T08:31:00+00:00,InsightSecure,Operations,Mobile App,Surat,Internal,2,open
FB-10529,CU-2742,"To be clear, Chat support was knowledgeable and patient. I attached screenshots in the original ticket. Sharing this from the field.",2026-05-16T08:13:00+00:00,InsightChat,Customer Support,Email,London,Internal,5,resolved
FB-10530,CU-3094,"To be clear, Billing error created an unauthorized charge on our card. The team mentioned InsightCloud in the weekly review. Sharing this from the field.",2026-04-01T06:34:00+00:00,InsightMobile,Customer Support,Call Center,Pune,Partner,2,resolved
FB-10531,CU-3112,The current plan is acceptable but we will compare alternatives. The team mentioned InsightCloud in the weekly review. Looking forward to a fix.,2026-06-21T00:10:00+00:00,InsightAnalytics,Finance,Social Media,Ahmedabad,Partner,4,open
FB-10532,CU-1058,Quick update: We may add twenty more seats if the trial goes well. A workaround exists but it is not acceptable long term. Sharing this from the field.,2026-03-13T19:17:00+00:00,InsightCRM,Operations,Email,Jaipur,SMB,4,in_progress
FB-10533,CU-4902,"Hello team, Price increase was communicated poorly and feels unjustified. A workaround exists but it is not acceptable long term. Please advise.",2025-12-31T05:14:00+00:00,InsightPay,Sales,Social Media,Ahmedabad,Internal,2,open
FB-10534,CU-2363,"Hello team, Noting that the internal survey was completed by HR. This happened after the latest update. Sharing this from the field.",2026-02-27T20:38:00+00:00,InsightSecure,Product,Social Media,New York,SMB,3,in_progress
FB-10535,CU-7258,"For the record, Great improvement in mobile performance this month. This happened after the latest update. Please advise.",2026-04-17T21:55:00+00:00,InsightCloud,Finance,Social Media,Dubai,Internal,4,resolved
FB-10536,CU-3430,"To be clear, Chat support was knowledgeable and patient. I attached screenshots in the original ticket. Logged by the duty manager.",2026-01-29T23:46:00+00:00,InsightChat,Customer Support,Internal,Surat,Consumer,5,open
FB-10537,CU-3351,"Hi, We cannot login to InsightCRM since the last update. The team mentioned InsightMobile in the weekly review.",2026-06-28T12:43:00+00:00,InsightCRM,Engineering,Mobile App,Pune,SMB,1,in_progress
FB-10538,CU-1716,Documentation update saved our engineering team hours. A workaround exists but it is not acceptable long term. Sharing this from the field.,2025-12-06T03:52:00+00:00,InsightPay,HR,Email,Delhi,Enterprise,4,open
FB-10539,CU-3672,"For the record, Where can I find the data retention policy? This happened after the latest update. Please advise.",2026-01-05T15:48:00+00:00,InsightPortal,HR,Social Media,Hyderabad,Consumer,3,open
FB-10540,CU-7314,"Hi, The courier missed the delivery window three times in Ahmedabad. This happened after the latest update.",2025-12-01T07:01:00+00:00,InsightCRM,Operations,Email,Hyderabad,Internal,1,open
FB-10541,CU-2389,Consider adding a weekly digest for managers. Please treat this as high priority. Thanks.,2025-12-20T19:21:00+00:00,InsightCloud,Product,Website,Jaipur,SMB,3,open
FB-10542,CU-7047,"For the record, Refund was issued quickly and with a clear explanation. This is impacting customers in London. Please advise.",2026-07-13T03:17:00+00:00,InsightPortal,Finance,Social Media,Singapore,Internal,5,resolved
FB-10543,CU-2481,Quick update: Is there a sandbox for InsightPay chargebacks? We have seen this twice already. Looking forward to a fix.,2025-12-29T18:27:00+00:00,InsightAnalytics,Operations,Survey,Mumbai,SMB,3,resolved
FB-10544,CU-9785,"For the record, Security alert fired after suspicious admin logins. This is impacting customers in Mumbai. Thanks.",2026-04-07T17:34:00+00:00,InsightPortal,Engineering,Call Center,Pune,Enterprise,2,in_progress
FB-10545,CU-6723,Refund was issued quickly and with a clear explanation. Please treat this as high priority. Thanks.,2026-04-01T04:58:00+00:00,InsightCloud,Customer Support,Survey,Dubai,SMB,4,open
FB-10546,CU-7958,"For the record, Call center agents read from a script and did not understand the issue. The issue started last Thursday. Thanks.",2026-01-06T12:46:00+00:00,InsightPay,Finance,Survey,Ahmedabad,Internal,2,open
FB-10547,CU-3295,I am delighted with the quality of the latest InsightMobile release. We have seen this twice already. Thanks.,2026-07-01T13:09:00+00:00,InsightMobile,Engineering,Social Media,Chennai,Consumer,4,resolved
FB-10548,CU-8443,"For the record, The interface redesign is intuitive and reduced training time. Please treat this as high priority.",2026-01-11T00:25:00+00:00,InsightChat,Finance,Social Media,Jaipur,Partner,5,open
FB-10549,CU-8674,"For the record, We cannot login to InsightAnalytics since the last update. A workaround exists but it is not acceptable long term. Thanks.",2026-01-26T12:11:00+00:00,InsightCloud,Engineering,Internal,Hyderabad,Internal,1,resolved
FB-10550,CU-3666,"Hi, How do I export department analytics for last quarter? I attached screenshots in the original ticket.",2026-05-04T10:01:00+00:00,InsightCRM,Customer Support,Mobile App,Surat,SMB,3,in_progress
FB-10551,CU-2527,"Hi, Sharing an FYI that finance will review invoices tomorrow. The issue started last Thursday.",2026-04-24T15:02:00+00:00,InsightPay,Product,Social Media,Ahmedabad,Startup,4,resolved
FB-10552,CU-3460,"For the record, Average experience so far, we are still evaluating InsightCRM. This is impacting customers in Mumbai. Logged by the duty manager.",2026-07-18T23:32:00+00:00,InsightCloud,Sales,Website,Jaipur,Consumer,3,in_progress
FB-10553,CU-3638,"For the record, The InsightAnalytics rollout is scheduled for next Monday in Mumbai. We have seen this twice already.",2026-06-25T21:41:00+00:00,InsightMobile,HR,Survey,Chennai,SMB,3,open
FB-10554,CU-6071,"To be clear, Documentation is outdated and caused a production misconfiguration. This is impacting customers in Delhi. Sharing this from the field.",2026-05-10T15:06:00+00:00,InsightPay,Operations,Mobile App,Chennai,Enterprise,2,in_progress
FB-10555,CU-3301,Authentication failures are blocking our entire sales team. Our enterprise account is affected.,2026-02-05T15:16:00+00:00,InsightPortal,Finance,Mobile App,Jaipur,Consumer,2,open
FB-10556,CU-1699,"Hi, It would help to have saved filters on the explorer table. I am following up because there was no response. Sharing this from the field.",2025-12-22T21:26:00+00:00,InsightPortal,Product,Website,New York,SMB,3,resolved
FB-10557,CU-9767,Quick update: Delivery to Bangalore was earlier than the estimated date. This is impacting customers in Jaipur.,2026-05-21T02:22:00+00:00,InsightPortal,Operations,Internal,Surat,Enterprise,4,open
FB-10558,CU-8447,"Hi, I am angry that the ticket was closed without a resolution. This is impacting customers in Surat. Please advise.",2026-05-29T23:30:00+00:00,InsightCloud,Customer Support,Website,Kolkata,SMB,1,closed
FB-10559,CU-5129,"Hi, Billing error created an unauthorized charge on our card. This happened after the latest update. Looking forward to a fix.",2026-01-24T00:48:00+00:00,InsightChat,Product,Email,Surat,SMB,1,open
FB-10560,CU-7866,"Hi, Payment reconciliation finally works without manual edits. This is impacting customers in London. Thanks.",2026-02-26T09:10:00+00:00,InsightCRM,Product,Internal,Chennai,Partner,4,resolved
FB-10561,CU-6185,Documentation is outdated and caused a production misconfiguration. I am following up because there was no response. Sharing this from the field.,2026-06-04T21:37:00+00:00,InsightMobile,Product,Website,Mumbai,Consumer,1,closed
FB-10562,CU-4581,"For the record, Great improvement in mobile performance this month. This is impacting customers in Kolkata.",2026-03-26T20:37:00+00:00,InsightCloud,Customer Support,Call Center,Pune,Internal,5,in_progress
FB-10563,CU-9177,"To be clear, I am angry that the ticket was closed without a resolution. The issue started last Thursday.",2026-02-16T09:32:00+00:00,InsightCloud,Customer Support,Internal,Pune,Consumer,1,open
FB-10564,CU-8167,"Hi, It would help to have saved filters on the explorer table. We have seen this twice already. Thanks.",2026-04-18T13:24:00+00:00,InsightAnalytics,HR,Social Media,New York,Partner,4,closed
FB-10565,CU-8276,Please confirm whether SSO is enabled for partner accounts. Please treat this as high priority. Sharing this from the field.,2026-06-10T19:59:00+00:00,InsightCloud,Finance,Website,London,Startup,3,resolved
FB-10566,CU-4668,"Hi, Mobile users report they cannot complete signup on InsightChat. The issue started last Thursday. Looking forward to a fix.",2026-06-19T23:25:00+00:00,InsightPay,Product,Social Media,Bangalore,Internal,2,open
FB-10567,CU-3792,The current plan is acceptable but we will compare alternatives. The issue started last Thursday.,2026-07-04T16:52:00+00:00,InsightSecure,Product,Chat,Delhi,Partner,3,closed
FB-10568,CU-4784,"For the record, I am angry that the ticket was closed without a resolution. I am following up because there was no response. Looking forward to a fix.",2026-07-20T10:33:00+00:00,InsightMobile,Customer Support,Mobile App,New York,SMB,2,in_progress
FB-10569,CU-9907,"Hello team, InsightSecure audit logs are exactly what compliance needed. Our enterprise account is affected.",2025-12-03T20:49:00+00:00,InsightMobile,Customer Support,Mobile App,Jaipur,Consumer,4,open
FB-10570,CU-2359,"Hello team, Feature request: webhook retries with exponential backoff. The issue started last Thursday. Sharing this from the field.",2026-06-16T08:42:00+00:00,InsightPay,Product,Email,London,Enterprise,4,resolved
FB-10571,CU-4407,"Hello team, Customer support resolved our incident in twenty minutes. I am following up because there was no response. Please advise.",2025-12-20T15:54:00+00:00,InsightSecure,Customer Support,Chat,Surat,Consumer,5,resolved
FB-10572,CU-6616,"For the record, I am delighted with the quality of the latest InsightCloud release. This is impacting customers in Hyderabad. Looking forward to a fix.",2025-12-03T05:42:00+00:00,InsightPay,Customer Support,Survey,Chennai,Partner,4,in_progress
FB-10573,CU-6366,Price increase was communicated poorly and feels unjustified. The issue started last Thursday. Sharing this from the field.,2026-07-10T11:07:00+00:00,InsightCRM,Customer Support,Email,Delhi,Enterprise,1,resolved
FB-10574,CU-5097,"For the record, Sharing an FYI that finance will review invoices tomorrow. The issue started last Thursday. Sharing this from the field.",2026-06-09T15:27:00+00:00,InsightChat,Operations,Email,Delhi,Internal,3,resolved
FB-10575,CU-6222,"Hello team, Documentation update saved our engineering team hours. I am following up because there was no response. Logged by the duty manager.",2026-03-19T19:47:00+00:00,InsightAnalytics,HR,Mobile App,Jaipur,Consumer,5,in_progress
FB-10576,CU-1490,"Hi, Great improvement in mobile performance this month. We have seen this twice already. Sharing this from the field.",2026-06-30T20:33:00+00:00,InsightSecure,Engineering,Mobile App,Mumbai,Startup,5,in_progress
FB-10577,CU-6268,"Hi, Response time from customer support is getting worse every week. I attached screenshots in the original ticket.",2025-12-03T22:21:00+00:00,InsightCRM,Customer Support,Call Center,Kolkata,Enterprise,2,in_progress
FB-10578,CU-6244,"To be clear, Sales team prepared a thoughtful demo for our executives. A workaround exists but it is not acceptable long term. Logged by the duty manager.",2026-03-18T21:48:00+00:00,InsightChat,Product,Call Center,Delhi,Enterprise,4,resolved
FB-10579,CU-1076,"To be clear, Payment reconciliation finally works without manual edits. Please treat this as high priority. Please advise.",2026-04-27T00:18:00+00:00,InsightPay,Finance,Internal,Bangalore,SMB,5,resolved
FB-10580,CU-6131,We are happy with the reliability of InsightPay this quarter. This happened after the latest update. Looking forward to a fix.,2026-02-20T11:25:00+00:00,InsightCloud,Sales,Internal,Jaipur,Enterprise,5,in_progress
FB-10581,CU-3788,I am delighted with the quality of the latest InsightPortal release. Please treat this as high priority.,2026-01-05T03:20:00+00:00,InsightChat,Operations,Mobile App,Delhi,Internal,4,closed
FB-10582,CU-3790,Call center agents read from a script and did not understand the issue. This happened after the latest update.,2026-02-06T10:44:00+00:00,InsightChat,Product,Email,Jaipur,Consumer,1,open
FB-10583,CU-2504,"To be clear, Package for InsightChat arrived damaged in London. The team mentioned InsightCloud in the weekly review. Thanks.",2026-04-05T08:20:00+00:00,InsightPortal,Operations,Social Media,Singapore,Startup,2,resolved
FB-10584,CU-6577,Response time from customer support is getting worse every week. Please treat this as high priority. Thanks.,2026-03-30T12:12:00+00:00,InsightPortal,Customer Support,Call Center,Dubai,Partner,1,resolved
FB-10585,CU-7556,"To be clear, Great improvement in mobile performance this month. The team mentioned InsightMobile in the weekly review.",2026-03-09T14:55:00+00:00,InsightCRM,HR,Call Center,Surat,Startup,4,in_progress
FB-10586,CU-5351,Chat support was knowledgeable and patient. The team mentioned InsightCloud in the weekly review. Thanks.,2026-02-07T00:30:00+00:00,InsightPortal,Customer Support,Mobile App,Kolkata,Enterprise,4,open
FB-10587,CU-5816,"Hi, I am angry that the ticket was closed without a resolution. I attached screenshots in the original ticket. Please advise.",2026-03-08T23:59:00+00:00,InsightChat,Customer Support,Call Center,Pune,SMB,2,in_progress
FB-10588,CU-4710,"Hello team, I am delighted with the quality of the latest InsightChat release. This happened after the latest update.",2026-02-07T07:04:00+00:00,InsightCloud,Product,Chat,Pune,Consumer,4,open
FB-10589,CU-4032,"Hello team, Noting that the internal survey was completed by HR. The issue started last Thursday. Please advise.",2026-05-02T09:46:00+00:00,InsightPay,Customer Support,Internal,New York,Startup,3,resolved
FB-10590,CU-5322,"Hi, Delivery to London was earlier than the estimated date. Please treat this as high priority. Looking forward to a fix.",2026-04-01T13:21:00+00:00,InsightPay,Operations,Mobile App,Mumbai,Internal,4,resolved
FB-10591,CU-9243,"Hello team, The latest release introduced a severe performance regression. This happened after the latest update. Looking forward to a fix.",2026-04-25T21:18:00+00:00,InsightCRM,Sales,Email,Singapore,SMB,1,resolved
FB-10592,CU-8935,Quick update: Refund for a failed InsightPortal payment is still pending. I attached screenshots in the original ticket. Please advise.,2026-06-30T11:19:00+00:00,InsightSecure,Customer Support,Mobile App,Bangalore,Internal,1,in_progress
FB-10593,CU-2462,Quick update: Delivery to Dubai was earlier than the estimated date. The issue started last Thursday.,2026-05-28T13:23:00+00:00,InsightCRM,Operations,Call Center,Pune,Internal,4,open
FB-10594,CU-9520,"Hi, Call center agents read from a script and did not understand the issue. We have seen this twice already. Please advise.",2026-07-30T08:19:00+00:00,InsightCRM,Customer Support,Survey,Dubai,Partner,2,open
FB-10595,CU-8976,"For the record, Where can I find the data retention policy? Please treat this as high priority. Thanks.",2026-04-13T09:39:00+00:00,InsightMobile,Product,Social Media,Surat,Startup,4,open
FB-10596,CU-9224,Quick update: Authentication failures are blocking our entire sales team. The team mentioned InsightAnalytics in the weekly review. Please advise.,2026-02-03T04:22:00+00:00,InsightAnalytics,HR,Email,Surat,Internal,1,open
FB-10597,CU-5280,We may add twenty more seats if the trial goes well. Please treat this as high priority. Looking forward to a fix.,2026-05-13T12:27:00+00:00,InsightChat,Customer Support,Social Media,Jaipur,Startup,3,open
FB-10598,CU-8555,"Hello team, We are happy with the reliability of InsightSecure this quarter. I am following up because there was no response. Please advise.",2026-01-21T09:19:00+00:00,InsightCloud,Product,Email,Pune,Consumer,4,open
FB-10599,CU-3303,Quick update: Appreciate the proactive outage communication. I attached screenshots in the original ticket. Looking forward to a fix.,2025-12-08T17:01:00+00:00,InsightChat,Customer Support,Social Media,Singapore,SMB,5,in_progress
FB-10600,CU-2753,"For the record, Duplicate invoices were sent to finance after renewal. This is impacting customers in Pune.",2026-07-03T01:05:00+00:00,InsightPay,Product,Survey,Jaipur,Enterprise,2,resolved
FB-10601,CU-9115,"To be clear, Appreciate the proactive outage communication. This happened after the latest update. Logged by the duty manager.",2025-12-14T22:13:00+00:00,InsightMobile,Sales,Email,Delhi,Internal,5,resolved
FB-10602,CU-8761,Authentication failures are blocking our entire sales team. The team mentioned InsightCRM in the weekly review.,2026-04-13T03:15:00+00:00,InsightCRM,Customer Support,Website,Dubai,Partner,1,in_progress
FB-10603,CU-3396,"Hello team, Support never called back after I reported a critical outage. The team mentioned InsightMobile in the weekly review. Sharing this from the field.",2026-03-23T21:39:00+00:00,InsightCloud,Customer Support,Website,Mumbai,SMB,2,resolved
FB-10604,CU-2758,"For the record, Delivery to Chennai was earlier than the estimated date. The team mentioned InsightAnalytics in the weekly review.",2026-05-20T08:25:00+00:00,InsightChat,Operations,Internal,Pune,Consumer,5,open
FB-10605,CU-8509,"For the record, Support never called back after I reported a critical outage. I am following up because there was no response. Logged by the duty manager.",2025-12-11T11:08:00+00:00,InsightPortal,Customer Support,Social Media,Ahmedabad,SMB,2,open
FB-10606,CU-3294,"Average experience so far, we are still evaluating InsightCRM. A workaround exists but it is not acceptable long term. Thanks.",2026-05-17T23:36:00+00:00,InsightSecure,Engineering,Social Media,Singapore,Internal,3,open
FB-10607,CU-7615,"For the record, We are happy with the reliability of InsightPortal this quarter. The team mentioned InsightMobile in the weekly review. Sharing this from the field.",2026-01-03T22:20:00+00:00,InsightSecure,Sales,Mobile App,Ahmedabad,Enterprise,5,resolved
FB-10608,CU-2014,"Hello team, Support never called back after I reported a critical outage. The team mentioned InsightSecure in the weekly review. Logged by the duty manager.",2026-06-05T12:48:00+00:00,InsightChat,Customer Support,Social Media,Surat,Enterprise,1,resolved
FB-10609,CU-8168,Quick update: The latest release introduced a severe performance regression. I attached screenshots in the original ticket. Looking forward to a fix.,2026-04-22T06:12:00+00:00,InsightAnalytics,Customer Support,Social Media,Delhi,SMB,2,resolved
FB-10610,CU-9955,"For the record, Sales team prepared a thoughtful demo for our executives. I am following up because there was no response.",2026-07-17T00:23:00+00:00,InsightChat,Sales,Mobile App,Hyderabad,SMB,4,resolved
FB-10611,CU-7162,"Hi, Need access for two additional analysts this week. The issue started last Thursday. Please advise.",2026-06-24T02:28:00+00:00,InsightChat,Finance,Mobile App,Jaipur,Enterprise,4,open
FB-10612,CU-3586,"To be clear, Customer support resolved our incident in twenty minutes. The issue started last Thursday. Please advise.",2026-07-25T08:24:00+00:00,InsightSecure,Customer Support,Social Media,Surat,Partner,4,in_progress
FB-10613,CU-5274,"For the record, Noting that the internal survey was completed by HR. I am following up because there was no response.",2026-05-17T00:02:00+00:00,InsightSecure,Engineering,Call Center,Hyderabad,Enterprise,3,open
FB-10614,CU-8844,Appreciate the proactive outage communication. This happened after the latest update. Sharing this from the field.,2026-02-27T02:26:00+00:00,InsightCloud,Sales,Email,Bangalore,Internal,5,open
FB-10615,CU-1296,"Hi, Price increase was communicated poorly and feels unjustified. I attached screenshots in the original ticket. Thanks.",2026-06-17T06:34:00+00:00,InsightChat,Customer Support,Internal,Ahmedabad,Consumer,1,resolved
FB-10616,CU-4801,Documentation update saved our engineering team hours. We have seen this twice already. Sharing this from the field.,2026-02-26T13:58:00+00:00,InsightPay,Operations,Mobile App,Jaipur,Enterprise,5,open
FB-10617,CU-5001,Noting that the internal survey was completed by HR. This happened after the latest update.,2026-01-16T09:02:00+00:00,InsightSecure,Product,Social Media,Mumbai,Partner,3,in_progress
FB-10618,CU-5001,"For the record, The interface redesign is intuitive and reduced training time. Our enterprise account is affected. Logged by the duty manager.",2026-06-01T09:23:00+00:00,InsightAnalytics,HR,Social Media,Hyderabad,Internal,5,in_progress
FB-10619,CU-7101,The latest release introduced a severe performance regression. I am following up because there was no response. Thanks.,2026-02-17T23:35:00+00:00,InsightCRM,Customer Support,Email,Ahmedabad,SMB,1,resolved
FB-10620,CU-1308,"Hi, I am delighted with the quality of the latest InsightCloud release. The team mentioned InsightPay in the weekly review. Sharing this from the field.",2025-12-16T08:54:00+00:00,InsightChat,Engineering,Chat,Pune,Consumer,5,open
FB-10621,CU-1448,"To be clear, We cannot login to InsightChat since the last update. This happened after the latest update. Please advise.",2026-07-25T08:51:00+00:00,InsightCRM,Engineering,Survey,New York,Partner,2,in_progress
FB-10622,CU-7247,"For the record, Appreciate the proactive outage communication. Please treat this as high priority. Please advise.",2026-04-26T23:36:00+00:00,InsightAnalytics,Operations,Internal,New York,SMB,5,open
FB-10623,CU-1202,"To be clear, The courier missed the delivery window three times in Delhi. A workaround exists but it is not acceptable long term. Looking forward to a fix.",2026-03-03T08:42:00+00:00,InsightAnalytics,Operations,Mobile App,Bangalore,Partner,2,resolved
FB-10624,CU-2303,Is there a sandbox for InsightPay chargebacks? The team mentioned InsightPay in the weekly review. Looking forward to a fix.,2026-05-13T17:13:00+00:00,InsightChat,Customer Support,Social Media,Jaipur,Partner,3,open
FB-10625,CU-2875,Quick update: We cannot login to InsightAnalytics since the last update. Our enterprise account is affected. Thanks.,2026-01-07T19:41:00+00:00,InsightPay,Engineering,Website,Mumbai,Internal,1,in_progress
FB-10626,CU-2788,"Hi, Great improvement in mobile performance this month. The issue started last Thursday. Please advise.",2026-04-18T22:02:00+00:00,InsightCRM,Product,Mobile App,Kolkata,Consumer,4,open
FB-10627,CU-7686,"For the record, Billing error created an unauthorized charge on our card. I attached screenshots in the original ticket. Looking forward to a fix.",2026-02-22T19:50:00+00:00,InsightSecure,Customer Support,Survey,Chennai,Startup,1,resolved
FB-10628,CU-7206,"To be clear, The InsightAnalytics checkout failed and I was still charged. I am following up because there was no response. Thanks.",2026-06-18T23:32:00+00:00,InsightSecure,Operations,Website,London,Internal,2,open
FB-10629,CU-5410,"For the record, Consider adding a weekly digest for managers. The issue started last Thursday.",2026-03-31T21:33:00+00:00,InsightPortal,Product,Call Center,Dubai,Partner,3,open
FB-10630,CU-9284,Response time from customer support is getting worse every week. The team mentioned InsightSecure in the weekly review. Logged by the duty manager.,2026-08-03T13:23:00+00:00,InsightCloud,Customer Support,Mobile App,Hyderabad,Internal,2,in_progress
FB-10631,CU-6142,Quick update: Documentation is outdated and caused a production misconfiguration. We have seen this twice already. Logged by the duty manager.,2026-05-05T08:50:00+00:00,InsightAnalytics,Product,Mobile App,Surat,Consumer,1,in_progress
FB-10632,CU-2654,Where can I find the data retention policy? The issue started last Thursday. Thanks.,2026-06-14T17:45:00+00:00,InsightPortal,Finance,Email,Dubai,Enterprise,3,resolved
FB-10633,CU-6515,"Hi, We cannot login to InsightCloud since the last update. A workaround exists but it is not acceptable long term. Thanks.",2026-01-31T22:18:00+00:00,InsightCloud,Engineering,Mobile App,New York,Enterprise,2,open
FB-10634,CU-1127,Quick update: Feature request: webhook retries with exponential backoff. The team mentioned InsightChat in the weekly review. Logged by the duty manager.,2026-06-04T18:58:00+00:00,InsightCloud,Operations,Survey,London,Internal,4,in_progress
FB-10635,CU-6288,Quick update: We cannot login to InsightAnalytics since the last update. Please treat this as high priority. Please advise.,2026-07-18T16:37:00+00:00,InsightChat,Engineering,Chat,Hyderabad,SMB,2,closed
FB-10636,CU-5726,"Hi, Billing error created an unauthorized charge on our card. Our enterprise account is affected. Please advise.",2026-02-09T15:28:00+00:00,InsightCRM,Operations,Social Media,Jaipur,Enterprise,2,closed
FB-10637,CU-4328,"To be clear, Delivery to Delhi was earlier than the estimated date. A workaround exists but it is not acceptable long term.",2025-12-02T15:53:00+00:00,InsightPay,Operations,Social Media,Jaipur,Consumer,5,resolved
FB-10638,CU-2295,Quick update: Chat support was knowledgeable and patient. Please treat this as high priority. Looking forward to a fix.,2026-02-10T23:42:00+00:00,InsightCloud,Customer Support,Call Center,New York,Enterprise,5,open
FB-10639,CU-1583,"For the record, Payment reconciliation finally works without manual edits. A workaround exists but it is not acceptable long term. Please advise.",2026-07-27T22:50:00+00:00,InsightSecure,Operations,Website,Delhi,SMB,4,in_progress
FB-10640,CU-4509,"Hello team, We may add twenty more seats if the trial goes well. The team mentioned InsightMobile in the weekly review. Logged by the duty manager.",2026-01-20T20:56:00+00:00,InsightCloud,Sales,Website,Pune,Enterprise,3,in_progress
FB-10641,CU-4799,Quick update: Appreciate the proactive outage communication. This is impacting customers in Jaipur. Logged by the duty manager.,2026-02-28T15:33:00+00:00,InsightMobile,Product,Social Media,London,Consumer,5,in_progress
FB-10642,CU-3886,"Hello team, Refund was issued quickly and with a clear explanation. The team mentioned InsightAnalytics in the weekly review.",2026-02-22T07:42:00+00:00,InsightChat,Customer Support,Internal,Hyderabad,Internal,5,open
FB-10643,CU-6295,Quick update: Appreciate the proactive outage communication. The team mentioned InsightPortal in the weekly review. Logged by the duty manager.,2026-02-07T16:13:00+00:00,InsightChat,Customer Support,Social Media,London,Startup,4,in_progress
FB-10644,CU-3728,"For the record, It would help to have saved filters on the explorer table. This happened after the latest update. Thanks.",2026-02-17T14:26:00+00:00,InsightCRM,Sales,Call Center,Singapore,Internal,4,open
FB-10645,CU-1806,Where can I find the data retention policy? I am following up because there was no response. Looking forward to a fix.,2026-07-22T11:49:00+00:00,InsightCloud,Finance,Call Center,Hyderabad,Partner,4,open
FB-10646,CU-1328,"Hello team, Call center agents read from a script and did not understand the issue. The issue started last Thursday. Please advise.",2026-04-21T23:15:00+00:00,InsightPay,Customer Support,Mobile App,Kolkata,Consumer,1,resolved
FB-10647,CU-2391,"Hi, Authentication failures are blocking our entire sales team. The issue started last Thursday. Logged by the duty manager.",2026-03-13T04:52:00+00:00,InsightAnalytics,HR,Mobile App,Surat,Partner,2,resolved
FB-10648,CU-9394,"For the record, It would help to have saved filters on the explorer table. A workaround exists but it is not acceptable long term. Sharing this from the field.",2026-07-08T09:50:00+00:00,InsightSecure,Engineering,Website,Bangalore,Startup,3,in_progress
FB-10649,CU-1282,"Hello team, Search is too slow to be usable during business hours. Our enterprise account is affected. Looking forward to a fix.",2026-02-11T22:34:00+00:00,InsightCRM,Engineering,Internal,New York,Consumer,2,closed
FB-10650,CU-2370,"Hello team, Need access for two additional analysts this week. The issue started last Thursday. Looking forward to a fix.",2025-12-28T20:19:00+00:00,InsightSecure,Operations,Mobile App,Kolkata,SMB,3,open
FB-10651,CU-6535,Quick update: Where can I find the data retention policy? We have seen this twice already. Sharing this from the field.,2025-12-16T15:16:00+00:00,InsightChat,Product,Email,Ahmedabad,Startup,4,resolved
FB-10652,CU-7974,Quick update: Chat support was knowledgeable and patient. The issue started last Thursday. Please advise.,2026-03-29T22:30:00+00:00,InsightCloud,Customer Support,Mobile App,Pune,SMB,5,resolved
FB-10653,CU-1151,Quick update: Support never called back after I reported a critical outage. The team mentioned InsightCloud in the weekly review. Looking forward to a fix.,2026-04-04T04:47:00+00:00,InsightChat,Customer Support,Social Media,Surat,Consumer,2,closed
FB-10654,CU-5116,"For the record, We are happy with the reliability of InsightAnalytics this quarter. I attached screenshots in the original ticket. Thanks.",2026-05-25T06:51:00+00:00,InsightSecure,Customer Support,Internal,Chennai,SMB,4,closed
FB-10655,CU-2537,"Hi, Need access for two additional analysts this week. A workaround exists but it is not acceptable long term. Looking forward to a fix.",2025-12-18T00:19:00+00:00,InsightCRM,Operations,Internal,Hyderabad,Enterprise,3,open
FB-10656,CU-7607,"For the record, Delivery to Hyderabad was earlier than the estimated date. A workaround exists but it is not acceptable long term.",2026-06-29T13:37:00+00:00,InsightAnalytics,Operations,Social Media,Kolkata,Partner,4,resolved
FB-10657,CU-5542,"Hi, Search is too slow to be usable during business hours. The issue started last Thursday. Sharing this from the field.",2026-04-30T20:49:00+00:00,InsightChat,Product,Internal,Delhi,SMB,2,open
FB-10658,CU-8728,"Hello team, Billing error created an unauthorized charge on our card. I am following up because there was no response. Looking forward to a fix.",2026-07-18T01:08:00+00:00,InsightPortal,Engineering,Survey,Bangalore,Partner,1,resolved
FB-10659,CU-5550,"Hi, I am angry that the ticket was closed without a resolution. This is impacting customers in Hyderabad. Sharing this from the field.",2026-07-15T19:53:00+00:00,InsightCRM,Customer Support,Email,Dubai,Consumer,1,in_progress
FB-10660,CU-4129,"Hi, InsightSecure audit logs are exactly what compliance needed. Please treat this as high priority. Thanks.",2026-06-16T21:22:00+00:00,InsightChat,Operations,Chat,Hyderabad,SMB,4,closed
FB-10661,CU-5473,"To be clear, We may add twenty more seats if the trial goes well. A workaround exists but it is not acceptable long term. Please advise.",2026-07-23T08:32:00+00:00,InsightPay,Sales,Website,London,Startup,3,resolved
FB-10662,CU-7054,"For the record, Appreciate the proactive outage communication. This happened after the latest update. Looking forward to a fix.",2026-04-05T05:30:00+00:00,InsightCloud,Customer Support,Website,Jaipur,Internal,5,open
FB-10663,CU-1273,Quick update: Is there a sandbox for InsightPay chargebacks? This is impacting customers in Ahmedabad. Logged by the duty manager.,2025-12-25T17:17:00+00:00,InsightCRM,Finance,Survey,Dubai,Internal,3,resolved
FB-10664,CU-3827,"For the record, We cannot login to InsightSecure since the last update. This happened after the latest update. Logged by the duty manager.",2026-06-30T16:09:00+00:00,InsightAnalytics,Engineering,Internal,Ahmedabad,Startup,1,resolved
FB-10665,CU-2904,"To be clear, Documentation update saved our engineering team hours. This happened after the latest update. Please advise.",2026-04-25T22:05:00+00:00,InsightPortal,Customer Support,Mobile App,Mumbai,Internal,4,open
FB-10666,CU-3174,"Hi, Delivery was extremely late and customer support did not respond. This happened after the latest update. Looking forward to a fix.",2026-02-17T21:41:00+00:00,InsightCRM,Operations,Social Media,Ahmedabad,Consumer,1,resolved
FB-10667,CU-6957,"Hello team, Package for InsightSecure arrived damaged in Pune. The issue started last Thursday. Thanks.",2026-03-23T08:05:00+00:00,InsightPortal,Product,Survey,Singapore,Internal,2,in_progress
FB-10668,CU-6606,"To be clear, Consider adding a weekly digest for managers. I am following up because there was no response. Sharing this from the field.",2026-02-27T20:51:00+00:00,InsightAnalytics,Operations,Social Media,Surat,Partner,4,resolved
FB-10669,CU-2713,"Hello team, Mobile users report they cannot complete signup on InsightAnalytics. Please treat this as high priority. Looking forward to a fix.",2026-04-24T12:42:00+00:00,InsightPay,Product,Survey,Dubai,Enterprise,2,open
FB-10670,CU-7542,Quick update: Great improvement in mobile performance this month. I attached screenshots in the original ticket. Sharing this from the field.,2026-06-26T19:29:00+00:00,InsightChat,Customer Support,Internal,Dubai,SMB,4,open
FB-10671,CU-1467,"Hello team, Refund for a failed InsightPortal payment is still pending. This is impacting customers in Ahmedabad. Sharing this from the field.",2026-06-17T08:36:00+00:00,InsightChat,Sales,Email,Kolkata,SMB,2,closed
FB-10672,CU-8546,"Hi, Need access for two additional analysts this week. We have seen this twice already.",2026-06-24T11:29:00+00:00,InsightChat,Operations,Website,London,SMB,3,open
FB-10673,CU-6647,Authentication failures are blocking our entire sales team. The issue started last Thursday. Logged by the duty manager.,2026-04-22T11:00:00+00:00,InsightPortal,Operations,Mobile App,Chennai,Partner,2,resolved
FB-10674,CU-7956,"Hello team, We are happy with the reliability of InsightPortal this quarter. This is impacting customers in New York.",2026-06-14T04:25:00+00:00,InsightSecure,Product,Chat,Kolkata,Enterprise,5,open
FB-10675,CU-4769,"Hello team, Refund was issued quickly and with a clear explanation. I am following up because there was no response. Please advise.",2026-06-29T00:39:00+00:00,InsightChat,Customer Support,Email,Chennai,SMB,5,open
FB-10676,CU-7524,"Hi, I am frustrated that the InsightSecure app crashes during payment. We have seen this twice already. Please advise.",2025-12-09T08:26:00+00:00,InsightMobile,Engineering,Mobile App,Chennai,Enterprise,2,open
FB-10677,CU-1893,"Hello team, Consider adding a weekly digest for managers. This happened after the latest update. Sharing this from the field.",2026-03-27T00:31:00+00:00,InsightChat,Engineering,Social Media,Pune,Startup,3,resolved
FB-10678,CU-1113,"To be clear, Mobile users report they cannot complete signup on InsightSecure. The team mentioned InsightSecure in the weekly review. Please advise.",2026-04-16T12:55:00+00:00,InsightCloud,Operations,Survey,New York,Partner,2,open
FB-10679,CU-7974,Refund was issued quickly and with a clear explanation. This happened after the latest update.,2025-12-13T19:43:00+00:00,InsightSecure,Product,Survey,London,Startup,5,resolved
FB-10680,CU-7491,Quick update: The courier missed the delivery window three times in Bangalore. I attached screenshots in the original ticket. Please advise.,2026-05-02T03:22:00+00:00,InsightPay,Operations,Call Center,Mumbai,Enterprise,1,in_progress
FB-10681,CU-7107,"For the record, Package for InsightPortal arrived damaged in Pune. Our enterprise account is affected. Sharing this from the field.",2026-04-25T14:02:00+00:00,InsightCloud,Product,Website,Mumbai,Partner,2,closed
FB-10682,CU-2298,"For the record, We are happy with the reliability of InsightCloud this quarter. A workaround exists but it is not acceptable long term. Logged by the duty manager.",2025-12-06T05:47:00+00:00,InsightAnalytics,Finance,Chat,Surat,SMB,5,in_progress
FB-10683,CU-7531,Quick update: Where can I find the data retention policy? This happened after the latest update. Thanks.,2026-05-26T05:17:00+00:00,InsightPay,Sales,Email,London,Startup,3,open
FB-10684,CU-2044,"Quick update: Loved the new InsightChat dashboard, it is clean and fast. We have seen this twice already. Sharing this from the field.",2026-01-26T07:01:00+00:00,InsightSecure,Operations,Social Media,New York,Internal,5,resolved
FB-10685,CU-9175,Documentation update saved our engineering team hours. This is impacting customers in Kolkata. Please advise.,2026-06-29T14:09:00+00:00,InsightPortal,HR,Call Center,Kolkata,Internal,5,open
FB-10686,CU-6166,Quick update: Documentation update saved our engineering team hours. I am following up because there was no response. Sharing this from the field.,2026-06-10T16:23:00+00:00,InsightAnalytics,Product,Internal,London,Consumer,5,open
FB-10687,CU-3023,Delivery to Jaipur was earlier than the estimated date. This is impacting customers in Singapore. Please advise.,2026-01-30T12:58:00+00:00,InsightMobile,Operations,Mobile App,Pune,SMB,5,open
FB-10688,CU-2730,Quick update: Authentication failures are blocking our entire sales team. We have seen this twice already. Please advise.,2026-02-10T10:49:00+00:00,InsightSecure,Finance,Survey,Kolkata,Partner,2,in_progress
FB-10689,CU-8602,Quick update: I am angry that the ticket was closed without a resolution. The team mentioned InsightAnalytics in the weekly review. Thanks.,2025-12-01T17:53:00+00:00,InsightSecure,Customer Support,Email,London,Enterprise,2,in_progress
FB-10690,CU-5095,"To be clear, Documentation update saved our engineering team hours. This happened after the latest update. Sharing this from the field.",2026-04-26T23:26:00+00:00,InsightPay,Product,Email,Jaipur,Internal,5,in_progress
FB-10691,CU-4273,"To be clear, The latest release introduced a severe performance regression. I am following up because there was no response. Thanks.",2026-06-04T07:11:00+00:00,InsightPortal,Finance,Survey,Mumbai,Startup,2,open
FB-10692,CU-3609,"Hello team, Search is too slow to be usable during business hours. The issue started last Thursday. Looking forward to a fix.",2026-06-24T19:53:00+00:00,InsightSecure,HR,Call Center,Chennai,Internal,1,closed
FB-10693,CU-8877,Quick update: The InsightChat checkout failed and I was still charged. A workaround exists but it is not acceptable long term.,2026-04-17T03:45:00+00:00,InsightPay,Engineering,Website,Bangalore,Consumer,2,resolved
FB-10694,CU-7764,The InsightSecure rollout is scheduled for next Monday in Pune. A workaround exists but it is not acceptable long term.,2026-06-11T03:46:00+00:00,InsightMobile,Product,Survey,Mumbai,SMB,3,resolved
FB-10695,CU-5225,Quick update: Support never called back after I reported a critical outage. Please treat this as high priority. Thanks.,2026-05-26T14:21:00+00:00,InsightPortal,Customer Support,Social Media,Jaipur,Enterprise,2,resolved
FB-10696,CU-5831,"Hi, Authentication failures are blocking our entire sales team. I attached screenshots in the original ticket. Please advise.",2026-05-12T09:30:00+00:00,InsightPortal,Customer Support,Email,New York,Internal,2,open
FB-10697,CU-3791,"Hello team, Chat support was knowledgeable and patient. The issue started last Thursday. Sharing this from the field.",2025-12-04T08:23:00+00:00,InsightChat,Customer Support,Survey,London,SMB,5,in_progress
FB-10698,CU-6067,"To be clear, Sales team prepared a thoughtful demo for our executives. The team mentioned InsightMobile in the weekly review. Looking forward to a fix.",2025-12-04T21:04:00+00:00,InsightSecure,Operations,Call Center,Delhi,SMB,4,open
FB-10699,CU-4318,Quick update: The current plan is acceptable but we will compare alternatives. The issue started last Thursday. Sharing this from the field.,2026-07-05T16:57:00+00:00,InsightCRM,Finance,Survey,London,Enterprise,3,in_progress
FB-10700,CU-5015,Refund for a failed InsightCloud payment is still pending. A workaround exists but it is not acceptable long term. Looking forward to a fix.,2026-02-01T08:51:00+00:00,InsightMobile,Finance,Call Center,New York,Internal,1,in_progress
FB-10701,CU-8819,"Hello team, Duplicate invoices were sent to finance after renewal. Our enterprise account is affected. Logged by the duty manager.",2026-02-16T01:13:00+00:00,InsightCRM,Operations,Internal,Surat,Partner,2,closed
FB-10702,CU-1157,Quick update: I am frustrated that the InsightCRM app crashes during payment. Please treat this as high priority. Thanks.,2026-01-25T19:31:00+00:00,InsightAnalytics,Engineering,Chat,Dubai,Enterprise,2,resolved
FB-10703,CU-5649,"Hi, The interface redesign is intuitive and reduced training time. I am following up because there was no response. Looking forward to a fix.",2026-05-11T05:21:00+00:00,InsightPortal,Sales,Social Media,Bangalore,Partner,5,open
FB-10704,CU-8078,"Hello team, Call center agents read from a script and did not understand the issue. The team mentioned InsightCloud in the weekly review. Looking forward to a fix.",2026-03-31T15:10:00+00:00,InsightMobile,Customer Support,Social Media,Surat,Consumer,2,open
FB-10705,CU-4445,"Hi, Chat support was knowledgeable and patient. Please treat this as high priority. Sharing this from the field.",2026-03-31T03:43:00+00:00,InsightAnalytics,Customer Support,Email,Hyderabad,SMB,5,open
FB-10706,CU-5974,Quick update: Delivery to Jaipur was earlier than the estimated date. We have seen this twice already. Logged by the duty manager.,2026-02-07T07:59:00+00:00,InsightAnalytics,Operations,Survey,Mumbai,Startup,5,open
FB-10707,CU-5492,Quick update: Refund for a failed InsightPortal payment is still pending. This is impacting customers in Singapore.,2026-03-01T20:51:00+00:00,InsightMobile,Engineering,Website,Dubai,Internal,2,open
FB-10708,CU-9240,Quick update: Payment reconciliation finally works without manual edits. I attached screenshots in the original ticket. Looking forward to a fix.,2026-06-08T06:51:00+00:00,InsightCRM,Customer Support,Internal,Dubai,Startup,5,open
FB-10709,CU-2661,"For the record, Refund for a failed InsightPortal payment is still pending. I am following up because there was no response. Looking forward to a fix.",2026-02-02T08:38:00+00:00,InsightChat,Customer Support,Website,London,Startup,2,open
FB-10710,CU-5017,"For the record, Authentication failures are blocking our entire sales team. We have seen this twice already. Looking forward to a fix.",2026-02-15T18:12:00+00:00,InsightCloud,Engineering,Survey,Jaipur,Partner,2,resolved
FB-10711,CU-4519,Price increase was communicated poorly and feels unjustified. This happened after the latest update. Logged by the duty manager.,2026-08-03T11:57:00+00:00,InsightPortal,Finance,Email,Hyderabad,Consumer,2,open
FB-10712,CU-9657,Billing error created an unauthorized charge on our card. I am following up because there was no response. Logged by the duty manager.,2026-06-25T15:51:00+00:00,InsightPay,HR,Website,Kolkata,Startup,2,open
FB-10713,CU-3592,"To be clear, Loved the new InsightSecure dashboard, it is clean and fast. A workaround exists but it is not acceptable long term. Please advise.",2025-12-20T18:05:00+00:00,InsightCloud,Sales,Mobile App,Jaipur,Consumer,5,resolved
FB-10714,CU-9646,Quick update: The current plan is acceptable but we will compare alternatives. This is impacting customers in Chennai. Logged by the duty manager.,2025-12-19T05:41:00+00:00,InsightSecure,Engineering,Chat,Ahmedabad,Consumer,4,in_progress
FB-10715,CU-4282,"Hello team, I am angry that the ticket was closed without a resolution. The issue started last Thursday. Please advise.",2026-06-15T10:34:00+00:00,InsightPortal,Customer Support,Survey,New York,Partner,2,open
FB-10716,CU-4421,"To be clear, We may add twenty more seats if the trial goes well. Please treat this as high priority.",2026-08-02T02:20:00+00:00,InsightSecure,Operations,Call Center,Bangalore,SMB,4,in_progress
FB-10717,CU-7540,Quick update: Billing error created an unauthorized charge on our card. We have seen this twice already.,2026-01-23T12:03:00+00:00,InsightPortal,Engineering,Call Center,Delhi,Consumer,2,in_progress
FB-10718,CU-9305,"For the record, We cannot login to InsightCloud since the last update. The issue started last Thursday. Sharing this from the field.",2026-03-17T06:13:00+00:00,InsightCloud,Engineering,Survey,Chennai,Startup,2,in_progress
FB-10719,CU-2383,The InsightPay rollout is scheduled for next Monday in Pune. This is impacting customers in Dubai. Please advise.,2026-03-22T20:19:00+00:00,InsightCRM,Finance,Chat,Chennai,Enterprise,3,closed
FB-10720,CU-4437,Refund for a failed InsightPay payment is still pending. The issue started last Thursday. Thanks.,2026-05-27T15:48:00+00:00,InsightPay,Customer Support,Social Media,Hyderabad,Partner,1,in_progress
FB-10721,CU-5344,We cannot login to InsightMobile since the last update. We have seen this twice already. Thanks.,2026-02-17T12:40:00+00:00,InsightSecure,Engineering,Survey,Ahmedabad,Enterprise,1,open
FB-10722,CU-7879,"To be clear, The InsightMobile rollout is scheduled for next Monday in Pune. This happened after the latest update. Logged by the duty manager.",2025-12-26T00:22:00+00:00,InsightCRM,Customer Support,Mobile App,Surat,Consumer,3,in_progress
FB-10723,CU-9074,Quick update: We are happy with the reliability of InsightPortal this quarter. I am following up because there was no response. Looking forward to a fix.,2026-05-18T17:23:00+00:00,InsightCloud,Engineering,Call Center,Mumbai,SMB,5,in_progress
FB-10724,CU-8571,Quick update: How do I export department analytics for last quarter? Please treat this as high priority. Please advise.,2026-01-27T08:11:00+00:00,InsightAnalytics,Product,Social Media,Singapore,SMB,3,open
FB-10725,CU-1191,"Hello team, Package for InsightPay arrived damaged in New York. This is impacting customers in Singapore. Thanks.",2025-12-09T07:10:00+00:00,InsightChat,Product,Internal,Chennai,Startup,2,open
FB-10726,CU-4052,"Hi, Where can I find the data retention policy? The issue started last Thursday. Sharing this from the field.",2026-02-10T20:49:00+00:00,InsightSecure,Product,Social Media,Hyderabad,Consumer,3,resolved
FB-10727,CU-2820,"Hi, Customer support resolved our incident in twenty minutes. A workaround exists but it is not acceptable long term. Looking forward to a fix.",2026-01-02T03:14:00+00:00,InsightPortal,Customer Support,Mobile App,Kolkata,Internal,5,open
FB-10728,CU-6798,"To be clear, Sharing an FYI that finance will review invoices tomorrow. A workaround exists but it is not acceptable long term. Thanks.",2026-01-06T21:14:00+00:00,InsightPay,Operations,Email,Jaipur,Partner,4,in_progress
FB-10729,CU-7947,"Hello team, Can you schedule a training session for the operations team? A workaround exists but it is not acceptable long term.",2026-05-12T19:14:00+00:00,InsightMobile,Sales,Call Center,Bangalore,Enterprise,3,closed
FB-10730,CU-2094,"Hi, Sharing an FYI that finance will review invoices tomorrow. This is impacting customers in Chennai. Thanks.",2025-12-20T08:45:00+00:00,InsightAnalytics,Operations,Website,Singapore,Consumer,3,open
FB-10731,CU-3487,"To be clear, Delivery to Pune was earlier than the estimated date. We have seen this twice already. Thanks.",2026-01-27T08:08:00+00:00,InsightChat,Operations,Call Center,Chennai,SMB,4,resolved
FB-10732,CU-8444,"For the record, The InsightCloud rollout is scheduled for next Monday in Kolkata. Our enterprise account is affected. Sharing this from the field.",2026-03-23T09:52:00+00:00,InsightCloud,Sales,Email,Surat,Internal,3,open
FB-10733,CU-9566,Quick update: The InsightChat checkout failed and I was still charged. Our enterprise account is affected. Looking forward to a fix.,2026-05-27T15:48:00+00:00,InsightAnalytics,Operations,Mobile App,Surat,Internal,2,resolved
FB-10734,CU-9320,Great improvement in mobile performance this month. The team mentioned InsightChat in the weekly review. Logged by the duty manager.,2026-06-06T08:57:00+00:00,InsightAnalytics,Finance,Survey,Pune,Internal,4,resolved
FB-10735,CU-7157,Quick update: Please confirm whether SSO is enabled for partner accounts. The team mentioned InsightCRM in the weekly review. Thanks.,2026-02-07T03:49:00+00:00,InsightPortal,Sales,Chat,Ahmedabad,Partner,3,open
FB-10736,CU-1653,"Hello team, Consider adding a weekly digest for managers. Please treat this as high priority. Please advise.",2026-07-20T19:26:00+00:00,InsightChat,Finance,Survey,London,Consumer,4,resolved
FB-10737,CU-1464,"To be clear, Sales team prepared a thoughtful demo for our executives. This is impacting customers in Delhi. Thanks.",2025-12-26T09:58:00+00:00,InsightChat,HR,Internal,Dubai,Startup,4,open
FB-10738,CU-7575,Quick update: Great improvement in mobile performance this month. The team mentioned InsightPay in the weekly review. Logged by the duty manager.,2026-01-23T17:49:00+00:00,InsightSecure,Finance,Survey,Singapore,SMB,5,resolved
FB-10739,CU-4050,"Hi, Can you schedule a training session for the operations team? A workaround exists but it is not acceptable long term.",2026-03-14T10:39:00+00:00,InsightPortal,Finance,Chat,Delhi,Startup,3,resolved
FB-10740,CU-9818,Great improvement in mobile performance this month. We have seen this twice already.,2026-07-21T16:44:00+00:00,InsightAnalytics,HR,Email,Pune,Partner,4,resolved
FB-10741,CU-2346,"Hi, I am frustrated that the InsightChat app crashes during payment. Our enterprise account is affected. Sharing this from the field.",2026-07-24T12:06:00+00:00,InsightAnalytics,Engineering,Survey,Delhi,Consumer,1,resolved
FB-10742,CU-4992,"For the record, Package for InsightAnalytics arrived damaged in Ahmedabad. The team mentioned InsightCRM in the weekly review. Thanks.",2026-05-15T06:09:00+00:00,InsightPay,Product,Website,Dubai,Partner,2,in_progress
FB-10743,CU-7065,"To be clear, Sales team prepared a thoughtful demo for our executives. We have seen this twice already. Looking forward to a fix.",2026-06-22T11:51:00+00:00,InsightAnalytics,Engineering,Survey,Delhi,Startup,5,in_progress
FB-10744,CU-4669,"To be clear, Package for InsightSecure arrived damaged in Dubai. The issue started last Thursday. Logged by the duty manager.",2025-12-27T19:14:00+00:00,InsightSecure,Finance,Internal,Bangalore,Partner,2,resolved
FB-10745,CU-6806,I am delighted with the quality of the latest InsightPortal release. This is impacting customers in Mumbai. Sharing this from the field.,2025-12-15T11:30:00+00:00,InsightMobile,Customer Support,Mobile App,New York,Startup,5,in_progress
FB-10746,CU-4810,"For the record, Need access for two additional analysts this week. I am following up because there was no response. Thanks.",2026-03-26T09:34:00+00:00,InsightAnalytics,Product,Chat,Mumbai,Partner,3,closed
FB-10747,CU-3938,Chat support was knowledgeable and patient. This happened after the latest update.,2026-03-16T23:10:00+00:00,InsightCRM,Customer Support,Email,Ahmedabad,Internal,5,closed
FB-10748,CU-6818,Quick update: Can you schedule a training session for the operations team? This is impacting customers in Singapore. Looking forward to a fix.,2026-07-05T10:11:00+00:00,InsightCloud,Product,Email,New York,Consumer,3,resolved
FB-10749,CU-1997,"For the record, Delivery to Pune was earlier than the estimated date. The issue started last Thursday. Logged by the duty manager.",2026-06-11T03:33:00+00:00,InsightAnalytics,Operations,Website,London,Startup,4,open
FB-10750,CU-9768,Price increase was communicated poorly and feels unjustified. I attached screenshots in the original ticket. Sharing this from the field.,2026-08-02T05:12:00+00:00,InsightPortal,Customer Support,Call Center,Hyderabad,Enterprise,1,resolved
FB-10751,CU-6106,"Hello team, Where can I find the data retention policy? We have seen this twice already. Sharing this from the field.",2026-05-09T01:59:00+00:00,InsightCloud,HR,Social Media,Surat,Startup,3,resolved
FB-10752,CU-5034,"Hi, Delivery to Chennai was earlier than the estimated date. The issue started last Thursday. Looking forward to a fix.",2026-06-19T14:07:00+00:00,InsightCloud,Operations,Survey,Mumbai,SMB,5,closed
FB-10753,CU-9715,"For the record, InsightSecure audit logs are exactly what compliance needed. I attached screenshots in the original ticket. Logged by the duty manager.",2025-12-24T21:41:00+00:00,InsightSecure,Customer Support,Chat,Singapore,Partner,5,resolved
FB-10754,CU-8931,Quick update: Package for InsightPortal arrived damaged in Singapore. The issue started last Thursday. Looking forward to a fix.,2026-04-05T00:31:00+00:00,InsightCloud,Product,Chat,Bangalore,Consumer,1,closed
FB-10755,CU-1458,"Hi, The current plan is acceptable but we will compare alternatives. This happened after the latest update. Sharing this from the field.",2026-01-14T20:20:00+00:00,InsightPay,Sales,Website,Bangalore,Consumer,4,open
FB-10756,CU-6247,"Hi, The InsightChat rollout is scheduled for next Monday in New York. A workaround exists but it is not acceptable long term. Logged by the duty manager.",2025-12-26T14:11:00+00:00,InsightCRM,Finance,Mobile App,New York,SMB,3,in_progress
FB-10757,CU-4741,Refund was issued quickly and with a clear explanation. This is impacting customers in New York. Please advise.,2026-06-27T10:11:00+00:00,InsightChat,HR,Survey,Dubai,Consumer,4,open
FB-10758,CU-5556,"For the record, Response time from customer support is getting worse every week. I am following up because there was no response. Logged by the duty manager.",2025-12-03T13:52:00+00:00,InsightChat,Customer Support,Call Center,Dubai,Consumer,2,open
FB-10759,CU-4004,"For the record, I am angry that the ticket was closed without a resolution. The team mentioned InsightMobile in the weekly review. Thanks.",2025-12-30T05:57:00+00:00,InsightPortal,Customer Support,Survey,Mumbai,Internal,1,open
FB-10760,CU-3082,"To be clear, We are happy with the reliability of InsightChat this quarter. A workaround exists but it is not acceptable long term. Please advise.",2026-06-29T06:05:00+00:00,InsightPortal,Operations,Website,Chennai,Consumer,4,open
FB-10761,CU-9251,"To be clear, I am angry that the ticket was closed without a resolution. Please treat this as high priority. Please advise.",2026-03-24T19:49:00+00:00,InsightPay,Customer Support,Call Center,Singapore,SMB,1,resolved
FB-10762,CU-4014,Quick update: Delivery was extremely late and customer support did not respond. Our enterprise account is affected. Thanks.,2026-03-08T04:18:00+00:00,InsightCloud,Operations,Call Center,Hyderabad,Internal,2,resolved
FB-10763,CU-9753,"Hello team, Mobile users report they cannot complete signup on InsightCloud. The issue started last Thursday. Thanks.",2025-12-29T21:04:00+00:00,InsightChat,Sales,Website,Jaipur,Internal,1,open
FB-10764,CU-1576,Quick update: Can you schedule a training session for the operations team? Please treat this as high priority.,2026-06-15T18:07:00+00:00,InsightCRM,HR,Mobile App,Ahmedabad,Internal,3,resolved
FB-10765,CU-3509,"For the record, Refund was issued quickly and with a clear explanation. I am following up because there was no response. Thanks.",2026-02-03T11:40:00+00:00,InsightPortal,Engineering,Internal,Kolkata,Startup,5,open
FB-10766,CU-3048,We cannot login to InsightChat since the last update. We have seen this twice already. Looking forward to a fix.,2026-03-28T13:45:00+00:00,InsightCRM,Engineering,Survey,Delhi,Consumer,1,in_progress
FB-10767,CU-4128,"Hi, Appreciate the proactive outage communication. This is impacting customers in Hyderabad. Please advise.",2026-06-04T16:13:00+00:00,InsightCRM,Operations,Call Center,Dubai,Internal,5,resolved
FB-10768,CU-7752,"Hi, We are happy with the reliability of InsightPortal this quarter. This is impacting customers in London. Thanks.",2025-12-28T17:41:00+00:00,InsightPortal,Product,Website,Delhi,SMB,5,open
FB-10769,CU-7584,Consider adding a weekly digest for managers. This is impacting customers in Chennai. Logged by the duty manager.,2026-05-20T05:17:00+00:00,InsightMobile,Finance,Call Center,Mumbai,Consumer,3,open
FB-10770,CU-6844,Package for InsightPortal arrived damaged in Hyderabad. I am following up because there was no response.,2026-07-24T01:21:00+00:00,InsightCloud,Product,Call Center,New York,SMB,1,closed
FB-10771,CU-7802,"Hi, I am frustrated that the InsightSecure app crashes during payment. I attached screenshots in the original ticket. Logged by the duty manager.",2025-12-26T17:10:00+00:00,InsightMobile,Customer Support,Mobile App,Kolkata,Partner,2,in_progress
FB-10772,CU-3792,"For the record, The interface redesign is intuitive and reduced training time. Our enterprise account is affected. Thanks.",2026-01-04T12:30:00+00:00,InsightChat,Engineering,Website,Jaipur,Internal,5,closed
FB-10773,CU-7449,"To be clear, Mobile users report they cannot complete signup on InsightMobile. This happened after the latest update. Please advise.",2025-12-18T05:08:00+00:00,InsightAnalytics,Finance,Email,Surat,Internal,2,open
FB-10774,CU-1384,"To be clear, Payment reconciliation finally works without manual edits. I am following up because there was no response. Sharing this from the field.",2026-07-06T08:12:00+00:00,InsightAnalytics,Sales,Internal,Hyderabad,SMB,5,open
FB-10775,CU-1174,"Hi, Authentication failures are blocking our entire sales team. This is impacting customers in Ahmedabad. Logged by the duty manager.",2025-12-21T10:35:00+00:00,InsightPay,Operations,Website,Bangalore,Consumer,2,open
FB-10776,CU-4160,"Hi, Documentation update saved our engineering team hours. Our enterprise account is affected. Sharing this from the field.",2026-02-26T04:22:00+00:00,InsightAnalytics,Sales,Internal,Bangalore,Startup,5,open
FB-10777,CU-2431,"Hello team, The interface redesign is intuitive and reduced training time. I attached screenshots in the original ticket.",2026-03-06T02:09:00+00:00,InsightCRM,Customer Support,Mobile App,Ahmedabad,Internal,4,open
FB-10778,CU-2329,"Hi, Is there a sandbox for InsightPay chargebacks? I am following up because there was no response. Logged by the duty manager.",2025-12-15T22:08:00+00:00,InsightCRM,Finance,Email,Surat,Internal,4,closed
FB-10779,CU-5719,"For the record, Response time from customer support is getting worse every week. Please treat this as high priority. Sharing this from the field.",2026-05-31T15:38:00+00:00,InsightMobile,Customer Support,Website,Chennai,SMB,1,in_progress
FB-10780,CU-7466,Billing error created an unauthorized charge on our card. A workaround exists but it is not acceptable long term. Logged by the duty manager.,2026-07-06T10:48:00+00:00,InsightCRM,Operations,Social Media,Jaipur,Consumer,1,in_progress
FB-10781,CU-9092,Documentation is outdated and caused a production misconfiguration. I attached screenshots in the original ticket. Logged by the duty manager.,2026-06-12T05:04:00+00:00,InsightPay,Customer Support,Survey,New York,Enterprise,2,resolved
FB-10782,CU-6227,"Hi, Please confirm whether SSO is enabled for partner accounts. Please treat this as high priority. Logged by the duty manager.",2026-08-03T02:36:00+00:00,InsightAnalytics,Finance,Internal,Hyderabad,Internal,4,resolved
FB-10783,CU-7606,"To be clear, Authentication failures are blocking our entire sales team. A workaround exists but it is not acceptable long term. Thanks.",2026-03-15T14:56:00+00:00,InsightPortal,Product,Internal,Dubai,Consumer,2,in_progress
FB-10784,CU-4013,"For the record, I am angry that the ticket was closed without a resolution. We have seen this twice already. Thanks.",2026-03-22T21:57:00+00:00,InsightMobile,Customer Support,Call Center,Surat,Enterprise,1,in_progress
FB-10785,CU-8128,"Hi, Refund for a failed InsightCRM payment is still pending. The team mentioned InsightChat in the weekly review. Sharing this from the field.",2026-04-04T19:46:00+00:00,InsightPortal,Engineering,Email,Chennai,Internal,1,open
FB-10786,CU-6089,"Hello team, Please confirm whether SSO is enabled for partner accounts. The team mentioned InsightAnalytics in the weekly review. Sharing this from the field.",2026-04-05T00:19:00+00:00,InsightMobile,Product,Chat,Jaipur,Enterprise,3,in_progress
FB-10787,CU-4824,Quick update: Great improvement in mobile performance this month. We have seen this twice already.,2026-03-17T07:13:00+00:00,InsightSecure,Finance,Survey,London,Consumer,4,resolved
FB-10788,CU-8696,"For the record, Refund was issued quickly and with a clear explanation. The issue started last Thursday. Sharing this from the field.",2026-05-06T07:52:00+00:00,InsightCRM,Engineering,Website,Hyderabad,Partner,4,closed
FB-10789,CU-3344,"To be clear, Delivery to Surat was earlier than the estimated date. A workaround exists but it is not acceptable long term. Logged by the duty manager.",2026-03-10T06:50:00+00:00,InsightAnalytics,Operations,Survey,Dubai,Enterprise,5,in_progress
FB-10790,CU-2972,"Hello team, Delivery was extremely late and customer support did not respond. I am following up because there was no response. Please advise.",2026-05-04T17:12:00+00:00,InsightCRM,Operations,Social Media,New York,Enterprise,2,resolved
FB-10791,CU-7039,Price increase was communicated poorly and feels unjustified. This is impacting customers in New York. Please advise.,2026-02-14T00:01:00+00:00,InsightChat,Customer Support,Internal,Singapore,SMB,1,in_progress
FB-10792,CU-1277,Quick update: Delivery to Singapore was earlier than the estimated date. I attached screenshots in the original ticket. Please advise.,2026-03-27T09:10:00+00:00,InsightMobile,Operations,Mobile App,Ahmedabad,Startup,4,in_progress
FB-10793,CU-1645,"Hi, Refund for a failed InsightChat payment is still pending. This happened after the latest update. Looking forward to a fix.",2026-07-03T01:41:00+00:00,InsightAnalytics,Product,Website,New York,Internal,2,resolved
FB-10794,CU-6629,"Hello team, We are happy with the reliability of InsightCloud this quarter. We have seen this twice already. Logged by the duty manager.",2026-08-06T11:21:00+00:00,InsightCloud,Engineering,Mobile App,Chennai,Consumer,4,in_progress
FB-10795,CU-4694,"Hello team, The interface redesign is intuitive and reduced training time. We have seen this twice already. Looking forward to a fix.",2026-01-28T07:03:00+00:00,InsightPay,Customer Support,Internal,Ahmedabad,Enterprise,4,open
FB-10796,CU-7798,"For the record, Package for InsightMobile arrived damaged in Kolkata. I attached screenshots in the original ticket. Logged by the duty manager.",2026-06-14T09:31:00+00:00,InsightPay,Customer Support,Mobile App,Ahmedabad,SMB,2,in_progress
FB-10797,CU-7132,"Hi, Search is too slow to be usable during business hours. I attached screenshots in the original ticket. Sharing this from the field.",2026-01-08T17:00:00+00:00,InsightAnalytics,Customer Support,Chat,Mumbai,SMB,1,resolved
FB-10798,CU-4028,"Hi, Billing error created an unauthorized charge on our card. This is impacting customers in London. Looking forward to a fix.",2026-08-05T20:42:00+00:00,InsightChat,Operations,Mobile App,Ahmedabad,Consumer,2,resolved
FB-10799,CU-5134,"For the record, Is there a sandbox for InsightPay chargebacks? I am following up because there was no response. Logged by the duty manager.",2026-03-03T14:03:00+00:00,InsightCRM,Sales,Call Center,Kolkata,Enterprise,4,open
FB-10800,CU-5071,"Hi, We cannot login to InsightSecure since the last update. The team mentioned InsightChat in the weekly review. Looking forward to a fix.",2026-07-24T15:30:00+00:00,InsightAnalytics,Engineering,Mobile App,Jaipur,Enterprise,1,closed
FB-10801,CU-4527,"Hi, Where can I find the data retention policy? This happened after the latest update. Looking forward to a fix.",2026-08-04T05:06:00+00:00,InsightPay,Product,Call Center,Pune,Internal,4,resolved
FB-10802,CU-3860,"Hello team, Documentation is outdated and caused a production misconfiguration. This happened after the latest update. Please advise.",2026-07-24T20:47:00+00:00,InsightPay,Engineering,Website,Surat,Enterprise,1,resolved
FB-10803,CU-9149,"For the record, We are happy with the reliability of InsightAnalytics this quarter. This happened after the latest update. Logged by the duty manager.",2026-03-12T21:24:00+00:00,InsightPay,Customer Support,Chat,Dubai,Consumer,4,in_progress
FB-10804,CU-8339,"Hi, Where can I find the data retention policy? Please treat this as high priority. Logged by the duty manager.",2025-12-07T21:17:00+00:00,InsightCRM,Operations,Website,London,Enterprise,3,resolved
FB-10805,CU-7082,"Hi, It would help to have saved filters on the explorer table. The issue started last Thursday.",2026-06-29T15:34:00+00:00,InsightMobile,Product,Email,Hyderabad,Internal,3,resolved
FB-10806,CU-5148,"Hi, Refund was issued quickly and with a clear explanation. The team mentioned InsightSecure in the weekly review. Thanks.",2026-04-18T13:23:00+00:00,InsightChat,Customer Support,Email,Hyderabad,Startup,5,resolved
FB-10807,CU-7493,"Hi, Sales team prepared a thoughtful demo for our executives. I attached screenshots in the original ticket. Sharing this from the field.",2026-07-06T18:08:00+00:00,InsightCRM,Customer Support,Mobile App,Dubai,Consumer,5,closed
FB-10808,CU-2915,"To be clear, Average experience so far, we are still evaluating InsightPay. Please treat this as high priority. Logged by the duty manager.",2026-05-25T22:50:00+00:00,InsightSecure,Engineering,Survey,New York,Startup,4,in_progress
FB-10809,CU-1009,Quick update: The interface redesign is intuitive and reduced training time. I am following up because there was no response. Logged by the duty manager.,2026-05-14T14:09:00+00:00,InsightCRM,Finance,Mobile App,Chennai,SMB,4,closed
FB-10810,CU-4392,"Hello team, Payment reconciliation finally works without manual edits. This is impacting customers in Dubai. Sharing this from the field.",2025-12-07T00:01:00+00:00,InsightAnalytics,Customer Support,Email,Dubai,Internal,5,open
FB-10811,CU-1686,"To be clear, Support never called back after I reported a critical outage. This is impacting customers in New York. Please advise.",2026-01-23T09:27:00+00:00,InsightPortal,Customer Support,Internal,Ahmedabad,Consumer,2,open
FB-10812,CU-2422,"For the record, Security alert fired after suspicious admin logins. A workaround exists but it is not acceptable long term. Sharing this from the field.",2026-04-05T00:24:00+00:00,InsightPay,Engineering,Internal,Bangalore,Partner,2,open
FB-10813,CU-7727,Quick update: Support never called back after I reported a critical outage. I attached screenshots in the original ticket.,2026-06-17T22:54:00+00:00,InsightPortal,Customer Support,Mobile App,Ahmedabad,Internal,2,open
FB-10814,CU-2927,"Hello team, The current plan is acceptable but we will compare alternatives. The team mentioned InsightCloud in the weekly review. Looking forward to a fix.",2026-03-10T17:41:00+00:00,InsightPay,Product,Internal,Mumbai,Consumer,4,open
FB-10815,CU-7172,Authentication failures are blocking our entire sales team. Please treat this as high priority. Thanks.,2025-12-02T12:49:00+00:00,InsightMobile,HR,Website,Bangalore,SMB,1,open
FB-10816,CU-8044,"Hello team, Where can I find the data retention policy? The team mentioned InsightCloud in the weekly review. Thanks.",2026-04-24T00:28:00+00:00,InsightPortal,Product,Website,New York,Partner,4,closed
FB-10817,CU-7575,Quick update: Call center agents read from a script and did not understand the issue. The team mentioned InsightPay in the weekly review. Sharing this from the field.,2025-12-17T02:16:00+00:00,InsightSecure,Engineering,Call Center,Mumbai,Enterprise,1,open
FB-10818,CU-4316,"Hi, We cannot login to InsightCRM since the last update. A workaround exists but it is not acceptable long term. Looking forward to a fix.",2026-04-29T13:07:00+00:00,InsightPay,Engineering,Email,Bangalore,SMB,1,resolved
FB-10819,CU-8870,"For the record, Great improvement in mobile performance this month. This happened after the latest update. Please advise.",2026-02-16T04:20:00+00:00,InsightCRM,HR,Call Center,Delhi,Internal,5,in_progress
FB-10820,CU-7774,"For the record, Customer support resolved our incident in twenty minutes. A workaround exists but it is not acceptable long term. Thanks.",2026-04-02T16:04:00+00:00,InsightMobile,Customer Support,Survey,Delhi,Startup,5,in_progress
FB-10821,CU-9348,"For the record, The InsightSecure rollout is scheduled for next Monday in Singapore. This is impacting customers in Delhi. Logged by the duty manager.",2026-05-05T07:47:00+00:00,InsightMobile,Engineering,Chat,London,Internal,3,open
FB-10822,CU-5544,Payment reconciliation finally works without manual edits. Please treat this as high priority. Looking forward to a fix.,2026-05-30T04:49:00+00:00,InsightPay,Product,Chat,Bangalore,Consumer,4,resolved
FB-10823,CU-6522,Quick update: Can you schedule a training session for the operations team? A workaround exists but it is not acceptable long term. Sharing this from the field.,2026-04-30T22:35:00+00:00,InsightMobile,Engineering,Mobile App,New York,Consumer,3,closed
FB-10824,CU-4133,"Hi, Refund was issued quickly and with a clear explanation. Our enterprise account is affected. Sharing this from the field.",2026-07-26T10:58:00+00:00,InsightCRM,Sales,Survey,Bangalore,SMB,5,resolved
FB-10825,CU-9892,"For the record, Documentation update saved our engineering team hours. I am following up because there was no response. Thanks.",2026-02-14T06:43:00+00:00,InsightSecure,Finance,Survey,Delhi,Consumer,5,in_progress
FB-10826,CU-6593,"For the record, Authentication failures are blocking our entire sales team. I am following up because there was no response. Looking forward to a fix.",2026-04-03T22:17:00+00:00,InsightPortal,Sales,Email,Bangalore,Partner,2,open
FB-10827,CU-5353,"Hi, I am angry that the ticket was closed without a resolution. Please treat this as high priority. Looking forward to a fix.",2026-06-29T08:32:00+00:00,InsightChat,Customer Support,Website,Pune,Internal,2,closed
FB-10828,CU-9769,"Hello team, I am delighted with the quality of the latest InsightChat release. I attached screenshots in the original ticket.",2026-07-05T02:17:00+00:00,InsightCloud,Customer Support,Social Media,Mumbai,Enterprise,5,closed
FB-10829,CU-5370,The onboarding specialist made InsightPay easy to adopt. I am following up because there was no response. Please advise.,2026-02-11T13:15:00+00:00,InsightCRM,Operations,Survey,Dubai,SMB,5,open
FB-10830,CU-2567,"To be clear, Great improvement in mobile performance this month. This is impacting customers in Kolkata.",2026-06-08T19:17:00+00:00,InsightPortal,Customer Support,Call Center,Dubai,Consumer,4,open
FB-10831,CU-4496,"Hello team, Delivery to Delhi was earlier than the estimated date. Our enterprise account is affected. Logged by the duty manager.",2026-07-09T19:54:00+00:00,InsightChat,Operations,Call Center,Surat,Enterprise,5,in_progress
FB-10832,CU-9176,"To be clear, Delivery to Dubai was earlier than the estimated date. I am following up because there was no response. Please advise.",2026-03-22T16:21:00+00:00,InsightSecure,Operations,Chat,Dubai,Consumer,4,resolved
FB-10833,CU-8695,"Hi, I am frustrated that the InsightChat app crashes during payment. This is impacting customers in Delhi. Please advise.",2026-06-02T09:57:00+00:00,InsightCRM,Engineering,Website,London,Partner,1,open
FB-10834,CU-6705,Quick update: I am delighted with the quality of the latest InsightPay release. I am following up because there was no response.,2026-03-25T13:05:00+00:00,InsightChat,Product,Call Center,Bangalore,Startup,5,closed
FB-10835,CU-1820,We cannot login to InsightMobile since the last update. I am following up because there was no response. Looking forward to a fix.,2025-12-24T22:58:00+00:00,InsightMobile,Engineering,Social Media,Surat,Partner,1,closed
FB-10836,CU-1854,"Hello team, Payment reconciliation finally works without manual edits. This is impacting customers in Dubai. Thanks.",2026-04-13T02:14:00+00:00,InsightCloud,Sales,Email,Bangalore,Partner,5,in_progress
FB-10837,CU-3931,Delivery to Ahmedabad was earlier than the estimated date. The issue started last Thursday. Please advise.,2026-06-18T14:35:00+00:00,InsightSecure,Operations,Email,Kolkata,SMB,4,open
FB-10838,CU-5575,"Hello team, We cannot login to InsightAnalytics since the last update. This happened after the latest update. Thanks.",2026-07-05T04:15:00+00:00,InsightSecure,Engineering,Internal,Delhi,Consumer,1,open
FB-10839,CU-9871,Quick update: Response time from customer support is getting worse every week. I am following up because there was no response. Thanks.,2026-04-15T15:43:00+00:00,InsightChat,Customer Support,Chat,Kolkata,Consumer,2,closed
FB-10840,CU-7756,"To be clear, Can you schedule a training session for the operations team? Our enterprise account is affected. Looking forward to a fix.",2025-12-19T19:23:00+00:00,InsightAnalytics,Customer Support,Chat,Pune,Startup,3,open
FB-10841,CU-8193,"To be clear, Billing error created an unauthorized charge on our card. This is impacting customers in Chennai. Logged by the duty manager.",2026-03-12T07:09:00+00:00,InsightPay,Operations,Social Media,Chennai,Consumer,2,in_progress
FB-10842,CU-8100,"Hello team, We are happy with the reliability of InsightCRM this quarter. We have seen this twice already. Thanks.",2026-03-06T01:22:00+00:00,InsightPortal,Engineering,Mobile App,Jaipur,Startup,5,open
FB-10843,CU-1404,"Hi, I am delighted with the quality of the latest InsightPay release. The team mentioned InsightCloud in the weekly review. Thanks.",2025-12-03T03:09:00+00:00,InsightAnalytics,Customer Support,Call Center,London,Partner,5,open
FB-10844,CU-9420,"Hi, Great improvement in mobile performance this month. I am following up because there was no response.",2026-07-15T14:48:00+00:00,InsightPortal,Engineering,Website,London,Partner,5,resolved
FB-10845,CU-7289,"For the record, Customer support resolved our incident in twenty minutes. This is impacting customers in London. Looking forward to a fix.",2026-02-07T04:09:00+00:00,InsightCRM,Customer Support,Social Media,Pune,SMB,5,open
FB-10846,CU-1613,"Hello team, Package for InsightCRM arrived damaged in Pune. I am following up because there was no response. Looking forward to a fix.",2026-07-23T06:00:00+00:00,InsightCloud,Operations,Social Media,New York,Consumer,2,resolved
FB-10847,CU-6349,"Hi, We cannot login to InsightPortal since the last update. Please treat this as high priority. Sharing this from the field.",2026-08-02T08:36:00+00:00,InsightSecure,Engineering,Email,London,Internal,2,resolved
FB-10848,CU-7630,The interface redesign is intuitive and reduced training time. I am following up because there was no response. Looking forward to a fix.,2026-07-29T16:19:00+00:00,InsightPortal,Finance,Website,Jaipur,Startup,5,resolved
FB-10849,CU-6426,"Hello team, Package for InsightCRM arrived damaged in Dubai. The issue started last Thursday.",2026-03-03T13:47:00+00:00,InsightChat,Engineering,Social Media,Surat,SMB,2,open
FB-10850,CU-6046,Quick update: We are happy with the reliability of InsightCloud this quarter. I attached screenshots in the original ticket. Looking forward to a fix.,2026-08-08T00:21:00+00:00,InsightSecure,Customer Support,Call Center,Chennai,Consumer,4,closed
FB-10851,CU-2345,"To be clear, The onboarding specialist made InsightChat easy to adopt. The issue started last Thursday. Thanks.",2026-02-22T18:24:00+00:00,InsightCloud,Customer Support,Mobile App,Singapore,Internal,5,open
FB-10852,CU-2433,Quick update: I am delighted with the quality of the latest InsightCloud release. We have seen this twice already. Thanks.,2026-07-04T11:43:00+00:00,InsightSecure,Finance,Website,Mumbai,Startup,4,open
FB-10853,CU-5660,"Hello team, Search is too slow to be usable during business hours. I am following up because there was no response. Thanks.",2026-02-07T18:18:00+00:00,InsightCloud,HR,Email,Surat,Consumer,1,resolved
FB-10854,CU-9337,"Hi, Price increase was communicated poorly and feels unjustified. I am following up because there was no response.",2026-01-11T22:30:00+00:00,InsightPortal,Product,Social Media,Bangalore,Internal,2,resolved
FB-10855,CU-2764,"Hello team, InsightSecure audit logs are exactly what compliance needed. Our enterprise account is affected. Looking forward to a fix.",2025-12-10T02:03:00+00:00,InsightCloud,Operations,Internal,Mumbai,SMB,4,resolved
FB-10856,CU-4436,Quick update: Refund for a failed InsightSecure payment is still pending. The issue started last Thursday.,2026-04-21T23:37:00+00:00,InsightAnalytics,Finance,Internal,London,Enterprise,2,open
FB-10857,CU-3177,"Hello team, Great improvement in mobile performance this month. This happened after the latest update. Looking forward to a fix.",2026-06-19T22:55:00+00:00,InsightSecure,Engineering,Survey,New York,Internal,5,in_progress
FB-10858,CU-4313,Search is too slow to be usable during business hours. We have seen this twice already. Looking forward to a fix.,2026-07-15T04:15:00+00:00,InsightPortal,Product,Email,Pune,Enterprise,1,resolved
FB-10859,CU-7401,Appreciate the proactive outage communication. I am following up because there was no response.,2026-01-24T04:21:00+00:00,InsightAnalytics,Sales,Call Center,Pune,Internal,5,resolved
FB-10860,CU-4783,"Hi, Appreciate the proactive outage communication. The team mentioned InsightPay in the weekly review.",2026-08-05T02:30:00+00:00,InsightChat,Engineering,Survey,Dubai,Partner,5,open
FB-10861,CU-8045,"Hi, The InsightCRM checkout failed and I was still charged. I am following up because there was no response.",2026-01-26T14:15:00+00:00,InsightChat,Customer Support,Website,Surat,Startup,1,in_progress
FB-10862,CU-6383,"To be clear, It would help to have saved filters on the explorer table. Our enterprise account is affected. Thanks.",2026-02-12T03:54:00+00:00,InsightCRM,Engineering,Email,Kolkata,Internal,4,open
FB-10863,CU-3651,Customer support resolved our incident in twenty minutes. The issue started last Thursday. Thanks.,2026-01-13T21:18:00+00:00,InsightAnalytics,Customer Support,Chat,Delhi,Internal,5,open
FB-10864,CU-8393,"Hello team, Authentication failures are blocking our entire sales team. A workaround exists but it is not acceptable long term.",2026-06-18T08:11:00+00:00,InsightCloud,HR,Survey,Surat,Partner,1,resolved
FB-10865,CU-1298,Feature request: webhook retries with exponential backoff. I am following up because there was no response. Please advise.,2026-03-10T06:34:00+00:00,InsightAnalytics,Finance,Mobile App,Surat,SMB,3,open
FB-10866,CU-2096,Quick update: Call center agents read from a script and did not understand the issue. I attached screenshots in the original ticket. Looking forward to a fix.,2026-01-24T05:12:00+00:00,InsightPortal,Customer Support,Call Center,Dubai,Internal,2,closed
FB-10867,CU-6549,"Average experience so far, we are still evaluating InsightPortal. I attached screenshots in the original ticket.",2026-04-26T11:01:00+00:00,InsightSecure,Customer Support,Chat,New York,Enterprise,3,closed
FB-10868,CU-6194,"Hello team, Please confirm whether SSO is enabled for partner accounts. Please treat this as high priority. Looking forward to a fix.",2026-06-04T10:07:00+00:00,InsightPay,HR,Call Center,Bangalore,Partner,4,resolved
FB-10869,CU-6052,Quick update: Support never called back after I reported a critical outage. We have seen this twice already. Thanks.,2025-12-20T16:23:00+00:00,InsightCloud,Customer Support,Social Media,Pune,Enterprise,2,open
FB-10870,CU-2291,We cannot login to InsightCloud since the last update. We have seen this twice already.,2026-07-16T03:11:00+00:00,InsightCRM,Engineering,Call Center,Ahmedabad,Startup,2,open
FB-10871,CU-1852,"For the record, The current plan is acceptable but we will compare alternatives. A workaround exists but it is not acceptable long term. Please advise.",2026-02-18T13:05:00+00:00,InsightSecure,Product,Email,Surat,Enterprise,3,closed
FB-10872,CU-6473,"To be clear, Customer support resolved our incident in twenty minutes. The team mentioned InsightSecure in the weekly review.",2026-07-29T17:57:00+00:00,InsightCRM,Customer Support,Email,Mumbai,Internal,5,closed
FB-10873,CU-4072,"For the record, Customer support resolved our incident in twenty minutes. The issue started last Thursday. Logged by the duty manager.",2025-12-02T21:33:00+00:00,InsightAnalytics,Customer Support,Internal,Kolkata,SMB,5,open
FB-10874,CU-7884,"Hello team, I am angry that the ticket was closed without a resolution. A workaround exists but it is not acceptable long term. Looking forward to a fix.",2026-02-12T08:15:00+00:00,InsightCloud,Customer Support,Social Media,London,Partner,2,in_progress
FB-10875,CU-5095,"Hello team, It would help to have saved filters on the explorer table. Our enterprise account is affected. Logged by the duty manager.",2026-02-02T04:45:00+00:00,InsightPay,Operations,Website,New York,Enterprise,3,resolved
FB-10876,CU-3365,"Hello team, Billing error created an unauthorized charge on our card. I am following up because there was no response. Logged by the duty manager.",2026-03-16T03:21:00+00:00,InsightCRM,Engineering,Email,New York,Internal,1,resolved
FB-10877,CU-9010,"For the record, Can you schedule a training session for the operations team? A workaround exists but it is not acceptable long term. Thanks.",2026-03-10T11:12:00+00:00,InsightCRM,Engineering,Social Media,Pune,Enterprise,3,open
FB-10878,CU-1225,"Hi, Delivery to Singapore was earlier than the estimated date. This happened after the latest update. Thanks.",2026-01-06T09:17:00+00:00,InsightMobile,Operations,Internal,Singapore,Partner,5,open
FB-10879,CU-4840,Quick update: Payment reconciliation finally works without manual edits. The issue started last Thursday. Looking forward to a fix.,2026-01-26T14:57:00+00:00,InsightMobile,Customer Support,Internal,Pune,SMB,5,closed
FB-10880,CU-2031,"Hi, The interface redesign is intuitive and reduced training time. Our enterprise account is affected. Logged by the duty manager.",2026-04-12T09:47:00+00:00,InsightChat,Customer Support,Mobile App,Delhi,Startup,4,open
FB-10881,CU-4069,Call center agents read from a script and did not understand the issue. The team mentioned InsightPay in the weekly review. Please advise.,2026-04-25T10:00:00+00:00,InsightPortal,Operations,Mobile App,New York,Startup,2,resolved
FB-10882,CU-6320,"To be clear, Appreciate the proactive outage communication. The issue started last Thursday. Sharing this from the field.",2026-03-08T15:39:00+00:00,InsightCRM,Operations,Website,Dubai,Startup,5,open
FB-10883,CU-1718,"Average experience so far, we are still evaluating InsightSecure. The issue started last Thursday. Logged by the duty manager.",2026-07-18T04:14:00+00:00,InsightChat,HR,Call Center,Chennai,Consumer,3,in_progress
FB-10884,CU-5594,"Hello team, Please confirm whether SSO is enabled for partner accounts. We have seen this twice already. Thanks.",2026-02-04T00:58:00+00:00,InsightChat,Customer Support,Internal,Delhi,Enterprise,3,open
FB-10885,CU-9020,Quick update: Support never called back after I reported a critical outage. Our enterprise account is affected. Logged by the duty manager.,2026-05-18T22:46:00+00:00,InsightPay,Customer Support,Call Center,Singapore,Consumer,1,closed
FB-10886,CU-1349,"For the record, Price increase was communicated poorly and feels unjustified. Our enterprise account is affected. Please advise.",2026-05-28T05:01:00+00:00,InsightCloud,Finance,Social Media,Delhi,SMB,2,resolved
FB-10887,CU-4345,"Hi, The InsightMobile checkout failed and I was still charged. The issue started last Thursday. Looking forward to a fix.",2026-01-27T19:08:00+00:00,InsightPay,Customer Support,Survey,London,Startup,2,resolved
FB-10888,CU-2389,Appreciate the proactive outage communication. We have seen this twice already. Thanks.,2026-01-14T21:53:00+00:00,InsightChat,Customer Support,Email,Delhi,Enterprise,5,open
FB-10889,CU-8292,"Hello team, Response time from customer support is getting worse every week. A workaround exists but it is not acceptable long term. Sharing this from the field.",2026-01-25T14:27:00+00:00,InsightMobile,Customer Support,Social Media,Hyderabad,Startup,2,resolved
FB-10890,CU-9741,"To be clear, The current plan is acceptable but we will compare alternatives. This is impacting customers in Pune. Looking forward to a fix.",2026-06-22T22:08:00+00:00,InsightPay,Operations,Mobile App,Kolkata,Consumer,4,in_progress
FB-10891,CU-9831,"Hello team, Appreciate the proactive outage communication. A workaround exists but it is not acceptable long term. Thanks.",2026-07-08T19:34:00+00:00,InsightCloud,Operations,Mobile App,Hyderabad,Partner,4,in_progress
FB-10892,CU-8247,Quick update: Refund for a failed InsightMobile payment is still pending. We have seen this twice already. Thanks.,2026-05-12T02:33:00+00:00,InsightMobile,Sales,Mobile App,Pune,Internal,2,resolved
FB-10893,CU-3702,Refund for a failed InsightPortal payment is still pending. Our enterprise account is affected.,2025-12-07T23:01:00+00:00,InsightCloud,Product,Mobile App,Surat,Internal,2,open
FB-10894,CU-2886,"For the record, Please confirm whether SSO is enabled for partner accounts. A workaround exists but it is not acceptable long term. Logged by the duty manager.",2026-01-08T11:20:00+00:00,InsightChat,Finance,Social Media,Singapore,Startup,3,open
FB-10895,CU-8121,"Hello team, Package for InsightPortal arrived damaged in Bangalore. The team mentioned InsightCloud in the weekly review. Please advise.",2026-02-19T12:30:00+00:00,InsightPay,Sales,Internal,Ahmedabad,Enterprise,1,in_progress
FB-10896,CU-7766,"Hi, The courier missed the delivery window three times in Pune. I attached screenshots in the original ticket. Logged by the duty manager.",2026-01-08T12:24:00+00:00,InsightCloud,Operations,Email,Singapore,Startup,2,in_progress
FB-10897,CU-7663,"To be clear, Can you schedule a training session for the operations team? Our enterprise account is affected. Looking forward to a fix.",2026-06-01T01:40:00+00:00,InsightPortal,Customer Support,Call Center,Delhi,Consumer,3,resolved
FB-10898,CU-9671,I am delighted with the quality of the latest InsightSecure release. This happened after the latest update.,2026-07-10T12:16:00+00:00,InsightCloud,Sales,Website,Bangalore,Internal,5,resolved
FB-10899,CU-4968,"To be clear, Consider adding a weekly digest for managers. The team mentioned InsightPortal in the weekly review. Thanks.",2026-04-15T20:04:00+00:00,InsightChat,Product,Email,London,Enterprise,4,open
FB-10900,CU-9656,"Hi, The interface redesign is intuitive and reduced training time. We have seen this twice already. Thanks.",2026-06-12T22:08:00+00:00,InsightSecure,Finance,Chat,Delhi,Enterprise,4,open
FB-10901,CU-7607,"For the record, Please confirm whether SSO is enabled for partner accounts. This happened after the latest update. Looking forward to a fix.",2026-06-12T09:55:00+00:00,InsightPay,Operations,Call Center,New York,Internal,3,open
FB-10902,CU-4700,Quick update: Delivery to Delhi was earlier than the estimated date. This happened after the latest update. Please advise.,2026-04-11T18:52:00+00:00,InsightPay,Operations,Mobile App,Hyderabad,SMB,5,in_progress
FB-10903,CU-5773,"For the record, Delivery to Hyderabad was earlier than the estimated date. We have seen this twice already.",2025-12-10T09:43:00+00:00,InsightPay,Operations,Call Center,Delhi,SMB,5,open
FB-10904,CU-2549,"Hi, Can you schedule a training session for the operations team? A workaround exists but it is not acceptable long term. Logged by the duty manager.",2026-01-26T04:51:00+00:00,InsightCloud,Customer Support,Internal,Kolkata,Consumer,3,resolved
FB-10905,CU-1642,"Average experience so far, we are still evaluating InsightPay. The issue started last Thursday. Logged by the duty manager.",2026-01-25T04:25:00+00:00,InsightSecure,Operations,Chat,Dubai,Enterprise,3,resolved
FB-10906,CU-4028,Quick update: Noting that the internal survey was completed by HR. I attached screenshots in the original ticket. Sharing this from the field.,2026-07-10T16:57:00+00:00,InsightPay,Customer Support,Call Center,Dubai,Enterprise,4,closed
FB-10907,CU-9148,"Hello team, Support never called back after I reported a critical outage. This is impacting customers in Kolkata. Sharing this from the field.",2026-05-26T12:21:00+00:00,InsightPortal,Customer Support,Social Media,New York,Startup,1,resolved
FB-10908,CU-3018,"Hi, Appreciate the proactive outage communication. I am following up because there was no response. Sharing this from the field.",2025-12-20T09:38:00+00:00,InsightCloud,HR,Social Media,Surat,Partner,5,open
FB-10909,CU-4934,Quick update: Price increase was communicated poorly and feels unjustified. This happened after the latest update. Thanks.,2026-07-30T06:38:00+00:00,InsightMobile,Customer Support,Internal,Bangalore,Startup,1,open
FB-10910,CU-9067,"To be clear, The courier missed the delivery window three times in New York. Our enterprise account is affected. Looking forward to a fix.",2026-05-11T00:49:00+00:00,InsightSecure,Operations,Chat,Pune,Consumer,2,closed
FB-10911,CU-2448,"Average experience so far, we are still evaluating InsightCloud. We have seen this twice already.",2026-07-15T06:23:00+00:00,InsightChat,Engineering,Website,Pune,SMB,3,resolved
FB-10912,CU-8950,"Hi, Billing error created an unauthorized charge on our card. The issue started last Thursday.",2026-01-16T13:36:00+00:00,InsightCloud,Engineering,Chat,Singapore,Partner,2,resolved
FB-10913,CU-8813,"Hi, Billing error created an unauthorized charge on our card. This happened after the latest update. Sharing this from the field.",2026-06-18T06:21:00+00:00,InsightAnalytics,Operations,Email,Pune,Enterprise,2,open
FB-10914,CU-5740,"For the record, Refund was issued quickly and with a clear explanation. Please treat this as high priority. Logged by the duty manager.",2026-04-09T11:36:00+00:00,InsightCloud,HR,Social Media,Jaipur,SMB,4,closed
FB-10915,CU-5856,"To be clear, I am delighted with the quality of the latest InsightAnalytics release. We have seen this twice already. Logged by the duty manager.",2026-03-18T19:36:00+00:00,InsightChat,HR,Internal,Surat,Partner,5,open
FB-10916,CU-4185,"Hi, Great improvement in mobile performance this month. I am following up because there was no response. Sharing this from the field.",2026-06-16T16:56:00+00:00,InsightAnalytics,Sales,Email,Delhi,Enterprise,4,open
FB-10917,CU-7520,"To be clear, Is there a sandbox for InsightPay chargebacks? We have seen this twice already. Sharing this from the field.",2026-05-29T00:35:00+00:00,InsightPortal,Operations,Mobile App,Chennai,Consumer,3,closed
FB-10918,CU-4997,"For the record, Mobile users report they cannot complete signup on InsightMobile. The issue started last Thursday. Thanks.",2026-02-22T21:42:00+00:00,InsightSecure,Finance,Email,London,Partner,1,resolved
FB-10919,CU-6877,"For the record, Sharing an FYI that finance will review invoices tomorrow. This is impacting customers in Mumbai. Sharing this from the field.",2025-12-08T17:51:00+00:00,InsightMobile,Engineering,Email,Pune,Internal,3,open
FB-10920,CU-4117,"Hello team, It would help to have saved filters on the explorer table. This is impacting customers in Dubai.",2025-12-26T21:53:00+00:00,InsightMobile,HR,Survey,Jaipur,Startup,3,closed
FB-10921,CU-1482,"Hello team, Sharing an FYI that finance will review invoices tomorrow. Our enterprise account is affected. Thanks.",2026-02-08T20:57:00+00:00,InsightPay,HR,Email,Chennai,SMB,3,open
FB-10922,CU-6486,Sales team prepared a thoughtful demo for our executives. This is impacting customers in Surat.,2025-12-20T02:42:00+00:00,InsightCRM,HR,Website,Ahmedabad,Enterprise,5,open
FB-10923,CU-8263,"For the record, The courier missed the delivery window three times in Bangalore. I am following up because there was no response. Please advise.",2026-06-17T05:55:00+00:00,InsightCRM,Operations,Chat,London,SMB,2,open
FB-10924,CU-7606,"To be clear, The courier missed the delivery window three times in Ahmedabad. The team mentioned InsightPortal in the weekly review. Please advise.",2026-06-01T14:56:00+00:00,InsightMobile,Operations,Chat,London,SMB,1,in_progress
FB-10925,CU-9741,Call center agents read from a script and did not understand the issue. The team mentioned InsightPortal in the weekly review. Thanks.,2025-12-18T08:01:00+00:00,InsightChat,Sales,Social Media,Surat,SMB,2,open
FB-10926,CU-3691,"Hi, Customer support resolved our incident in twenty minutes. I attached screenshots in the original ticket. Looking forward to a fix.",2026-07-26T02:29:00+00:00,InsightPay,Customer Support,Mobile App,Surat,Partner,4,open
FB-10927,CU-2217,Quick update: Response time from customer support is getting worse every week. A workaround exists but it is not acceptable long term. Looking forward to a fix.,2026-03-07T03:12:00+00:00,InsightCRM,Customer Support,Social Media,Bangalore,Startup,2,in_progress
FB-10928,CU-5098,"To be clear, How do I export department analytics for last quarter? We have seen this twice already.",2026-02-11T01:15:00+00:00,InsightPortal,Operations,Mobile App,Pune,Consumer,3,in_progress
FB-10929,CU-4168,Noting that the internal survey was completed by HR. The team mentioned InsightMobile in the weekly review.,2026-07-13T15:57:00+00:00,InsightMobile,Customer Support,Social Media,Kolkata,Consumer,4,open
FB-10930,CU-1477,Quick update: Appreciate the proactive outage communication. I am following up because there was no response. Thanks.,2026-07-06T16:11:00+00:00,InsightSecure,Engineering,Survey,Delhi,Partner,5,resolved
FB-10931,CU-7636,"For the record, The InsightPortal rollout is scheduled for next Monday in Singapore. I am following up because there was no response.",2025-12-16T12:55:00+00:00,InsightPortal,Operations,Email,Dubai,Enterprise,3,open
FB-10932,CU-6489,"For the record, Call center agents read from a script and did not understand the issue. We have seen this twice already. Please advise.",2025-12-23T12:43:00+00:00,InsightSecure,Customer Support,Internal,Surat,Internal,1,open
FB-10933,CU-8044,"Hello team, Appreciate the proactive outage communication. We have seen this twice already. Please advise.",2026-06-12T19:02:00+00:00,InsightAnalytics,Operations,Social Media,Singapore,Partner,5,resolved
FB-10934,CU-5781,"For the record, How do I export department analytics for last quarter? I attached screenshots in the original ticket. Logged by the duty manager.",2026-03-21T23:38:00+00:00,InsightAnalytics,Customer Support,Email,Bangalore,Partner,4,open
FB-10935,CU-6848,"Quick update: Average experience so far, we are still evaluating InsightCloud. Please treat this as high priority. Logged by the duty manager.",2026-08-04T01:44:00+00:00,InsightPortal,Customer Support,Email,Delhi,Partner,4,in_progress
FB-10936,CU-9719,Quick update: The onboarding specialist made InsightMobile easy to adopt. I am following up because there was no response.,2026-05-10T21:29:00+00:00,InsightPortal,Sales,Internal,Pune,Partner,5,open
FB-10937,CU-9591,"Hello team, We are happy with the reliability of InsightChat this quarter. The team mentioned InsightMobile in the weekly review. Please advise.",2026-04-06T23:02:00+00:00,InsightSecure,Finance,Website,Pune,Internal,5,open
FB-10938,CU-3045,"Hi, The onboarding specialist made InsightSecure easy to adopt. Our enterprise account is affected. Looking forward to a fix.",2026-02-23T21:29:00+00:00,InsightPay,Customer Support,Email,Bangalore,Partner,5,open
FB-10939,CU-5040,Quick update: Is there a sandbox for InsightPay chargebacks? Our enterprise account is affected. Looking forward to a fix.,2026-01-05T11:52:00+00:00,InsightAnalytics,Operations,Email,London,Partner,3,resolved
FB-10940,CU-9733,"To be clear, The current plan is acceptable but we will compare alternatives. The issue started last Thursday.",2026-02-05T02:43:00+00:00,InsightSecure,Operations,Survey,New York,Consumer,3,open
FB-10941,CU-9265,"Hello team, It would help to have saved filters on the explorer table. We have seen this twice already. Logged by the duty manager.",2026-05-05T21:23:00+00:00,InsightCloud,Operations,Mobile App,Kolkata,Internal,3,in_progress
FB-10942,CU-6023,"To be clear, Security alert fired after suspicious admin logins. A workaround exists but it is not acceptable long term. Please advise.",2026-06-30T08:14:00+00:00,InsightPay,Engineering,Mobile App,London,Partner,2,resolved
FB-10943,CU-6967,"Hello team, Support never called back after I reported a critical outage. The team mentioned InsightMobile in the weekly review. Sharing this from the field.",2026-01-30T08:50:00+00:00,InsightPay,Customer Support,Call Center,Pune,Startup,2,open
FB-10944,CU-9593,"Hello team, Support never called back after I reported a critical outage. I attached screenshots in the original ticket. Logged by the duty manager.",2026-07-15T06:52:00+00:00,InsightChat,Customer Support,Mobile App,Delhi,Consumer,2,in_progress
FB-10945,CU-9580,Delivery was extremely late and customer support did not respond. We have seen this twice already.,2026-03-09T19:33:00+00:00,InsightCloud,Operations,Internal,Kolkata,Enterprise,2,resolved
FB-10946,CU-8014,"Hello team, The current plan is acceptable but we will compare alternatives. Our enterprise account is affected. Sharing this from the field.",2026-03-13T05:56:00+00:00,InsightMobile,Product,Chat,Ahmedabad,Startup,4,resolved
FB-10947,CU-6562,"Hello team, Documentation update saved our engineering team hours. The team mentioned InsightAnalytics in the weekly review. Thanks.",2026-04-10T10:47:00+00:00,InsightAnalytics,Sales,Chat,Hyderabad,Startup,5,resolved
FB-10948,CU-1702,Sharing an FYI that finance will review invoices tomorrow. We have seen this twice already.,2025-12-07T04:59:00+00:00,InsightPay,Customer Support,Email,Singapore,Startup,3,open
FB-10949,CU-4343,"Hi, Response time from customer support is getting worse every week. We have seen this twice already. Please advise.",2026-02-21T10:30:00+00:00,InsightPay,Customer Support,Chat,Kolkata,Internal,1,open
FB-10950,CU-8356,"To be clear, Authentication failures are blocking our entire sales team. A workaround exists but it is not acceptable long term. Sharing this from the field.",2026-04-07T22:59:00+00:00,InsightCRM,Engineering,Internal,New York,Startup,1,resolved
FB-10951,CU-3190,"Hi, Delivery was extremely late and customer support did not respond. A workaround exists but it is not acceptable long term. Thanks.",2026-06-25T05:45:00+00:00,InsightCloud,Operations,Call Center,Dubai,Enterprise,1,open
FB-10952,CU-4341,Quick update: We are happy with the reliability of InsightPay this quarter. Our enterprise account is affected. Logged by the duty manager.,2026-02-01T13:16:00+00:00,InsightPortal,Operations,Internal,Hyderabad,Enterprise,4,in_progress
FB-10953,CU-3222,"Hello team, It would help to have saved filters on the explorer table. The team mentioned InsightMobile in the weekly review. Please advise.",2026-02-05T23:23:00+00:00,InsightAnalytics,Engineering,Chat,Mumbai,Partner,3,closed
FB-10954,CU-8201,"To be clear, Duplicate invoices were sent to finance after renewal. The team mentioned InsightChat in the weekly review. Thanks.",2025-12-14T17:55:00+00:00,InsightMobile,Finance,Mobile App,London,Consumer,2,open
FB-10955,CU-7749,The onboarding specialist made InsightCRM easy to adopt. The issue started last Thursday. Please advise.,2026-04-27T18:58:00+00:00,InsightCRM,Finance,Email,Surat,Internal,4,in_progress
FB-10956,CU-9850,"To be clear, Search is too slow to be usable during business hours. Our enterprise account is affected. Thanks.",2026-05-17T11:44:00+00:00,InsightCRM,HR,Call Center,Hyderabad,Partner,2,closed
FB-10957,CU-9161,"Hello team, Support never called back after I reported a critical outage. The team mentioned InsightPortal in the weekly review. Looking forward to a fix.",2026-04-26T10:16:00+00:00,InsightAnalytics,Customer Support,Mobile App,Mumbai,Consumer,1,resolved
FB-10958,CU-2843,Where can I find the data retention policy? We have seen this twice already. Thanks.,2026-05-20T19:29:00+00:00,InsightPortal,Finance,Call Center,Chennai,Internal,3,closed
FB-10959,CU-4087,"For the record, Search is too slow to be usable during business hours. We have seen this twice already.",2026-06-05T23:55:00+00:00,InsightPay,Sales,Email,Ahmedabad,Enterprise,2,open
FB-10960,CU-4879,"For the record, Refund was issued quickly and with a clear explanation. A workaround exists but it is not acceptable long term. Thanks.",2026-05-30T11:42:00+00:00,InsightSecure,Operations,Chat,Ahmedabad,Enterprise,5,open
FB-10961,CU-3444,Quick update: Authentication failures are blocking our entire sales team. Please treat this as high priority.,2026-07-12T23:36:00+00:00,InsightCloud,Customer Support,Email,Singapore,Internal,1,closed
FB-10962,CU-7808,"Hi, Consider adding a weekly digest for managers. Our enterprise account is affected. Logged by the duty manager.",2025-12-15T19:52:00+00:00,InsightCRM,Customer Support,Internal,Surat,SMB,4,resolved
FB-10963,CU-8644,"Hello team, Refund was issued quickly and with a clear explanation. This is impacting customers in London. Logged by the duty manager.",2026-01-10T03:55:00+00:00,InsightPortal,Engineering,Email,Ahmedabad,Enterprise,4,resolved
FB-10964,CU-6618,"Hello team, Please confirm whether SSO is enabled for partner accounts. This is impacting customers in Surat. Thanks.",2026-06-03T01:28:00+00:00,InsightMobile,Finance,Internal,Delhi,SMB,3,closed
FB-10965,CU-9535,Quick update: We may add twenty more seats if the trial goes well. I am following up because there was no response. Please advise.,2026-05-19T05:29:00+00:00,InsightAnalytics,HR,Mobile App,Mumbai,Startup,4,open
FB-10966,CU-1280,Delivery was extremely late and customer support did not respond. A workaround exists but it is not acceptable long term. Sharing this from the field.,2026-01-08T19:18:00+00:00,InsightChat,Operations,Call Center,New York,Startup,1,closed
FB-10967,CU-1279,"For the record, I am angry that the ticket was closed without a resolution. This happened after the latest update. Sharing this from the field.",2026-06-18T22:37:00+00:00,InsightPortal,Customer Support,Mobile App,Delhi,Consumer,1,open
FB-10968,CU-3307,"Hi, Documentation is outdated and caused a production misconfiguration. I attached screenshots in the original ticket. Thanks.",2026-07-30T02:56:00+00:00,InsightMobile,Customer Support,Internal,Ahmedabad,Consumer,2,open
FB-10969,CU-1366,"Hello team, I am delighted with the quality of the latest InsightCRM release. The team mentioned InsightAnalytics in the weekly review. Sharing this from the field.",2026-06-03T23:05:00+00:00,InsightChat,Engineering,Chat,Delhi,SMB,5,open
FB-10970,CU-5091,"For the record, Support never called back after I reported a critical outage. Our enterprise account is affected. Logged by the duty manager.",2026-05-29T22:55:00+00:00,InsightAnalytics,Customer Support,Website,Surat,Enterprise,1,resolved
FB-10971,CU-5670,"Hi, It would help to have saved filters on the explorer table. The team mentioned InsightSecure in the weekly review. Sharing this from the field.",2026-05-01T21:49:00+00:00,InsightSecure,Product,Chat,Dubai,SMB,3,closed
FB-10972,CU-4395,Support never called back after I reported a critical outage. Our enterprise account is affected.,2026-06-15T03:51:00+00:00,InsightCloud,Customer Support,Website,Singapore,Internal,1,resolved
FB-10973,CU-2759,"Hello team, Customer support resolved our incident in twenty minutes. Our enterprise account is affected. Looking forward to a fix.",2025-12-04T16:06:00+00:00,InsightSecure,Customer Support,Email,Jaipur,Enterprise,5,resolved
FB-10974,CU-2305,Refund for a failed InsightPay payment is still pending. Please treat this as high priority. Looking forward to a fix.,2025-12-14T14:45:00+00:00,InsightCRM,Product,Website,Dubai,Startup,1,open
FB-10975,CU-9652,Payment reconciliation finally works without manual edits. The issue started last Thursday. Logged by the duty manager.,2026-04-24T13:11:00+00:00,InsightSecure,Sales,Survey,Chennai,Consumer,4,resolved
FB-10976,CU-8167,"Hello team, I am delighted with the quality of the latest InsightPay release. Please treat this as high priority. Logged by the duty manager.",2026-01-10T14:59:00+00:00,InsightAnalytics,HR,Chat,Pune,SMB,4,open
FB-10977,CU-1408,Sales team prepared a thoughtful demo for our executives. We have seen this twice already.,2026-03-19T03:19:00+00:00,InsightSecure,Finance,Mobile App,Singapore,Enterprise,5,open
FB-10978,CU-1049,"For the record, The interface redesign is intuitive and reduced training time. Our enterprise account is affected. Logged by the duty manager.",2026-04-19T17:04:00+00:00,InsightAnalytics,Sales,Survey,Delhi,Internal,5,closed
FB-10979,CU-4664,"To be clear, We cannot login to InsightPay since the last update. I am following up because there was no response. Please advise.",2026-07-26T12:50:00+00:00,InsightPortal,Engineering,Mobile App,Delhi,Consumer,2,in_progress
FB-10980,CU-5360,Quick update: Chat support was knowledgeable and patient. I am following up because there was no response. Looking forward to a fix.,2026-04-04T09:03:00+00:00,InsightPortal,Customer Support,Call Center,Delhi,SMB,4,resolved
FB-10981,CU-4511,Quick update: The onboarding specialist made InsightAnalytics easy to adopt. I am following up because there was no response.,2026-01-12T13:54:00+00:00,InsightMobile,Customer Support,Internal,Ahmedabad,Partner,4,in_progress
FB-10982,CU-9941,"Hello team, Is there a sandbox for InsightPay chargebacks? Please treat this as high priority. Logged by the duty manager.",2026-05-11T21:40:00+00:00,InsightAnalytics,Customer Support,Mobile App,Delhi,Startup,4,resolved
FB-10983,CU-2156,Where can I find the data retention policy? Please treat this as high priority. Logged by the duty manager.,2026-04-30T09:59:00+00:00,InsightPay,HR,Chat,Bangalore,Startup,4,in_progress
FB-10984,CU-9848,Quick update: Support never called back after I reported a critical outage. A workaround exists but it is not acceptable long term. Sharing this from the field.,2026-04-18T05:03:00+00:00,InsightPay,Customer Support,Website,Pune,Consumer,1,open
FB-10985,CU-9370,Chat support was knowledgeable and patient. The issue started last Thursday. Please advise.,2026-06-14T20:42:00+00:00,InsightCloud,Customer Support,Internal,London,Partner,5,open
FB-10986,CU-2448,"For the record, Documentation is outdated and caused a production misconfiguration. This is impacting customers in London.",2026-03-01T07:45:00+00:00,InsightCloud,Product,Chat,Surat,Startup,2,in_progress
FB-10987,CU-8540,"For the record, Sales team prepared a thoughtful demo for our executives. The team mentioned InsightAnalytics in the weekly review. Sharing this from the field.",2026-06-04T12:22:00+00:00,InsightCloud,HR,Chat,Mumbai,Startup,5,resolved
FB-10988,CU-6118,"To be clear, Noting that the internal survey was completed by HR. Our enterprise account is affected. Thanks.",2026-03-20T00:17:00+00:00,InsightPortal,Sales,Email,Surat,Consumer,3,open
FB-10989,CU-9759,"Hello team, Customer support resolved our incident in twenty minutes. We have seen this twice already. Logged by the duty manager.",2026-04-19T04:00:00+00:00,InsightCRM,Customer Support,Chat,Kolkata,Internal,5,in_progress
FB-10990,CU-5913,"Hello team, We are happy with the reliability of InsightChat this quarter. Our enterprise account is affected. Sharing this from the field.",2025-12-18T13:01:00+00:00,InsightCloud,Customer Support,Mobile App,Delhi,Enterprise,5,in_progress
FB-10991,CU-6598,"Hello team, Need access for two additional analysts this week. I am following up because there was no response. Logged by the duty manager.",2026-01-24T15:46:00+00:00,InsightChat,Customer Support,Email,Delhi,Enterprise,3,closed
FB-10992,CU-6208,"Hi, Price increase was communicated poorly and feels unjustified. I attached screenshots in the original ticket. Please advise.",2026-02-06T03:39:00+00:00,InsightCloud,Customer Support,Website,Dubai,SMB,1,resolved
FB-10993,CU-9864,"For the record, Search is too slow to be usable during business hours. Please treat this as high priority. Looking forward to a fix.",2026-01-02T22:16:00+00:00,InsightPay,Sales,Website,Dubai,Consumer,2,in_progress
FB-10994,CU-9944,"To be clear, Customer support resolved our incident in twenty minutes. The team mentioned InsightAnalytics in the weekly review.",2026-01-17T12:40:00+00:00,InsightChat,Customer Support,Chat,Jaipur,Internal,4,in_progress
FB-10995,CU-5279,"To be clear, We may add twenty more seats if the trial goes well. I am following up because there was no response. Looking forward to a fix.",2026-07-17T02:20:00+00:00,InsightSecure,Sales,Survey,Singapore,Internal,3,open
FB-10996,CU-2013,"For the record, Package for InsightMobile arrived damaged in Ahmedabad. The team mentioned InsightSecure in the weekly review. Looking forward to a fix.",2025-12-30T02:30:00+00:00,InsightCloud,Engineering,Call Center,Dubai,Partner,2,in_progress
FB-10997,CU-1914,Quick update: The current plan is acceptable but we will compare alternatives. This is impacting customers in Delhi. Logged by the duty manager.,2026-04-11T18:16:00+00:00,InsightSecure,Product,Chat,Chennai,Enterprise,3,open
FB-10998,CU-8125,"To be clear, The interface redesign is intuitive and reduced training time. We have seen this twice already. Please advise.",2026-07-24T12:24:00+00:00,InsightAnalytics,HR,Chat,Chennai,Consumer,4,open
FB-10999,CU-6054,"Hi, Sharing an FYI that finance will review invoices tomorrow. Our enterprise account is affected. Looking forward to a fix.",2026-07-17T00:36:00+00:00,InsightPortal,HR,Survey,Delhi,SMB,3,resolved
FB-11000,CU-2776,Quick update: The InsightChat rollout is scheduled for next Monday in Mumbai. The issue started last Thursday. Looking forward to a fix.,2026-06-16T13:21:00+00:00,InsightAnalytics,Customer Support,Chat,London,Startup,4,resolved
FB-11001,CU-8765,"Hello team, The InsightPay checkout failed and I was still charged. This is impacting customers in Dubai.",2026-01-16T14:27:00+00:00,InsightPortal,Finance,Social Media,Pune,SMB,2,resolved
FB-11002,CU-1100,"For the record, Documentation update saved our engineering team hours. Please treat this as high priority.",2026-06-27T08:34:00+00:00,InsightChat,Customer Support,Website,Surat,Consumer,4,in_progress
FB-11003,CU-3210,Feature request: webhook retries with exponential backoff. We have seen this twice already. Thanks.,2026-03-24T00:59:00+00:00,InsightAnalytics,Engineering,Chat,Singapore,Startup,4,resolved
FB-11004,CU-6664,"Hello team, Documentation update saved our engineering team hours. Please treat this as high priority. Sharing this from the field.",2026-06-13T15:21:00+00:00,InsightCRM,Engineering,Chat,Dubai,Partner,5,open
FB-11005,CU-6931,"Hello team, Chat support was knowledgeable and patient. Our enterprise account is affected.",2026-06-11T07:32:00+00:00,InsightSecure,Customer Support,Social Media,Ahmedabad,Enterprise,5,resolved
FB-11006,CU-9802,"Hello team, Payment reconciliation finally works without manual edits. The team mentioned InsightSecure in the weekly review. Thanks.",2026-07-30T06:09:00+00:00,InsightPortal,Product,Internal,London,Partner,4,resolved
FB-11007,CU-4139,"For the record, Feature request: webhook retries with exponential backoff. This is impacting customers in Delhi. Please advise.",2026-06-09T05:31:00+00:00,InsightMobile,Customer Support,Chat,London,SMB,4,resolved
FB-11008,CU-7334,Can you schedule a training session for the operations team? A workaround exists but it is not acceptable long term. Sharing this from the field.,2026-02-04T10:45:00+00:00,InsightCRM,Customer Support,Call Center,Hyderabad,Internal,3,in_progress
FB-11009,CU-8768,Sharing an FYI that finance will review invoices tomorrow. The issue started last Thursday. Logged by the duty manager.,2026-04-11T02:45:00+00:00,InsightChat,Engineering,Social Media,Kolkata,Enterprise,4,resolved
FB-11010,CU-2080,"Hi, We cannot login to InsightAnalytics since the last update. Our enterprise account is affected. Looking forward to a fix.",2026-06-28T17:56:00+00:00,InsightSecure,Engineering,Internal,Jaipur,Partner,1,open
FB-11011,CU-9828,"To be clear, Sales team prepared a thoughtful demo for our executives. I attached screenshots in the original ticket.",2026-08-03T16:32:00+00:00,InsightAnalytics,Customer Support,Chat,Singapore,Partner,4,in_progress
FB-11012,CU-8363,"Hi, Refund was issued quickly and with a clear explanation. I am following up because there was no response. Looking forward to a fix.",2026-07-03T15:06:00+00:00,InsightAnalytics,HR,Email,Bangalore,Consumer,5,open
FB-11013,CU-2690,"Hello team, Is there a sandbox for InsightPay chargebacks? Our enterprise account is affected. Thanks.",2026-05-01T14:10:00+00:00,InsightCRM,Operations,Email,Surat,Internal,4,resolved
FB-11014,CU-1733,"To be clear, Documentation update saved our engineering team hours. The issue started last Thursday.",2026-07-25T06:10:00+00:00,InsightMobile,Customer Support,Mobile App,Ahmedabad,SMB,5,open
FB-11015,CU-7328,Quick update: The InsightCloud rollout is scheduled for next Monday in New York. A workaround exists but it is not acceptable long term. Looking forward to a fix.,2026-04-10T20:38:00+00:00,InsightPortal,Finance,Mobile App,Ahmedabad,Partner,3,open
FB-11016,CU-9361,"For the record, The latest release introduced a severe performance regression. Please treat this as high priority. Thanks.",2026-05-16T07:41:00+00:00,InsightCloud,Sales,Website,Singapore,Consumer,2,open
FB-11017,CU-7623,"To be clear, The current plan is acceptable but we will compare alternatives. I attached screenshots in the original ticket. Please advise.",2025-12-01T06:46:00+00:00,InsightPay,Customer Support,Email,Ahmedabad,Startup,3,resolved
FB-11018,CU-1213,"For the record, Refund for a failed InsightChat payment is still pending. Please treat this as high priority.",2026-03-10T13:17:00+00:00,InsightCloud,Customer Support,Chat,Hyderabad,Startup,2,resolved
FB-11019,CU-1246,"Hi, Appreciate the proactive outage communication. This happened after the latest update.",2026-02-07T19:30:00+00:00,InsightPay,Sales,Survey,Singapore,Partner,5,resolved
FB-11020,CU-1252,"To be clear, Sales team prepared a thoughtful demo for our executives. A workaround exists but it is not acceptable long term. Logged by the duty manager.",2026-03-14T05:24:00+00:00,InsightPortal,HR,Call Center,Kolkata,Consumer,5,in_progress
FB-11021,CU-8430,"To be clear, The interface redesign is intuitive and reduced training time. A workaround exists but it is not acceptable long term.",2026-06-24T18:27:00+00:00,InsightMobile,Product,Mobile App,Jaipur,Consumer,5,closed
FB-11022,CU-1240,Quick update: Duplicate invoices were sent to finance after renewal. This happened after the latest update. Logged by the duty manager.,2026-04-13T18:35:00+00:00,InsightMobile,Engineering,Social Media,Surat,Partner,2,resolved
FB-11023,CU-3260,"Hi, Noting that the internal survey was completed by HR. Please treat this as high priority. Sharing this from the field.",2026-04-04T14:18:00+00:00,InsightCloud,Finance,Internal,Bangalore,Consumer,3,resolved
FB-11024,CU-1874,Quick update: Please confirm whether SSO is enabled for partner accounts. Please treat this as high priority. Please advise.,2026-05-04T15:21:00+00:00,InsightCloud,Engineering,Social Media,New York,Internal,3,open
FB-11025,CU-7015,Please confirm whether SSO is enabled for partner accounts. Our enterprise account is affected. Please advise.,2025-12-01T18:09:00+00:00,InsightMobile,HR,Internal,Dubai,Enterprise,4,resolved
FB-11026,CU-8700,"Hi, The InsightCloud checkout failed and I was still charged. This is impacting customers in New York. Looking forward to a fix.",2026-01-13T06:52:00+00:00,InsightMobile,Product,Email,Kolkata,SMB,2,closed
FB-11027,CU-2476,"To be clear, We are happy with the reliability of InsightAnalytics this quarter. This happened after the latest update. Logged by the duty manager.",2026-05-26T08:45:00+00:00,InsightPortal,Operations,Email,Pune,Enterprise,5,in_progress
FB-11028,CU-3916,"Hi, Noting that the internal survey was completed by HR. The team mentioned InsightCloud in the weekly review. Sharing this from the field.",2025-12-24T03:36:00+00:00,InsightSecure,Customer Support,Internal,Singapore,Enterprise,4,closed
FB-11029,CU-2161,"Hi, Great improvement in mobile performance this month. Please treat this as high priority. Thanks.",2026-01-04T06:02:00+00:00,InsightPay,Engineering,Chat,Jaipur,Startup,5,resolved
FB-11030,CU-4495,"For the record, Security alert fired after suspicious admin logins. Please treat this as high priority. Please advise.",2026-06-26T20:09:00+00:00,InsightPortal,Engineering,Chat,Hyderabad,SMB,1,in_progress
FB-11031,CU-5224,"Hello team, Security alert fired after suspicious admin logins. Please treat this as high priority. Please advise.",2026-07-19T23:49:00+00:00,InsightCloud,Engineering,Survey,Ahmedabad,SMB,1,open
FB-11032,CU-3480,"Hi, Refund was issued quickly and with a clear explanation. We have seen this twice already. Thanks.",2026-02-04T16:48:00+00:00,InsightCRM,Product,Chat,Kolkata,Enterprise,5,in_progress
FB-11033,CU-5974,"To be clear, Call center agents read from a script and did not understand the issue. This is impacting customers in Delhi. Sharing this from the field.",2026-07-17T09:59:00+00:00,InsightCRM,Sales,Email,Hyderabad,SMB,2,in_progress
FB-11034,CU-6497,"Hi, Noting that the internal survey was completed by HR. We have seen this twice already.",2026-05-30T01:25:00+00:00,InsightSecure,Engineering,Survey,Surat,Startup,3,closed
FB-11035,CU-2666,"Hi, Search is too slow to be usable during business hours. This happened after the latest update. Please advise.",2026-05-11T22:19:00+00:00,InsightPay,Finance,Call Center,Surat,Enterprise,2,closed
FB-11036,CU-1389,"Hi, Sales team prepared a thoughtful demo for our executives. I am following up because there was no response. Please advise.",2026-03-10T01:43:00+00:00,InsightMobile,Operations,Chat,New York,Partner,5,open
FB-11037,CU-3587,"For the record, The courier missed the delivery window three times in London. We have seen this twice already. Thanks.",2026-06-19T18:22:00+00:00,InsightPay,Operations,Chat,Singapore,Internal,2,closed
FB-11038,CU-8177,"For the record, Support never called back after I reported a critical outage. We have seen this twice already. Logged by the duty manager.",2026-03-23T20:56:00+00:00,InsightSecure,Customer Support,Social Media,Ahmedabad,Consumer,2,open
FB-11039,CU-2077,"For the record, The onboarding specialist made InsightMobile easy to adopt. I am following up because there was no response. Logged by the duty manager.",2026-05-14T00:58:00+00:00,InsightCRM,Finance,Website,Ahmedabad,Consumer,5,open
FB-11040,CU-1747,"To be clear, The onboarding specialist made InsightAnalytics easy to adopt. This happened after the latest update.",2026-01-02T01:56:00+00:00,InsightCRM,Engineering,Social Media,Surat,Enterprise,4,in_progress
FB-11041,CU-7355,"Hi, We are happy with the reliability of InsightCloud this quarter. I attached screenshots in the original ticket. Please advise.",2026-04-25T10:09:00+00:00,InsightPay,Customer Support,Mobile App,Ahmedabad,Enterprise,4,in_progress
FB-11042,CU-1722,Quick update: Refund was issued quickly and with a clear explanation. This happened after the latest update. Sharing this from the field.,2026-03-10T22:28:00+00:00,InsightPortal,Product,Call Center,Chennai,Partner,4,open
FB-11043,CU-3575,"To be clear, Appreciate the proactive outage communication. The issue started last Thursday. Logged by the duty manager.",2025-12-01T12:31:00+00:00,InsightPortal,Engineering,Survey,Hyderabad,Enterprise,5,open
FB-11044,CU-2001,"Hi, Chat support was knowledgeable and patient. The team mentioned InsightCRM in the weekly review. Please advise.",2026-02-12T03:29:00+00:00,InsightAnalytics,Customer Support,Email,London,Partner,4,resolved
FB-11045,CU-5002,"For the record, Response time from customer support is getting worse every week. Please treat this as high priority.",2026-07-18T13:53:00+00:00,InsightPay,Customer Support,Website,London,Partner,2,in_progress
FB-11046,CU-6473,Quick update: Payment reconciliation finally works without manual edits. We have seen this twice already. Looking forward to a fix.,2026-05-07T00:18:00+00:00,InsightSecure,Engineering,Internal,Hyderabad,Partner,5,resolved
FB-11047,CU-7062,"Hello team, Search is too slow to be usable during business hours. We have seen this twice already. Thanks.",2026-06-23T00:56:00+00:00,InsightMobile,Engineering,Survey,Kolkata,SMB,1,open
FB-11048,CU-4097,Quick update: I am delighted with the quality of the latest InsightPay release. I am following up because there was no response.,2026-01-27T22:48:00+00:00,InsightPay,Operations,Chat,New York,SMB,4,open
FB-11049,CU-2836,"To be clear, Need access for two additional analysts this week. I attached screenshots in the original ticket. Looking forward to a fix.",2026-03-04T18:06:00+00:00,InsightChat,Customer Support,Chat,Delhi,Partner,3,open
FB-11050,CU-6565,"For the record, Customer support resolved our incident in twenty minutes. The team mentioned InsightPortal in the weekly review. Logged by the duty manager.",2026-04-12T01:45:00+00:00,InsightPay,Customer Support,Call Center,Chennai,Partner,4,resolved
FB-11051,CU-1875,"Hello team, Chat support was knowledgeable and patient. A workaround exists but it is not acceptable long term. Sharing this from the field.",2026-06-24T16:17:00+00:00,InsightSecure,Customer Support,Mobile App,Kolkata,SMB,5,open
FB-11052,CU-2452,"Hi, How do I export department analytics for last quarter? We have seen this twice already. Sharing this from the field.",2026-01-04T21:09:00+00:00,InsightPay,Product,Social Media,Bangalore,Consumer,4,closed
FB-11053,CU-1213,Quick update: Appreciate the proactive outage communication. A workaround exists but it is not acceptable long term. Please advise.,2026-01-20T22:00:00+00:00,InsightMobile,Finance,Email,Ahmedabad,Internal,5,open
FB-11054,CU-4177,Quick update: Package for InsightCRM arrived damaged in Dubai. We have seen this twice already. Looking forward to a fix.,2026-07-13T03:15:00+00:00,InsightSecure,Finance,Website,Singapore,SMB,2,in_progress
FB-11055,CU-8530,We are happy with the reliability of InsightPay this quarter. Our enterprise account is affected. Logged by the duty manager.,2026-06-22T19:14:00+00:00,InsightPortal,Engineering,Survey,Pune,Partner,4,open
FB-11056,CU-1669,Delivery to London was earlier than the estimated date. This happened after the latest update. Looking forward to a fix.,2025-12-19T15:19:00+00:00,InsightChat,Operations,Email,Jaipur,Internal,5,closed
FB-11057,CU-7877,"To be clear, Delivery was extremely late and customer support did not respond. A workaround exists but it is not acceptable long term. Looking forward to a fix.",2026-04-25T02:51:00+00:00,InsightCRM,Operations,Internal,Ahmedabad,Partner,1,open
FB-11058,CU-6925,We are happy with the reliability of InsightSecure this quarter. This is impacting customers in Chennai. Looking forward to a fix.,2026-07-27T04:05:00+00:00,InsightChat,Product,Website,Bangalore,Partner,4,open
FB-11059,CU-7829,Quick update: Sharing an FYI that finance will review invoices tomorrow. This happened after the latest update. Thanks.,2026-06-16T06:45:00+00:00,InsightCRM,Sales,Survey,Ahmedabad,Startup,3,resolved
FB-11060,CU-3251,Quick update: Mobile users report they cannot complete signup on InsightCRM. We have seen this twice already.,2026-02-04T06:50:00+00:00,InsightChat,Finance,Survey,London,Partner,1,resolved
FB-11061,CU-4933,"For the record, Package for InsightCloud arrived damaged in London. A workaround exists but it is not acceptable long term. Looking forward to a fix.",2025-12-26T23:39:00+00:00,InsightChat,Operations,Social Media,Dubai,Internal,2,open
FB-11062,CU-1943,"Hi, The interface redesign is intuitive and reduced training time. The issue started last Thursday. Thanks.",2026-07-31T14:11:00+00:00,InsightSecure,Finance,Survey,Kolkata,SMB,4,open
FB-11063,CU-8649,"For the record, Billing error created an unauthorized charge on our card. The issue started last Thursday. Please advise.",2026-03-14T00:23:00+00:00,InsightAnalytics,Product,Chat,New York,Partner,2,resolved
FB-11064,CU-5437,"For the record, InsightSecure audit logs are exactly what compliance needed. I am following up because there was no response. Please advise.",2026-03-22T11:36:00+00:00,InsightPortal,HR,Chat,Pune,Internal,4,in_progress
FB-11065,CU-6440,InsightSecure audit logs are exactly what compliance needed. The issue started last Thursday. Thanks.,2025-12-06T17:44:00+00:00,InsightPay,Sales,Social Media,Kolkata,Enterprise,5,resolved
FB-11066,CU-4925,"Hi, I am angry that the ticket was closed without a resolution. I attached screenshots in the original ticket. Looking forward to a fix.",2025-12-04T14:55:00+00:00,InsightAnalytics,Customer Support,Survey,Singapore,Internal,1,in_progress
FB-11067,CU-6189,"Hi, We cannot login to InsightChat since the last update. Our enterprise account is affected. Logged by the duty manager.",2026-02-02T05:26:00+00:00,InsightCloud,Engineering,Social Media,Delhi,Internal,1,resolved
FB-11068,CU-6837,"For the record, Documentation update saved our engineering team hours. The team mentioned InsightCRM in the weekly review.",2026-05-25T23:07:00+00:00,InsightPortal,Sales,Email,Mumbai,Enterprise,4,open
FB-11069,CU-5375,"Hello team, Feature request: webhook retries with exponential backoff. Our enterprise account is affected. Please advise.",2026-07-18T05:27:00+00:00,InsightPortal,Product,Internal,Ahmedabad,Enterprise,3,in_progress
FB-11070,CU-6307,"Hi, Delivery to New York was earlier than the estimated date. A workaround exists but it is not acceptable long term. Logged by the duty manager.",2026-03-29T14:08:00+00:00,InsightChat,Operations,Chat,Delhi,SMB,4,in_progress
FB-11071,CU-1414,Quick update: The InsightPay checkout failed and I was still charged. I attached screenshots in the original ticket. Sharing this from the field.,2026-02-22T20:33:00+00:00,InsightPay,Customer Support,Email,Chennai,Internal,2,open
FB-11072,CU-4565,Quick update: Authentication failures are blocking our entire sales team. The team mentioned InsightCRM in the weekly review.,2026-08-05T18:44:00+00:00,InsightCloud,HR,Chat,Kolkata,Internal,1,resolved
FB-11073,CU-4055,"To be clear, Delivery to Delhi was earlier than the estimated date. Please treat this as high priority. Please advise.",2026-04-12T12:11:00+00:00,InsightPay,Operations,Internal,Singapore,SMB,5,open
FB-11074,CU-3855,"Hello team, Refund was issued quickly and with a clear explanation. The issue started last Thursday. Thanks.",2026-01-28T22:39:00+00:00,InsightCRM,Sales,Website,Bangalore,Startup,5,resolved
FB-11075,CU-1802,"Hello team, Chat support was knowledgeable and patient. I attached screenshots in the original ticket. Looking forward to a fix.",2026-02-28T01:30:00+00:00,InsightChat,Customer Support,Internal,Ahmedabad,Partner,5,open
FB-11076,CU-6803,"Hello team, InsightSecure audit logs are exactly what compliance needed. A workaround exists but it is not acceptable long term. Looking forward to a fix.",2026-04-05T03:09:00+00:00,InsightChat,Customer Support,Call Center,Kolkata,Internal,4,in_progress
FB-11077,CU-3378,"Hi, Need access for two additional analysts this week. The team mentioned InsightChat in the weekly review. Sharing this from the field.",2026-01-21T10:28:00+00:00,InsightAnalytics,Operations,Call Center,Delhi,Internal,3,closed
FB-11078,CU-6795,"Hello team, We cannot login to InsightPay since the last update. Please treat this as high priority. Please advise.",2026-04-24T04:45:00+00:00,InsightMobile,Engineering,Chat,Ahmedabad,Consumer,2,open
FB-11079,CU-7501,"For the record, Can you schedule a training session for the operations team? This happened after the latest update. Logged by the duty manager.",2026-07-07T20:07:00+00:00,InsightPay,Product,Internal,Bangalore,Enterprise,3,resolved
FB-11080,CU-7313,Refund for a failed InsightCRM payment is still pending. A workaround exists but it is not acceptable long term. Logged by the duty manager.,2025-12-04T21:04:00+00:00,InsightCRM,HR,Email,Pune,Internal,1,open
FB-11081,CU-5119,"Hi, Consider adding a weekly digest for managers. I am following up because there was no response. Looking forward to a fix.",2026-02-09T15:02:00+00:00,InsightSecure,Product,Mobile App,Singapore,SMB,3,closed
FB-11082,CU-7159,"To be clear, Great improvement in mobile performance this month. Our enterprise account is affected. Logged by the duty manager.",2026-02-08T00:36:00+00:00,InsightCloud,Sales,Call Center,Jaipur,Startup,5,in_progress
FB-11083,CU-9128,"Hello team, InsightSecure audit logs are exactly what compliance needed. The team mentioned InsightPay in the weekly review.",2026-08-07T05:42:00+00:00,InsightPay,Customer Support,Mobile App,Mumbai,Internal,5,resolved
FB-11084,CU-2215,Quick update: I am frustrated that the InsightCRM app crashes during payment. The issue started last Thursday. Looking forward to a fix.,2026-03-27T12:02:00+00:00,InsightPortal,Engineering,Email,Pune,Consumer,2,closed
FB-11085,CU-9924,Duplicate invoices were sent to finance after renewal. The team mentioned InsightChat in the weekly review. Looking forward to a fix.,2026-08-04T16:34:00+00:00,InsightPortal,Finance,Chat,Hyderabad,SMB,2,resolved
FB-11086,CU-4820,Quick update: Consider adding a weekly digest for managers. Please treat this as high priority. Please advise.,2026-08-02T16:43:00+00:00,InsightSecure,Operations,Mobile App,Mumbai,Enterprise,3,open
FB-11087,CU-1818,Quick update: Great improvement in mobile performance this month. I attached screenshots in the original ticket. Please advise.,2026-03-27T09:30:00+00:00,InsightPay,Customer Support,Website,Mumbai,Consumer,5,closed
FB-11088,CU-4298,"Hi, Payment reconciliation finally works without manual edits. This is impacting customers in Pune. Sharing this from the field.",2026-07-25T09:56:00+00:00,InsightCloud,Engineering,Chat,Hyderabad,Consumer,5,resolved
FB-11089,CU-7989,"Hi, Refund for a failed InsightPay payment is still pending. This is impacting customers in Hyderabad. Logged by the duty manager.",2025-12-10T18:47:00+00:00,InsightChat,Product,Email,Chennai,Consumer,1,open
FB-11090,CU-7029,"Hi, Where can I find the data retention policy? I am following up because there was no response. Thanks.",2026-05-01T14:46:00+00:00,InsightPay,Operations,Survey,Surat,SMB,4,in_progress
FB-11091,CU-7446,"Hi, The interface redesign is intuitive and reduced training time. Our enterprise account is affected. Sharing this from the field.",2026-07-06T17:53:00+00:00,InsightSecure,Sales,Survey,Bangalore,Consumer,5,resolved
FB-11092,CU-4972,"For the record, Refund for a failed InsightAnalytics payment is still pending. Our enterprise account is affected. Please advise.",2026-01-01T12:36:00+00:00,InsightCRM,HR,Social Media,Bangalore,Partner,2,in_progress
FB-11093,CU-4580,"Hello team, The courier missed the delivery window three times in Bangalore. This happened after the latest update.",2026-03-18T04:38:00+00:00,InsightPortal,Operations,Social Media,Surat,SMB,2,open
FB-11094,CU-7763,Quick update: Noting that the internal survey was completed by HR. This happened after the latest update.,2026-07-19T16:22:00+00:00,InsightCRM,Product,Survey,Hyderabad,Consumer,3,resolved
FB-11095,CU-1894,"Hi, Package for InsightPay arrived damaged in Delhi. This happened after the latest update. Sharing this from the field.",2026-07-26T02:09:00+00:00,InsightCRM,Sales,Website,Mumbai,Internal,2,resolved
FB-11096,CU-8722,Quick update: Support never called back after I reported a critical outage. The team mentioned InsightSecure in the weekly review. Please advise.,2026-03-11T06:21:00+00:00,InsightSecure,Customer Support,Website,Kolkata,Consumer,2,closed
FB-11097,CU-4650,"Hi, Search is too slow to be usable during business hours. Our enterprise account is affected. Thanks.",2026-03-12T12:14:00+00:00,InsightCloud,Customer Support,Survey,Ahmedabad,SMB,2,open
FB-11098,CU-2765,"Hello team, Documentation is outdated and caused a production misconfiguration. We have seen this twice already. Thanks.",2026-01-16T08:26:00+00:00,InsightCRM,Finance,Website,Bangalore,SMB,2,resolved
FB-11099,CU-1821,"To be clear, Documentation update saved our engineering team hours. A workaround exists but it is not acceptable long term. Logged by the duty manager.",2026-07-18T04:36:00+00:00,InsightAnalytics,Engineering,Email,Singapore,Internal,5,open
FB-11100,CU-3676,"Hello team, I am delighted with the quality of the latest InsightPortal release. Please treat this as high priority.",2025-12-15T04:14:00+00:00,InsightSecure,Customer Support,Email,Dubai,Partner,5,resolved
FB-11101,CU-3233,"Hello team, I am angry that the ticket was closed without a resolution. The team mentioned InsightSecure in the weekly review. Thanks.",2026-01-09T19:50:00+00:00,InsightCRM,Customer Support,Website,Mumbai,Startup,2,in_progress
FB-11102,CU-8008,"Hello team, We may add twenty more seats if the trial goes well. The issue started last Thursday. Please advise.",2025-12-18T23:44:00+00:00,InsightCloud,Finance,Internal,Hyderabad,Enterprise,3,in_progress
FB-11103,CU-2281,"Hi, InsightSecure audit logs are exactly what compliance needed. I am following up because there was no response. Thanks.",2026-02-10T20:23:00+00:00,InsightCRM,Customer Support,Email,Delhi,Internal,5,in_progress
FB-11104,CU-1268,"Hi, Is there a sandbox for InsightPay chargebacks? The issue started last Thursday. Logged by the duty manager.",2026-04-18T09:29:00+00:00,InsightCloud,HR,Mobile App,Chennai,Internal,3,open
FB-11105,CU-8803,"For the record, Package for InsightAnalytics arrived damaged in Ahmedabad. I attached screenshots in the original ticket. Looking forward to a fix.",2026-03-29T23:49:00+00:00,InsightCloud,Customer Support,Internal,Hyderabad,Startup,2,in_progress
FB-11106,CU-9286,"For the record, Chat support was knowledgeable and patient. This happened after the latest update. Sharing this from the field.",2026-01-09T21:30:00+00:00,InsightMobile,Customer Support,Mobile App,Mumbai,SMB,4,open
FB-11107,CU-4074,"Hi, Search is too slow to be usable during business hours. This is impacting customers in New York. Sharing this from the field.",2026-07-31T07:31:00+00:00,InsightCRM,Finance,Internal,Jaipur,Enterprise,1,resolved
FB-11108,CU-2211,I am frustrated that the InsightCloud app crashes during payment. Please treat this as high priority. Thanks.,2026-04-21T13:51:00+00:00,InsightPay,Engineering,Internal,Dubai,Enterprise,2,resolved
FB-11109,CU-2792,Appreciate the proactive outage communication. The issue started last Thursday. Sharing this from the field.,2026-05-27T11:11:00+00:00,InsightSecure,Finance,Internal,Surat,SMB,5,open
FB-11110,CU-6251,"Hello team, It would help to have saved filters on the explorer table. The issue started last Thursday.",2026-01-06T03:24:00+00:00,InsightMobile,Engineering,Social Media,Jaipur,Internal,3,in_progress
FB-11111,CU-6416,"Hi, Noting that the internal survey was completed by HR. This happened after the latest update. Please advise.",2026-02-17T16:53:00+00:00,InsightPortal,Sales,Website,Bangalore,Consumer,3,open
FB-11112,CU-7998,"To be clear, The latest release introduced a severe performance regression. A workaround exists but it is not acceptable long term. Please advise.",2026-04-07T08:39:00+00:00,InsightMobile,Engineering,Call Center,Mumbai,Partner,2,resolved
FB-11113,CU-9892,"Hello team, Payment reconciliation finally works without manual edits. The team mentioned InsightPortal in the weekly review. Thanks.",2025-12-05T13:05:00+00:00,InsightChat,Product,Mobile App,Mumbai,Partner,5,open
FB-11114,CU-7590,Refund was issued quickly and with a clear explanation. I am following up because there was no response. Please advise.,2026-01-08T18:20:00+00:00,InsightSecure,HR,Call Center,Pune,SMB,5,in_progress
FB-11115,CU-6564,"Hello team, How do I export department analytics for last quarter? I am following up because there was no response.",2026-02-24T21:16:00+00:00,InsightPay,Finance,Mobile App,Delhi,SMB,3,resolved
FB-11116,CU-2249,"Hello team, Call center agents read from a script and did not understand the issue. Our enterprise account is affected.",2026-07-06T04:06:00+00:00,InsightMobile,HR,Survey,New York,Startup,1,in_progress
FB-11117,CU-6352,Quick update: Please confirm whether SSO is enabled for partner accounts. We have seen this twice already. Sharing this from the field.,2026-07-17T00:06:00+00:00,InsightCloud,Sales,Social Media,Kolkata,Partner,3,open
FB-11118,CU-6139,Quick update: Authentication failures are blocking our entire sales team. This happened after the latest update. Thanks.,2026-03-24T20:33:00+00:00,InsightPortal,Operations,Survey,Singapore,Internal,2,closed
FB-11119,CU-8145,Quick update: Payment reconciliation finally works without manual edits. Our enterprise account is affected. Logged by the duty manager.,2026-05-18T05:07:00+00:00,InsightMobile,Finance,Email,Mumbai,Enterprise,4,open
FB-11120,CU-8717,"Hello team, I am frustrated that the InsightPay app crashes during payment. We have seen this twice already.",2026-07-29T16:58:00+00:00,InsightCloud,Engineering,Internal,Mumbai,Consumer,2,in_progress
FB-11121,CU-8077,"Hello team, Refund was issued quickly and with a clear explanation. A workaround exists but it is not acceptable long term. Sharing this from the field.",2026-06-07T17:01:00+00:00,InsightPay,Operations,Chat,Pune,Enterprise,5,resolved
FB-11122,CU-6271,"For the record, Need access for two additional analysts this week. This happened after the latest update. Thanks.",2026-04-19T12:12:00+00:00,InsightCloud,Customer Support,Website,Hyderabad,SMB,3,open
FB-11123,CU-8390,"For the record, Noting that the internal survey was completed by HR. This happened after the latest update. Thanks.",2026-05-18T18:49:00+00:00,InsightPay,Customer Support,Chat,Kolkata,Internal,4,in_progress
FB-11124,CU-2364,"To be clear, The current plan is acceptable but we will compare alternatives. The issue started last Thursday. Thanks.",2026-05-22T06:13:00+00:00,InsightPortal,Engineering,Survey,London,Enterprise,4,closed
FB-11125,CU-9287,"Hello team, Noting that the internal survey was completed by HR. This is impacting customers in Surat. Looking forward to a fix.",2025-12-01T02:12:00+00:00,InsightMobile,Finance,Email,Delhi,SMB,3,resolved
FB-11126,CU-8901,"To be clear, Call center agents read from a script and did not understand the issue. We have seen this twice already. Logged by the duty manager.",2026-02-22T22:48:00+00:00,InsightPay,Engineering,Internal,Pune,Enterprise,2,resolved
FB-11127,CU-3087,"For the record, The interface redesign is intuitive and reduced training time. I am following up because there was no response. Sharing this from the field.",2026-06-27T08:15:00+00:00,InsightCloud,Sales,Internal,Jaipur,Consumer,5,closed
FB-11128,CU-1272,"To be clear, Price increase was communicated poorly and feels unjustified. I am following up because there was no response. Logged by the duty manager.",2026-02-15T11:42:00+00:00,InsightPortal,Operations,Email,New York,Consumer,2,open
FB-11129,CU-6343,"Hi, Chat support was knowledgeable and patient. This is impacting customers in Jaipur. Sharing this from the field.",2026-03-25T06:19:00+00:00,InsightMobile,Customer Support,Call Center,Jaipur,Startup,4,resolved
FB-11130,CU-5989,"To be clear, Loved the new InsightPortal dashboard, it is clean and fast. Our enterprise account is affected.",2026-04-01T04:48:00+00:00,InsightChat,Engineering,Mobile App,Singapore,Consumer,5,in_progress
FB-11131,CU-5518,"For the record, Loved the new InsightPay dashboard, it is clean and fast. I am following up because there was no response. Logged by the duty manager.",2026-03-01T21:39:00+00:00,InsightAnalytics,Engineering,Mobile App,Kolkata,SMB,5,resolved
FB-11132,CU-5799,"Hi, Is there a sandbox for InsightPay chargebacks? This is impacting customers in Delhi. Looking forward to a fix.",2026-01-22T12:46:00+00:00,InsightCloud,Engineering,Website,Bangalore,Startup,4,open
FB-11133,CU-2002,How do I export department analytics for last quarter? I attached screenshots in the original ticket. Thanks.,2025-12-11T12:25:00+00:00,InsightAnalytics,Customer Support,Website,Dubai,Partner,3,open
FB-11134,CU-8904,"To be clear, Payment reconciliation finally works without manual edits. Please treat this as high priority. Sharing this from the field.",2026-07-12T21:51:00+00:00,InsightPay,Product,Social Media,London,Partner,5,in_progress
FB-11135,CU-1752,"Hello team, Appreciate the proactive outage communication. Please treat this as high priority.",2026-07-23T00:03:00+00:00,InsightPay,Operations,Survey,New York,Consumer,4,resolved
FB-11136,CU-5820,Quick update: Refund was issued quickly and with a clear explanation. The issue started last Thursday. Please advise.,2026-06-15T18:12:00+00:00,InsightPortal,Sales,Chat,Chennai,Partner,4,open
FB-11137,CU-3013,Quick update: Noting that the internal survey was completed by HR. Please treat this as high priority. Logged by the duty manager.,2026-05-11T06:27:00+00:00,InsightSecure,Finance,Website,Delhi,Startup,3,closed
FB-11138,CU-5929,Quick update: The courier missed the delivery window three times in Jaipur. I am following up because there was no response. Please advise.,2026-04-23T12:52:00+00:00,InsightSecure,Operations,Website,Pune,SMB,2,resolved
FB-11139,CU-4865,Quick update: Refund for a failed InsightSecure payment is still pending. I am following up because there was no response. Thanks.,2026-01-17T05:07:00+00:00,InsightPay,Product,Call Center,London,Internal,1,resolved
FB-11140,CU-3797,"Hi, Loved the new InsightAnalytics dashboard, it is clean and fast. Our enterprise account is affected. Sharing this from the field.",2026-03-06T19:14:00+00:00,InsightChat,Product,Mobile App,Dubai,SMB,5,in_progress
FB-11141,CU-5081,"Hi, Security alert fired after suspicious admin logins. Our enterprise account is affected. Thanks.",2026-07-01T19:03:00+00:00,InsightPay,Engineering,Chat,Mumbai,Internal,2,open
FB-11142,CU-6259,"Hello team, I am frustrated that the InsightPortal app crashes during payment. We have seen this twice already. Looking forward to a fix.",2026-04-19T23:15:00+00:00,InsightSecure,Engineering,Survey,Kolkata,Startup,2,open
FB-11143,CU-2090,"Hi, Payment reconciliation finally works without manual edits. I attached screenshots in the original ticket.",2026-02-22T15:23:00+00:00,InsightCloud,Customer Support,Website,Hyderabad,Enterprise,5,in_progress
FB-11144,CU-3312,Quick update: Great improvement in mobile performance this month. Please treat this as high priority. Please advise.,2026-06-14T11:40:00+00:00,InsightCRM,Product,Social Media,Chennai,Partner,5,resolved
FB-11145,CU-6461,"To be clear, Sharing an FYI that finance will review invoices tomorrow. The team mentioned InsightCloud in the weekly review. Please advise.",2026-01-21T08:18:00+00:00,InsightCRM,Customer Support,Call Center,Chennai,Partner,4,in_progress
FB-11146,CU-8773,"Hello team, Support never called back after I reported a critical outage. Please treat this as high priority. Thanks.",2026-08-08T05:27:00+00:00,InsightPay,Customer Support,Email,Singapore,Partner,2,open
FB-11147,CU-6009,"To be clear, Feature request: webhook retries with exponential backoff. This happened after the latest update. Looking forward to a fix.",2025-12-17T10:11:00+00:00,InsightCloud,Engineering,Chat,Hyderabad,Internal,3,open
FB-11148,CU-7250,"To be clear, Response time from customer support is getting worse every week. A workaround exists but it is not acceptable long term. Sharing this from the field.",2026-05-25T15:12:00+00:00,InsightAnalytics,Customer Support,Internal,Surat,Internal,2,in_progress
FB-11149,CU-8045,"Hello team, Noting that the internal survey was completed by HR. This is impacting customers in Bangalore. Thanks.",2026-05-04T18:16:00+00:00,InsightChat,Finance,Social Media,Hyderabad,Enterprise,3,resolved
FB-11150,CU-6576,"To be clear, InsightSecure audit logs are exactly what compliance needed. This happened after the latest update. Sharing this from the field.",2026-01-28T18:01:00+00:00,InsightCRM,HR,Email,Surat,Internal,5,open
FB-11151,CU-7073,"Hi, The interface redesign is intuitive and reduced training time. We have seen this twice already. Logged by the duty manager.",2026-05-08T21:39:00+00:00,InsightPortal,Sales,Internal,Mumbai,Partner,5,closed
FB-11152,CU-2170,"To be clear, Security alert fired after suspicious admin logins. I am following up because there was no response. Thanks.",2026-07-04T18:03:00+00:00,InsightMobile,Engineering,Internal,New York,Partner,1,in_progress
FB-11153,CU-9669,"To be clear, The interface redesign is intuitive and reduced training time. We have seen this twice already. Thanks.",2026-07-19T02:29:00+00:00,InsightPay,Product,Social Media,Bangalore,Startup,5,resolved
FB-11154,CU-9653,Quick update: The current plan is acceptable but we will compare alternatives. The team mentioned InsightMobile in the weekly review. Sharing this from the field.,2026-06-04T06:40:00+00:00,InsightPay,Operations,Survey,Singapore,Consumer,3,resolved
FB-11155,CU-2726,"Hi, I am frustrated that the InsightCRM app crashes during payment. The team mentioned InsightCloud in the weekly review. Sharing this from the field.",2026-06-22T19:42:00+00:00,InsightMobile,Engineering,Internal,Chennai,Partner,2,open
FB-11156,CU-8613,"Hi, Call center agents read from a script and did not understand the issue. I am following up because there was no response.",2026-06-09T16:34:00+00:00,InsightPay,HR,Website,Singapore,Internal,2,open
FB-11157,CU-3202,"Hello team, I am angry that the ticket was closed without a resolution. Please treat this as high priority. Sharing this from the field.",2026-08-03T17:08:00+00:00,InsightPortal,Customer Support,Survey,Hyderabad,Enterprise,1,open
FB-11158,CU-5904,"To be clear, Refund was issued quickly and with a clear explanation. A workaround exists but it is not acceptable long term.",2025-12-11T09:20:00+00:00,InsightPay,Operations,Call Center,New York,Consumer,5,open
FB-11159,CU-5019,Quick update: Refund for a failed InsightPortal payment is still pending. This is impacting customers in Mumbai.,2026-04-10T23:38:00+00:00,InsightChat,Sales,Call Center,Hyderabad,SMB,2,resolved
FB-11160,CU-7321,"Hi, Delivery was extremely late and customer support did not respond. I attached screenshots in the original ticket. Logged by the duty manager.",2026-02-02T02:41:00+00:00,InsightSecure,Operations,Chat,Delhi,Partner,2,in_progress
FB-11161,CU-8965,Quick update: The latest release introduced a severe performance regression. This is impacting customers in Delhi. Logged by the duty manager.,2026-01-04T16:58:00+00:00,InsightCRM,Engineering,Email,Chennai,Enterprise,2,resolved
FB-11162,CU-7753,"Hi, Documentation update saved our engineering team hours. This happened after the latest update. Thanks.",2026-06-25T08:16:00+00:00,InsightCloud,HR,Mobile App,Ahmedabad,Enterprise,5,resolved
FB-11163,CU-9034,"Hi, Great improvement in mobile performance this month. A workaround exists but it is not acceptable long term.",2026-01-18T21:35:00+00:00,InsightPay,Operations,Call Center,Ahmedabad,Startup,5,open
FB-11164,CU-6193,"For the record, Documentation update saved our engineering team hours. A workaround exists but it is not acceptable long term. Please advise.",2025-12-30T16:48:00+00:00,InsightCRM,Sales,Call Center,Ahmedabad,Partner,5,in_progress
FB-11165,CU-5417,"Hello team, It would help to have saved filters on the explorer table. Our enterprise account is affected. Thanks.",2026-07-29T19:32:00+00:00,InsightPortal,HR,Survey,Singapore,Startup,4,open
FB-11166,CU-2731,Quick update: Chat support was knowledgeable and patient. The team mentioned InsightMobile in the weekly review.,2025-12-06T20:27:00+00:00,InsightCloud,Customer Support,Chat,Dubai,Startup,5,resolved
FB-11167,CU-4834,Quick update: The InsightCRM rollout is scheduled for next Monday in Bangalore. The issue started last Thursday. Thanks.,2026-05-16T23:22:00+00:00,InsightCRM,Finance,Call Center,Pune,Startup,3,resolved
FB-11168,CU-4052,Chat support was knowledgeable and patient. The issue started last Thursday. Sharing this from the field.,2026-04-11T20:55:00+00:00,InsightChat,Customer Support,Email,Pune,SMB,4,open
FB-11169,CU-5579,"To be clear, The InsightAnalytics rollout is scheduled for next Monday in Surat. We have seen this twice already.",2026-03-26T14:08:00+00:00,InsightPay,Product,Mobile App,Ahmedabad,Enterprise,4,resolved
FB-11170,CU-6071,"Hi, Refund was issued quickly and with a clear explanation. I am following up because there was no response. Please advise.",2025-12-20T01:39:00+00:00,InsightPortal,Finance,Mobile App,London,SMB,4,open
FB-11171,CU-9126,"For the record, Mobile users report they cannot complete signup on InsightPay. A workaround exists but it is not acceptable long term. Looking forward to a fix.",2026-01-22T05:11:00+00:00,InsightSecure,Customer Support,Social Media,Singapore,SMB,2,open
FB-11172,CU-7250,"To be clear, Billing error created an unauthorized charge on our card. Please treat this as high priority.",2026-03-08T16:27:00+00:00,InsightCloud,Finance,Call Center,Ahmedabad,Consumer,2,open
FB-11173,CU-7705,"To be clear, I am delighted with the quality of the latest InsightMobile release. We have seen this twice already. Please advise.",2026-06-03T04:04:00+00:00,InsightSecure,Operations,Website,Ahmedabad,Startup,4,in_progress
FB-11174,CU-1567,"Hi, Loved the new InsightPay dashboard, it is clean and fast. The team mentioned InsightCRM in the weekly review. Sharing this from the field.",2026-01-25T19:29:00+00:00,InsightCloud,Operations,Internal,Mumbai,SMB,4,open
FB-11175,CU-5576,"For the record, I am angry that the ticket was closed without a resolution. A workaround exists but it is not acceptable long term. Looking forward to a fix.",2025-12-31T00:51:00+00:00,InsightAnalytics,Customer Support,Chat,Singapore,Enterprise,1,closed
FB-11176,CU-3158,"Hi, We cannot login to InsightCloud since the last update. This happened after the latest update. Thanks.",2026-06-30T07:48:00+00:00,InsightAnalytics,Engineering,Email,Hyderabad,SMB,1,open
FB-11177,CU-8308,Delivery to Mumbai was earlier than the estimated date. The issue started last Thursday. Thanks.,2025-12-05T18:17:00+00:00,InsightAnalytics,Operations,Internal,Mumbai,Consumer,5,resolved
FB-11178,CU-1394,"Hello team, We cannot login to InsightChat since the last update. I attached screenshots in the original ticket. Thanks.",2026-05-16T14:38:00+00:00,InsightAnalytics,Customer Support,Email,Bangalore,Startup,1,resolved
FB-11179,CU-8042,Call center agents read from a script and did not understand the issue. This is impacting customers in Mumbai.,2026-02-20T17:37:00+00:00,InsightCloud,Operations,Chat,Singapore,Internal,1,open
FB-11180,CU-9610,"To be clear, Sales team prepared a thoughtful demo for our executives. The team mentioned InsightChat in the weekly review. Logged by the duty manager.",2026-03-29T12:03:00+00:00,InsightPay,Sales,Social Media,Bangalore,Consumer,5,open
FB-11181,CU-5927,The onboarding specialist made InsightPortal easy to adopt. A workaround exists but it is not acceptable long term. Sharing this from the field.,2026-05-08T18:08:00+00:00,InsightCloud,Engineering,Website,Ahmedabad,Consumer,4,in_progress
FB-11182,CU-1640,"Hello team, Average experience so far, we are still evaluating InsightCRM. I am following up because there was no response. Please advise.",2026-02-07T16:27:00+00:00,InsightAnalytics,Engineering,Email,Surat,SMB,3,in_progress
FB-11183,CU-1238,Great improvement in mobile performance this month. We have seen this twice already. Thanks.,2026-06-09T23:31:00+00:00,InsightMobile,HR,Survey,Hyderabad,Enterprise,4,resolved
FB-11184,CU-9456,"Hi, The InsightPay rollout is scheduled for next Monday in Ahmedabad. This happened after the latest update. Logged by the duty manager.",2026-01-31T18:07:00+00:00,InsightPay,Customer Support,Mobile App,Surat,Startup,3,open
FB-11185,CU-1732,"Hello team, The InsightCloud rollout is scheduled for next Monday in Pune. I am following up because there was no response. Thanks.",2026-07-28T14:47:00+00:00,InsightPortal,Finance,Chat,Ahmedabad,Partner,3,resolved
FB-11186,CU-4590,"Hi, Call center agents read from a script and did not understand the issue. A workaround exists but it is not acceptable long term. Looking forward to a fix.",2025-12-06T19:52:00+00:00,InsightAnalytics,Finance,Call Center,Pune,Enterprise,1,closed
FB-11187,CU-3318,We may add twenty more seats if the trial goes well. Please treat this as high priority. Logged by the duty manager.,2026-03-05T22:16:00+00:00,InsightSecure,Sales,Social Media,Mumbai,Enterprise,4,open
FB-11188,CU-5478,"Hello team, Delivery was extremely late and customer support did not respond. The issue started last Thursday. Please advise.",2026-03-25T10:24:00+00:00,InsightAnalytics,Operations,Chat,Pune,Consumer,1,open
FB-11189,CU-8319,"To be clear, The InsightMobile checkout failed and I was still charged. This happened after the latest update.",2026-07-24T04:41:00+00:00,InsightCRM,Sales,Social Media,Ahmedabad,SMB,1,closed
FB-11190,CU-6104,"For the record, Loved the new InsightSecure dashboard, it is clean and fast. Please treat this as high priority. Please advise.",2026-06-21T11:40:00+00:00,InsightCRM,Engineering,Email,Delhi,Startup,4,closed
FB-11191,CU-3894,"To be clear, Authentication failures are blocking our entire sales team. I am following up because there was no response. Thanks.",2025-12-28T17:07:00+00:00,InsightChat,Customer Support,Survey,Hyderabad,Partner,2,open
FB-11192,CU-3093,"To be clear, We are happy with the reliability of InsightChat this quarter. This happened after the latest update. Thanks.",2026-03-20T13:01:00+00:00,InsightPay,Customer Support,Call Center,Kolkata,SMB,4,in_progress
FB-11193,CU-9155,"Hi, We cannot login to InsightCRM since the last update. I am following up because there was no response.",2026-07-20T08:34:00+00:00,InsightSecure,Engineering,Chat,Pune,Startup,2,open
FB-11194,CU-1412,"For the record, Noting that the internal survey was completed by HR. This is impacting customers in Bangalore. Thanks.",2026-01-26T20:19:00+00:00,InsightChat,HR,Mobile App,Jaipur,Enterprise,3,open
FB-11195,CU-9761,"Hello team, Security alert fired after suspicious admin logins. Our enterprise account is affected. Please advise.",2026-08-04T13:05:00+00:00,InsightPortal,Engineering,Email,Mumbai,Startup,2,resolved
FB-11196,CU-7556,How do I export department analytics for last quarter? We have seen this twice already. Sharing this from the field.,2026-06-26T12:59:00+00:00,InsightSecure,Finance,Email,Dubai,SMB,3,open
FB-11197,CU-1984,"Hi, Duplicate invoices were sent to finance after renewal. A workaround exists but it is not acceptable long term. Sharing this from the field.",2026-07-01T02:42:00+00:00,InsightMobile,Sales,Call Center,Hyderabad,Enterprise,2,open
FB-11198,CU-7869,"Hello team, Please confirm whether SSO is enabled for partner accounts. I am following up because there was no response. Thanks.",2026-06-26T06:19:00+00:00,InsightPay,Product,Chat,Kolkata,SMB,3,closed
FB-11199,CU-5637,"Hi, Refund for a failed InsightChat payment is still pending. Our enterprise account is affected. Please advise.",2026-08-06T12:42:00+00:00,InsightAnalytics,HR,Mobile App,Singapore,Enterprise,1,open
FB-11200,CU-5710,"Hello team, I am delighted with the quality of the latest InsightCRM release. A workaround exists but it is not acceptable long term. Looking forward to a fix.",2026-03-20T07:19:00+00:00,InsightCRM,Product,Email,New York,Enterprise,4,in_progress
FB-11201,CU-4212,Documentation is outdated and caused a production misconfiguration. This is impacting customers in Dubai. Please advise.,2026-01-16T02:10:00+00:00,InsightSecure,Product,Social Media,Surat,Internal,1,open
FB-11202,CU-1957,"Hello team, Please confirm whether SSO is enabled for partner accounts. Our enterprise account is affected. Looking forward to a fix.",2026-06-05T20:55:00+00:00,InsightChat,Customer Support,Call Center,Mumbai,Enterprise,3,closed
FB-11203,CU-2752,Duplicate invoices were sent to finance after renewal. I am following up because there was no response. Please advise.,2026-02-15T15:52:00+00:00,InsightCloud,Operations,Internal,New York,Enterprise,1,in_progress
FB-11204,CU-5667,"Hi, The interface redesign is intuitive and reduced training time. Please treat this as high priority. Logged by the duty manager.",2026-06-03T16:16:00+00:00,InsightCloud,Sales,Internal,Dubai,Partner,5,open
FB-11205,CU-9658,"Hello team, Delivery was extremely late and customer support did not respond. The issue started last Thursday. Please advise.",2025-12-31T00:30:00+00:00,InsightMobile,Operations,Internal,Kolkata,Internal,2,open
FB-11206,CU-3533,Quick update: Mobile users report they cannot complete signup on InsightPay. The issue started last Thursday.,2026-05-26T16:07:00+00:00,InsightPortal,HR,Email,Delhi,Internal,2,in_progress
FB-11207,CU-2737,Consider adding a weekly digest for managers. The team mentioned InsightPortal in the weekly review. Sharing this from the field.,2026-07-03T07:02:00+00:00,InsightPortal,Engineering,Website,Mumbai,Startup,3,in_progress
FB-11208,CU-3211,"To be clear, Appreciate the proactive outage communication. I attached screenshots in the original ticket.",2026-02-04T21:55:00+00:00,InsightAnalytics,Customer Support,Call Center,Pune,SMB,4,open
FB-11209,CU-6841,"Hi, It would help to have saved filters on the explorer table. This is impacting customers in Kolkata. Looking forward to a fix.",2026-03-31T00:24:00+00:00,InsightPortal,Finance,Mobile App,Pune,Partner,3,resolved
FB-11210,CU-4237,The latest release introduced a severe performance regression. I attached screenshots in the original ticket. Looking forward to a fix.,2025-12-19T00:30:00+00:00,InsightPay,Customer Support,Survey,Ahmedabad,Internal,2,in_progress
FB-11211,CU-1386,"To be clear, We cannot login to InsightAnalytics since the last update. The issue started last Thursday. Thanks.",2026-04-18T09:32:00+00:00,InsightCloud,Engineering,Website,Bangalore,Enterprise,2,resolved
FB-11212,CU-6975,"Hello team, InsightSecure audit logs are exactly what compliance needed. This happened after the latest update.",2026-07-22T02:24:00+00:00,InsightPortal,Finance,Chat,New York,Startup,4,in_progress
FB-11213,CU-3547,We may add twenty more seats if the trial goes well. Our enterprise account is affected. Please advise.,2026-07-22T15:26:00+00:00,InsightAnalytics,HR,Internal,Kolkata,Partner,3,resolved
FB-11214,CU-2613,"For the record, Please confirm whether SSO is enabled for partner accounts. The issue started last Thursday.",2026-07-20T14:58:00+00:00,InsightPortal,Product,Email,Delhi,Partner,4,open
FB-11215,CU-3515,Quick update: Sales team prepared a thoughtful demo for our executives. I attached screenshots in the original ticket. Logged by the duty manager.,2026-03-29T05:14:00+00:00,InsightChat,Customer Support,Social Media,Singapore,Startup,4,in_progress
FB-11216,CU-9192,Can you schedule a training session for the operations team? The team mentioned InsightPortal in the weekly review. Please advise.,2025-12-07T14:13:00+00:00,InsightPay,HR,Internal,Surat,Startup,3,in_progress
FB-11217,CU-2194,Quick update: Security alert fired after suspicious admin logins. This happened after the latest update. Please advise.,2025-12-05T05:56:00+00:00,InsightPortal,Engineering,Social Media,Kolkata,Startup,2,resolved
FB-11218,CU-8351,"Hi, Documentation update saved our engineering team hours. I am following up because there was no response. Looking forward to a fix.",2026-01-07T14:11:00+00:00,InsightAnalytics,Customer Support,Chat,Pune,Startup,5,open
FB-11219,CU-7841,We are happy with the reliability of InsightChat this quarter. The issue started last Thursday. Logged by the duty manager.,2026-06-05T17:58:00+00:00,InsightChat,Engineering,Email,Hyderabad,Partner,4,open
FB-11220,CU-1942,"For the record, It would help to have saved filters on the explorer table. This happened after the latest update.",2026-03-11T18:43:00+00:00,InsightCRM,Operations,Survey,Singapore,Startup,4,resolved
FB-11221,CU-5216,"Hello team, The latest release introduced a severe performance regression. A workaround exists but it is not acceptable long term. Sharing this from the field.",2026-08-02T10:38:00+00:00,InsightPortal,Engineering,Website,Hyderabad,SMB,1,resolved
FB-11222,CU-9633,"For the record, It would help to have saved filters on the explorer table. The team mentioned InsightPortal in the weekly review. Please advise.",2026-03-22T02:37:00+00:00,InsightPay,Operations,Social Media,Mumbai,SMB,3,in_progress
FB-11223,CU-8615,"For the record, Need access for two additional analysts this week. The issue started last Thursday. Thanks.",2026-04-03T03:06:00+00:00,InsightCloud,HR,Survey,London,Consumer,4,in_progress
FB-11224,CU-4812,"Hi, Security alert fired after suspicious admin logins. We have seen this twice already. Thanks.",2025-12-30T09:17:00+00:00,InsightChat,Engineering,Website,Hyderabad,SMB,2,closed
FB-11225,CU-4020,Where can I find the data retention policy? I am following up because there was no response. Thanks.,2026-06-22T17:00:00+00:00,InsightCloud,Product,Chat,Bangalore,Consumer,3,resolved
FB-11226,CU-1176,Call center agents read from a script and did not understand the issue. Please treat this as high priority. Thanks.,2026-03-25T01:56:00+00:00,InsightSecure,Finance,Website,Bangalore,Partner,1,open
FB-11227,CU-1087,"Hello team, Mobile users report they cannot complete signup on InsightMobile. Our enterprise account is affected.",2026-02-10T14:27:00+00:00,InsightCRM,Sales,Call Center,Jaipur,Enterprise,2,resolved
FB-11228,CU-8569,"For the record, Can you schedule a training session for the operations team? We have seen this twice already. Sharing this from the field.",2026-05-28T19:14:00+00:00,InsightCRM,Operations,Email,Singapore,Consumer,3,open
FB-11229,CU-7877,"For the record, How do I export department analytics for last quarter? This is impacting customers in Hyderabad.",2025-12-16T04:53:00+00:00,InsightChat,Finance,Internal,Pune,Internal,4,open
FB-11230,CU-9947,"To be clear, We cannot login to InsightAnalytics since the last update. The issue started last Thursday. Logged by the duty manager.",2025-12-06T14:46:00+00:00,InsightPay,Engineering,Chat,Bangalore,Enterprise,2,in_progress
FB-11231,CU-4050,"To be clear, Great improvement in mobile performance this month. This happened after the latest update.",2026-04-24T05:38:00+00:00,InsightPay,Operations,Mobile App,Hyderabad,Startup,5,closed
FB-11232,CU-5008,"Hello team, The InsightAnalytics checkout failed and I was still charged. A workaround exists but it is not acceptable long term. Thanks.",2026-02-02T06:11:00+00:00,InsightPay,Operations,Survey,Surat,Enterprise,1,open
FB-11233,CU-7632,"For the record, Refund for a failed InsightSecure payment is still pending. This happened after the latest update. Thanks.",2026-06-22T22:43:00+00:00,InsightPay,Operations,Social Media,New York,SMB,2,resolved
FB-11234,CU-9820,"Hello team, We may add twenty more seats if the trial goes well. Our enterprise account is affected. Sharing this from the field.",2026-06-26T17:01:00+00:00,InsightSecure,Sales,Call Center,Surat,SMB,3,resolved
FB-11235,CU-3337,"Hi, The current plan is acceptable but we will compare alternatives. We have seen this twice already. Sharing this from the field.",2026-05-03T19:08:00+00:00,InsightPay,Customer Support,Call Center,Chennai,Consumer,3,open
FB-11236,CU-2602,Quick update: Payment reconciliation finally works without manual edits. We have seen this twice already. Thanks.,2025-12-24T18:13:00+00:00,InsightPortal,Product,Email,Mumbai,Consumer,5,in_progress
FB-11237,CU-7276,Quick update: Customer support resolved our incident in twenty minutes. The issue started last Thursday. Please advise.,2026-05-20T16:40:00+00:00,InsightChat,Customer Support,Mobile App,Mumbai,Internal,5,open
FB-11238,CU-3251,"To be clear, Customer support resolved our incident in twenty minutes. The issue started last Thursday. Sharing this from the field.",2026-07-14T17:57:00+00:00,InsightAnalytics,Customer Support,Social Media,Ahmedabad,SMB,4,open
FB-11239,CU-4895,"Hi, The latest release introduced a severe performance regression. I attached screenshots in the original ticket.",2026-06-16T04:06:00+00:00,InsightCloud,Customer Support,Website,Kolkata,Consumer,2,in_progress
FB-11240,CU-5167,"For the record, The interface redesign is intuitive and reduced training time. The team mentioned InsightMobile in the weekly review. Logged by the duty manager.",2026-08-06T02:32:00+00:00,InsightCRM,Finance,Survey,New York,Partner,5,resolved
FB-11241,CU-3787,Appreciate the proactive outage communication. A workaround exists but it is not acceptable long term. Looking forward to a fix.,2026-07-01T18:12:00+00:00,InsightCRM,Operations,Chat,Hyderabad,Enterprise,5,open
FB-11242,CU-9871,"Hi, Loved the new InsightMobile dashboard, it is clean and fast. The team mentioned InsightAnalytics in the weekly review.",2026-04-08T11:47:00+00:00,InsightCRM,HR,Email,Singapore,Startup,5,resolved
FB-11243,CU-5999,"To be clear, I am delighted with the quality of the latest InsightMobile release. We have seen this twice already. Please advise.",2026-05-18T18:49:00+00:00,InsightMobile,Product,Call Center,Dubai,Internal,5,resolved
FB-11244,CU-5913,"Hello team, Please confirm whether SSO is enabled for partner accounts. A workaround exists but it is not acceptable long term. Please advise.",2026-01-16T11:46:00+00:00,InsightChat,Operations,Internal,Mumbai,Partner,3,in_progress
FB-11245,CU-1187,"Hello team, Payment reconciliation finally works without manual edits. This happened after the latest update. Thanks.",2026-02-12T18:36:00+00:00,InsightMobile,Sales,Website,Jaipur,Internal,4,resolved
FB-11246,CU-8818,Chat support was knowledgeable and patient. We have seen this twice already. Please advise.,2026-03-03T13:12:00+00:00,InsightMobile,Customer Support,Social Media,London,Enterprise,5,open
FB-11247,CU-2422,"Hi, I am frustrated that the InsightPay app crashes during payment. Please treat this as high priority. Thanks.",2026-01-04T05:19:00+00:00,InsightPortal,Engineering,Call Center,Pune,Enterprise,1,resolved
FB-11248,CU-8142,"Quick update: Loved the new InsightMobile dashboard, it is clean and fast. The team mentioned InsightPay in the weekly review. Please advise.",2026-06-10T13:53:00+00:00,InsightPay,Engineering,Email,Pune,Startup,5,open
FB-11249,CU-3402,Quick update: Great improvement in mobile performance this month. I am following up because there was no response. Thanks.,2025-12-24T14:52:00+00:00,InsightChat,Finance,Call Center,London,Enterprise,4,open
FB-11250,CU-6717,"For the record, We may add twenty more seats if the trial goes well. This happened after the latest update.",2026-07-29T06:45:00+00:00,InsightCloud,Engineering,Social Media,Dubai,Startup,3,open
FB-11251,CU-5789,"Hi, Feature request: webhook retries with exponential backoff. The team mentioned InsightChat in the weekly review. Looking forward to a fix.",2026-07-08T22:13:00+00:00,InsightAnalytics,Sales,Email,Jaipur,Enterprise,3,resolved
FB-11252,CU-5911,"To be clear, The current plan is acceptable but we will compare alternatives. I attached screenshots in the original ticket. Sharing this from the field.",2026-07-02T15:39:00+00:00,InsightCRM,Customer Support,Email,Ahmedabad,SMB,3,open
FB-11253,CU-7368,Quick update: Authentication failures are blocking our entire sales team. Our enterprise account is affected. Thanks.,2026-03-20T10:50:00+00:00,InsightCRM,Sales,Social Media,Chennai,Partner,2,resolved
FB-11254,CU-4241,"Hello team, The latest release introduced a severe performance regression. A workaround exists but it is not acceptable long term. Looking forward to a fix.",2026-04-25T01:17:00+00:00,InsightPortal,Operations,Chat,New York,Internal,2,open
FB-11255,CU-6263,"Hi, Loved the new InsightSecure dashboard, it is clean and fast. A workaround exists but it is not acceptable long term. Looking forward to a fix.",2025-12-24T12:46:00+00:00,InsightAnalytics,Operations,Website,Dubai,Enterprise,5,in_progress
FB-11256,CU-9561,Quick update: Call center agents read from a script and did not understand the issue. This is impacting customers in Bangalore. Logged by the duty manager.,2025-12-25T09:14:00+00:00,InsightPortal,Sales,Social Media,Bangalore,SMB,2,in_progress
FB-11257,CU-2100,"Hi, Documentation update saved our engineering team hours. The team mentioned InsightSecure in the weekly review. Looking forward to a fix.",2026-07-13T12:48:00+00:00,InsightCRM,Engineering,Survey,London,Startup,5,closed
FB-11258,CU-8445,"For the record, The latest release introduced a severe performance regression. We have seen this twice already. Thanks.",2026-06-17T16:19:00+00:00,InsightSecure,Customer Support,Chat,Ahmedabad,Startup,1,closed
FB-11259,CU-8914,"Hello team, Documentation is outdated and caused a production misconfiguration. This happened after the latest update. Looking forward to a fix.",2026-04-10T07:13:00+00:00,InsightPay,Engineering,Internal,London,SMB,2,open
FB-11260,CU-1264,"Hello team, Appreciate the proactive outage communication. We have seen this twice already. Looking forward to a fix.",2026-05-14T08:49:00+00:00,InsightCloud,Sales,Internal,Kolkata,Internal,5,in_progress
FB-11261,CU-9438,Quick update: Price increase was communicated poorly and feels unjustified. I am following up because there was no response. Thanks.,2026-02-16T21:52:00+00:00,InsightMobile,Finance,Internal,Pune,Enterprise,1,resolved
FB-11262,CU-7577,Refund for a failed InsightPay payment is still pending. Our enterprise account is affected. Logged by the duty manager.,2026-05-15T17:27:00+00:00,InsightCloud,Sales,Internal,Ahmedabad,Consumer,2,in_progress
FB-11263,CU-2966,"Hello team, The InsightCloud checkout failed and I was still charged. We have seen this twice already. Sharing this from the field.",2026-07-03T19:05:00+00:00,InsightMobile,Engineering,Email,Pune,Internal,2,open
FB-11264,CU-1494,We may add twenty more seats if the trial goes well. Please treat this as high priority. Sharing this from the field.,2026-02-06T05:25:00+00:00,InsightAnalytics,Operations,Call Center,New York,Internal,3,in_progress
FB-11265,CU-1438,"For the record, The interface redesign is intuitive and reduced training time. The issue started last Thursday. Logged by the duty manager.",2025-12-29T09:22:00+00:00,InsightChat,Engineering,Chat,Jaipur,SMB,5,open
FB-11266,CU-5019,"To be clear, Call center agents read from a script and did not understand the issue. This happened after the latest update. Sharing this from the field.",2026-04-23T16:47:00+00:00,InsightAnalytics,Finance,Website,New York,SMB,1,resolved
FB-11267,CU-2866,Quick update: Chat support was knowledgeable and patient. A workaround exists but it is not acceptable long term. Sharing this from the field.,2026-03-07T20:17:00+00:00,InsightCRM,Customer Support,Survey,London,Partner,4,in_progress
FB-11268,CU-8352,"To be clear, Noting that the internal survey was completed by HR. This is impacting customers in Singapore. Logged by the duty manager.",2026-04-10T02:21:00+00:00,InsightPay,Operations,Website,Surat,Consumer,3,open
FB-11269,CU-3610,Delivery to London was earlier than the estimated date. Our enterprise account is affected. Thanks.,2026-04-18T01:33:00+00:00,InsightCloud,Operations,Chat,Mumbai,Partner,4,open
FB-11270,CU-4012,"To be clear, Average experience so far, we are still evaluating InsightMobile. Our enterprise account is affected. Please advise.",2026-03-28T04:33:00+00:00,InsightSecure,Sales,Internal,London,Startup,4,open
FB-11271,CU-3186,"Loved the new InsightChat dashboard, it is clean and fast. Please treat this as high priority. Thanks.",2026-01-03T00:35:00+00:00,InsightPay,Sales,Website,Delhi,Partner,5,open
FB-11272,CU-9551,"Hello team, We cannot login to InsightChat since the last update. Our enterprise account is affected. Please advise.",2026-05-16T05:41:00+00:00,InsightAnalytics,Engineering,Internal,Ahmedabad,Enterprise,2,open
FB-11273,CU-5073,Quick update: Sharing an FYI that finance will review invoices tomorrow. We have seen this twice already. Sharing this from the field.,2026-07-29T04:14:00+00:00,InsightPortal,Product,Website,Mumbai,Partner,4,closed
FB-11274,CU-6766,Quick update: Documentation update saved our engineering team hours. I am following up because there was no response.,2026-03-07T10:08:00+00:00,InsightAnalytics,Customer Support,Survey,Delhi,Internal,4,resolved
FB-11275,CU-6771,I am frustrated that the InsightPortal app crashes during payment. I attached screenshots in the original ticket. Thanks.,2026-07-04T16:34:00+00:00,InsightMobile,Customer Support,Internal,Chennai,SMB,2,in_progress
FB-11276,CU-2207,Quick update: I am angry that the ticket was closed without a resolution. The issue started last Thursday.,2026-05-04T19:33:00+00:00,InsightChat,Customer Support,Email,Hyderabad,Partner,2,open
FB-11277,CU-7288,"To be clear, Noting that the internal survey was completed by HR. This happened after the latest update. Sharing this from the field.",2026-08-04T13:36:00+00:00,InsightMobile,Customer Support,Chat,Pune,Enterprise,3,closed
FB-11278,CU-6252,"To be clear, Where can I find the data retention policy? The issue started last Thursday. Sharing this from the field.",2026-04-30T23:38:00+00:00,InsightCRM,Operations,Internal,Dubai,Consumer,4,in_progress
FB-11279,CU-5120,Quick update: I am delighted with the quality of the latest InsightPortal release. We have seen this twice already.,2026-02-04T16:11:00+00:00,InsightPay,Sales,Call Center,Surat,Startup,5,open
FB-11280,CU-3405,The onboarding specialist made InsightCloud easy to adopt. We have seen this twice already.,2025-12-13T20:42:00+00:00,InsightPortal,Engineering,Mobile App,Singapore,Startup,4,resolved
FB-11281,CU-9905,"Hi, Chat support was knowledgeable and patient. Our enterprise account is affected.",2026-06-26T18:31:00+00:00,InsightSecure,Customer Support,Internal,Mumbai,Enterprise,4,in_progress
FB-11282,CU-9496,"For the record, The interface redesign is intuitive and reduced training time. This is impacting customers in Mumbai. Logged by the duty manager.",2026-07-21T00:21:00+00:00,InsightMobile,Customer Support,Email,Delhi,Startup,5,resolved
FB-11283,CU-7062,"Hi, Security alert fired after suspicious admin logins. I am following up because there was no response. Sharing this from the field.",2026-07-23T18:52:00+00:00,InsightPay,Engineering,Chat,Kolkata,SMB,1,resolved
FB-11284,CU-5757,Quick update: The latest release introduced a severe performance regression. This happened after the latest update. Looking forward to a fix.,2026-04-26T10:30:00+00:00,InsightMobile,HR,Website,Bangalore,SMB,2,resolved
FB-11285,CU-1208,The courier missed the delivery window three times in New York. We have seen this twice already. Logged by the duty manager.,2026-05-08T10:54:00+00:00,InsightChat,Operations,Website,Chennai,Consumer,2,in_progress
FB-11286,CU-4248,Customer support resolved our incident in twenty minutes. This happened after the latest update. Sharing this from the field.,2026-01-07T22:21:00+00:00,InsightCloud,Customer Support,Internal,Delhi,SMB,5,in_progress
FB-11287,CU-8273,Quick update: We cannot login to InsightAnalytics since the last update. Our enterprise account is affected. Please advise.,2026-06-18T08:31:00+00:00,InsightChat,Engineering,Chat,Dubai,SMB,1,resolved
FB-11288,CU-8918,I am frustrated that the InsightPay app crashes during payment. The team mentioned InsightChat in the weekly review. Sharing this from the field.,2025-12-09T22:35:00+00:00,InsightSecure,Engineering,Call Center,London,SMB,2,resolved
FB-11289,CU-2295,Customer support resolved our incident in twenty minutes. This is impacting customers in Bangalore. Sharing this from the field.,2026-04-10T00:22:00+00:00,InsightSecure,Customer Support,Mobile App,Hyderabad,Consumer,4,open
FB-11290,CU-1185,"For the record, Refund was issued quickly and with a clear explanation. I attached screenshots in the original ticket.",2026-04-05T15:00:00+00:00,InsightPay,Customer Support,Call Center,Dubai,Enterprise,5,resolved
FB-11291,CU-4424,"Hello team, Authentication failures are blocking our entire sales team. Our enterprise account is affected. Sharing this from the field.",2026-01-15T02:51:00+00:00,InsightPay,Finance,Chat,Pune,SMB,1,resolved
FB-11292,CU-7418,"Hi, The InsightCRM rollout is scheduled for next Monday in Kolkata. I attached screenshots in the original ticket. Logged by the duty manager.",2026-05-18T14:34:00+00:00,InsightPay,Customer Support,Survey,Mumbai,Partner,4,resolved
FB-11293,CU-8674,"Hello team, I am angry that the ticket was closed without a resolution. This is impacting customers in Dubai. Logged by the duty manager.",2026-03-17T04:12:00+00:00,InsightPay,Customer Support,Social Media,Bangalore,Enterprise,2,in_progress
FB-11294,CU-5622,"To be clear, Loved the new InsightChat dashboard, it is clean and fast. This happened after the latest update. Thanks.",2025-12-31T19:44:00+00:00,InsightCloud,Sales,Call Center,Surat,Enterprise,4,open
FB-11295,CU-4055,"To be clear, How do I export department analytics for last quarter? Please treat this as high priority. Please advise.",2025-12-13T10:10:00+00:00,InsightChat,Operations,Mobile App,Surat,Partner,3,resolved
FB-11296,CU-8868,"To be clear, Mobile users report they cannot complete signup on InsightMobile. This happened after the latest update. Looking forward to a fix.",2026-04-02T08:23:00+00:00,InsightAnalytics,Product,Website,Dubai,Partner,2,resolved
FB-11297,CU-8961,Quick update: Delivery to Surat was earlier than the estimated date. The team mentioned InsightCloud in the weekly review. Logged by the duty manager.,2026-02-25T23:15:00+00:00,InsightAnalytics,Operations,Chat,Pune,SMB,4,resolved
FB-11298,CU-8965,"Hello team, Refund for a failed InsightChat payment is still pending. I attached screenshots in the original ticket. Logged by the duty manager.",2026-04-16T09:01:00+00:00,InsightMobile,Customer Support,Internal,Ahmedabad,SMB,2,closed
FB-11299,CU-9698,"Loved the new InsightSecure dashboard, it is clean and fast. This happened after the latest update. Looking forward to a fix.",2026-07-01T00:23:00+00:00,InsightPay,Operations,Mobile App,London,Internal,5,in_progress
FB-11300,CU-1381,Where can I find the data retention policy? The issue started last Thursday. Thanks.,2026-05-13T00:09:00+00:00,InsightSecure,Operations,Social Media,Hyderabad,SMB,4,resolved
FB-11301,CU-3179,Feature request: webhook retries with exponential backoff. The team mentioned InsightSecure in the weekly review. Sharing this from the field.,2025-12-11T01:39:00+00:00,InsightChat,Customer Support,Internal,Hyderabad,Consumer,3,closed
FB-11302,CU-9418,"Hi, Payment reconciliation finally works without manual edits. I am following up because there was no response. Please advise.",2026-02-11T22:18:00+00:00,InsightSecure,Operations,Mobile App,Surat,Partner,5,open
FB-11303,CU-3020,"Hi, Appreciate the proactive outage communication. I attached screenshots in the original ticket. Please advise.",2026-07-10T05:38:00+00:00,InsightSecure,Customer Support,Internal,Jaipur,Consumer,5,open
FB-11304,CU-3527,Quick update: Documentation update saved our engineering team hours. This is impacting customers in Singapore. Thanks.,2025-12-08T14:00:00+00:00,InsightAnalytics,Engineering,Chat,Pune,Enterprise,5,open
FB-11305,CU-9143,"Hi, I am frustrated that the InsightSecure app crashes during payment. I attached screenshots in the original ticket. Thanks.",2026-03-23T07:43:00+00:00,InsightCloud,Customer Support,Mobile App,Hyderabad,Consumer,1,open
FB-11306,CU-7150,"Hi, Refund was issued quickly and with a clear explanation. We have seen this twice already.",2026-02-22T09:28:00+00:00,InsightAnalytics,Customer Support,Social Media,New York,Internal,4,open
FB-11307,CU-5920,Quick update: Refund for a failed InsightPortal payment is still pending. This happened after the latest update.,2026-06-13T20:59:00+00:00,InsightChat,Engineering,Chat,Jaipur,SMB,1,in_progress
FB-11308,CU-4043,"For the record, Customer support resolved our incident in twenty minutes. I attached screenshots in the original ticket. Logged by the duty manager.",2026-04-20T00:23:00+00:00,InsightPortal,Customer Support,Call Center,New York,Internal,5,in_progress
FB-11309,CU-9009,Appreciate the proactive outage communication. Our enterprise account is affected. Logged by the duty manager.,2026-01-11T00:38:00+00:00,InsightSecure,Engineering,Call Center,Delhi,SMB,4,resolved
FB-11310,CU-4933,Quick update: Duplicate invoices were sent to finance after renewal. We have seen this twice already. Please advise.,2026-07-11T17:58:00+00:00,InsightMobile,Product,Email,Dubai,Consumer,1,closed
FB-11311,CU-9764,"Hello team, Feature request: webhook retries with exponential backoff. I am following up because there was no response. Looking forward to a fix.",2026-07-27T22:10:00+00:00,InsightCRM,Finance,Survey,London,SMB,3,open
FB-11312,CU-3265,We cannot login to InsightPay since the last update. Please treat this as high priority.,2026-01-28T05:33:00+00:00,InsightAnalytics,Engineering,Call Center,Bangalore,Consumer,1,resolved
FB-11313,CU-8250,"Hi, Sales team prepared a thoughtful demo for our executives. This happened after the latest update.",2026-02-26T04:57:00+00:00,InsightChat,Customer Support,Survey,Pune,Partner,5,resolved
FB-11314,CU-3466,Quick update: The onboarding specialist made InsightCRM easy to adopt. This happened after the latest update. Please advise.,2026-01-09T05:49:00+00:00,InsightChat,Finance,Email,Chennai,Consumer,4,in_progress
FB-11315,CU-6922,Quick update: I am frustrated that the InsightChat app crashes during payment. A workaround exists but it is not acceptable long term. Please advise.,2026-07-25T14:00:00+00:00,InsightCRM,Engineering,Website,Delhi,Consumer,1,resolved
FB-11316,CU-1878,"For the record, Refund for a failed InsightMobile payment is still pending. A workaround exists but it is not acceptable long term. Please advise.",2026-05-13T15:50:00+00:00,InsightAnalytics,Finance,Email,Chennai,Startup,1,open
FB-11317,CU-3619,Quick update: Documentation update saved our engineering team hours. I attached screenshots in the original ticket. Looking forward to a fix.,2026-07-26T00:53:00+00:00,InsightChat,Customer Support,Website,Dubai,Enterprise,4,open
FB-11318,CU-4422,"For the record, InsightSecure audit logs are exactly what compliance needed. This is impacting customers in Pune.",2026-02-07T10:38:00+00:00,InsightPortal,Finance,Mobile App,Kolkata,SMB,5,closed
FB-11319,CU-6137,"To be clear, Refund was issued quickly and with a clear explanation. I am following up because there was no response.",2026-04-09T13:02:00+00:00,InsightSecure,HR,Website,Dubai,Startup,5,in_progress
FB-11320,CU-3142,"Hello team, We may add twenty more seats if the trial goes well. This is impacting customers in Bangalore. Thanks.",2026-08-07T18:16:00+00:00,InsightChat,Customer Support,Mobile App,Mumbai,Internal,4,in_progress
FB-11321,CU-8379,"Hi, We are happy with the reliability of InsightCloud this quarter. Please treat this as high priority. Sharing this from the field.",2025-12-05T00:44:00+00:00,InsightCloud,Operations,Chat,New York,Internal,5,closed
FB-11322,CU-9411,"Hi, How do I export department analytics for last quarter? I am following up because there was no response. Thanks.",2026-03-12T22:29:00+00:00,InsightPortal,Customer Support,Email,Mumbai,SMB,3,in_progress
FB-11323,CU-7063,Quick update: The interface redesign is intuitive and reduced training time. I attached screenshots in the original ticket. Sharing this from the field.,2025-12-20T23:12:00+00:00,InsightAnalytics,Customer Support,Chat,Bangalore,Consumer,4,resolved
FB-11324,CU-8287,Quick update: Sales team prepared a thoughtful demo for our executives. This happened after the latest update. Logged by the duty manager.,2026-04-25T12:12:00+00:00,InsightCRM,Customer Support,Email,Delhi,Consumer,5,resolved
FB-11325,CU-8366,Quick update: Call center agents read from a script and did not understand the issue. We have seen this twice already. Looking forward to a fix.,2026-03-18T10:22:00+00:00,InsightSecure,Finance,Chat,Bangalore,Startup,1,in_progress
FB-11326,CU-9581,It would help to have saved filters on the explorer table. I attached screenshots in the original ticket. Thanks.,2026-02-09T00:00:00+00:00,InsightPay,Customer Support,Internal,Hyderabad,Partner,3,resolved
FB-11327,CU-5956,Quick update: Sales team prepared a thoughtful demo for our executives. This happened after the latest update. Looking forward to a fix.,2025-12-28T04:11:00+00:00,InsightAnalytics,HR,Social Media,Surat,Partner,5,in_progress
FB-11328,CU-8699,Quick update: Payment reconciliation finally works without manual edits. The issue started last Thursday. Sharing this from the field.,2026-06-17T07:53:00+00:00,InsightSecure,HR,Website,New York,Enterprise,5,in_progress
FB-11329,CU-6452,"Hi, It would help to have saved filters on the explorer table. I am following up because there was no response. Thanks.",2026-03-16T01:11:00+00:00,InsightPay,HR,Website,Kolkata,Partner,4,resolved
FB-11330,CU-8942,"For the record, Duplicate invoices were sent to finance after renewal. Please treat this as high priority. Sharing this from the field.",2026-05-13T02:52:00+00:00,InsightPortal,Sales,Internal,Mumbai,Startup,2,open
FB-11331,CU-7187,"Hi, The courier missed the delivery window three times in Delhi. I attached screenshots in the original ticket. Sharing this from the field.",2026-07-23T01:29:00+00:00,InsightCRM,Operations,Internal,Bangalore,Partner,2,closed
FB-11332,CU-3762,Refund for a failed InsightPortal payment is still pending. The issue started last Thursday. Please advise.,2025-12-12T04:42:00+00:00,InsightChat,Customer Support,Social Media,Bangalore,SMB,2,resolved
FB-11333,CU-2578,"To be clear, The InsightCRM rollout is scheduled for next Monday in Surat. I attached screenshots in the original ticket. Please advise.",2026-01-18T09:09:00+00:00,InsightPay,Customer Support,Internal,London,Consumer,3,in_progress
FB-11334,CU-1060,"Hi, I am delighted with the quality of the latest InsightSecure release. I attached screenshots in the original ticket.",2026-02-07T21:33:00+00:00,InsightMobile,Customer Support,Email,Dubai,Partner,5,open
FB-11335,CU-6907,"To be clear, Chat support was knowledgeable and patient. A workaround exists but it is not acceptable long term. Looking forward to a fix.",2026-06-15T07:10:00+00:00,InsightChat,Customer Support,Chat,New York,Partner,4,resolved
FB-11336,CU-2416,Quick update: Documentation is outdated and caused a production misconfiguration. A workaround exists but it is not acceptable long term. Thanks.,2026-03-14T05:53:00+00:00,InsightCRM,Finance,Survey,Surat,Partner,2,closed
FB-11337,CU-3502,"Hello team, Please confirm whether SSO is enabled for partner accounts. A workaround exists but it is not acceptable long term. Looking forward to a fix.",2026-02-18T13:39:00+00:00,InsightPay,Engineering,Call Center,Mumbai,Consumer,3,resolved
FB-11338,CU-5468,"Hello team, Security alert fired after suspicious admin logins. I am following up because there was no response. Thanks.",2025-12-15T01:45:00+00:00,InsightChat,Engineering,Internal,Ahmedabad,Internal,2,closed
FB-11339,CU-9923,"For the record, Mobile users report they cannot complete signup on InsightPortal. I attached screenshots in the original ticket. Looking forward to a fix.",2026-02-19T06:37:00+00:00,InsightCloud,Customer Support,Website,Dubai,Consumer,2,resolved
FB-11340,CU-7635,"To be clear, Customer support resolved our incident in twenty minutes. Please treat this as high priority.",2026-03-05T16:38:00+00:00,InsightChat,Customer Support,Call Center,Kolkata,Startup,5,in_progress
FB-11341,CU-2876,Quick update: The onboarding specialist made InsightPay easy to adopt. We have seen this twice already. Looking forward to a fix.,2026-05-01T12:43:00+00:00,InsightCloud,Operations,Website,London,Startup,4,resolved
FB-11342,CU-1600,"For the record, InsightSecure audit logs are exactly what compliance needed. I am following up because there was no response.",2026-05-16T15:00:00+00:00,InsightChat,Engineering,Mobile App,Ahmedabad,Consumer,5,in_progress
FB-11343,CU-4974,"Hi, Package for InsightMobile arrived damaged in Pune. A workaround exists but it is not acceptable long term. Logged by the duty manager.",2026-05-19T09:38:00+00:00,InsightPortal,Customer Support,Survey,Ahmedabad,Consumer,2,in_progress
FB-11344,CU-2663,"Hi, Refund was issued quickly and with a clear explanation. A workaround exists but it is not acceptable long term. Please advise.",2026-06-23T15:28:00+00:00,InsightCRM,Finance,Email,Dubai,Internal,5,closed
FB-11345,CU-5486,"For the record, Refund for a failed InsightSecure payment is still pending. This happened after the latest update.",2025-12-24T16:30:00+00:00,InsightCRM,Sales,Social Media,Bangalore,Enterprise,2,open
FB-11346,CU-6287,"Hi, Average experience so far, we are still evaluating InsightCRM. Please treat this as high priority. Looking forward to a fix.",2025-12-27T04:59:00+00:00,InsightCRM,Finance,Website,Delhi,Consumer,4,in_progress
FB-11347,CU-3328,Great improvement in mobile performance this month. A workaround exists but it is not acceptable long term. Sharing this from the field.,2026-05-08T14:34:00+00:00,InsightPay,HR,Call Center,London,Startup,5,resolved
FB-11348,CU-1354,Quick update: Great improvement in mobile performance this month. Our enterprise account is affected. Sharing this from the field.,2026-06-28T13:46:00+00:00,InsightChat,Product,Mobile App,Pune,SMB,5,closed
FB-11349,CU-3413,I am delighted with the quality of the latest InsightCRM release. The team mentioned InsightCRM in the weekly review. Please advise.,2026-03-26T22:58:00+00:00,InsightMobile,Sales,Internal,Delhi,Enterprise,5,in_progress
FB-11350,CU-4715,The current plan is acceptable but we will compare alternatives. This happened after the latest update. Please advise.,2026-05-19T09:41:00+00:00,InsightMobile,HR,Call Center,Mumbai,Startup,3,open
FB-11351,CU-5913,"For the record, Need access for two additional analysts this week. A workaround exists but it is not acceptable long term. Please advise.",2026-03-21T12:01:00+00:00,InsightPortal,Operations,Social Media,Singapore,Consumer,3,resolved
FB-11352,CU-2882,"For the record, Documentation update saved our engineering team hours. Please treat this as high priority. Sharing this from the field.",2026-05-16T02:58:00+00:00,InsightPortal,Product,Chat,Surat,Consumer,5,open
FB-11353,CU-5480,"To be clear, We cannot login to InsightMobile since the last update. A workaround exists but it is not acceptable long term. Sharing this from the field.",2026-07-17T03:14:00+00:00,InsightAnalytics,Engineering,Internal,Pune,Internal,2,closed
FB-11354,CU-4954,Payment reconciliation finally works without manual edits. The team mentioned InsightPortal in the weekly review. Logged by the duty manager.,2026-07-09T04:34:00+00:00,InsightChat,Product,Call Center,Singapore,Enterprise,4,resolved
FB-11355,CU-7185,"Hello team, Chat support was knowledgeable and patient. This happened after the latest update.",2026-03-07T14:29:00+00:00,InsightCloud,Customer Support,Chat,Pune,Consumer,5,closed
FB-11356,CU-4420,Refund for a failed InsightChat payment is still pending. Our enterprise account is affected. Thanks.,2026-05-28T07:17:00+00:00,InsightPay,Customer Support,Internal,Pune,Partner,2,open
FB-11357,CU-1440,Great improvement in mobile performance this month. The team mentioned InsightPortal in the weekly review. Please advise.,2026-02-09T12:07:00+00:00,InsightAnalytics,Product,Email,Delhi,SMB,4,resolved
FB-11358,CU-3101,"Hi, Mobile users report they cannot complete signup on InsightAnalytics. This is impacting customers in Pune. Thanks.",2026-04-20T12:15:00+00:00,InsightPortal,HR,Chat,Delhi,Enterprise,1,in_progress
FB-11359,CU-2518,"Hello team, Can you schedule a training session for the operations team? I attached screenshots in the original ticket. Logged by the duty manager.",2026-03-23T12:54:00+00:00,InsightAnalytics,Customer Support,Social Media,Jaipur,Enterprise,3,open
FB-11360,CU-7542,The current plan is acceptable but we will compare alternatives. We have seen this twice already. Logged by the duty manager.,2026-06-18T09:59:00+00:00,InsightAnalytics,Sales,Internal,Mumbai,SMB,3,in_progress
FB-11361,CU-8900,Refund was issued quickly and with a clear explanation. The team mentioned InsightCRM in the weekly review. Please advise.,2026-06-06T23:44:00+00:00,InsightCloud,Product,Social Media,Jaipur,SMB,5,open
FB-11362,CU-4995,"Hi, The courier missed the delivery window three times in Kolkata. A workaround exists but it is not acceptable long term. Thanks.",2025-12-03T09:00:00+00:00,InsightSecure,Operations,Internal,Chennai,Internal,2,in_progress
FB-11363,CU-4377,Billing error created an unauthorized charge on our card. A workaround exists but it is not acceptable long term.,2026-04-17T15:15:00+00:00,InsightCloud,Product,Mobile App,Hyderabad,Enterprise,2,closed
FB-11364,CU-7641,Documentation is outdated and caused a production misconfiguration. This is impacting customers in London.,2026-04-20T14:06:00+00:00,InsightPay,Sales,Survey,Pune,Startup,1,open
FB-11365,CU-3936,Quick update: Is there a sandbox for InsightPay chargebacks? A workaround exists but it is not acceptable long term. Sharing this from the field.,2026-07-25T23:04:00+00:00,InsightSecure,Product,Call Center,Ahmedabad,Consumer,3,open
FB-11366,CU-2565,"For the record, The InsightMobile checkout failed and I was still charged. This is impacting customers in London. Please advise.",2026-02-22T04:10:00+00:00,InsightAnalytics,Finance,Mobile App,Bangalore,SMB,2,open
FB-11367,CU-9508,"For the record, Loved the new InsightCloud dashboard, it is clean and fast. Please treat this as high priority. Sharing this from the field.",2025-12-25T12:27:00+00:00,InsightCRM,Operations,Email,Mumbai,SMB,5,resolved
FB-11368,CU-1759,"For the record, The InsightSecure checkout failed and I was still charged. I am following up because there was no response. Thanks.",2026-01-05T20:01:00+00:00,InsightCloud,Finance,Mobile App,Surat,SMB,2,open
FB-11369,CU-7745,"Hello team, Response time from customer support is getting worse every week. The issue started last Thursday. Sharing this from the field.",2026-01-10T07:46:00+00:00,InsightAnalytics,Customer Support,Social Media,Hyderabad,SMB,1,open
FB-11370,CU-1893,I am angry that the ticket was closed without a resolution. Our enterprise account is affected. Thanks.,2026-03-21T13:12:00+00:00,InsightAnalytics,Customer Support,Survey,Delhi,Consumer,2,resolved
FB-11371,CU-7623,"To be clear, I am delighted with the quality of the latest InsightCRM release. I am following up because there was no response. Looking forward to a fix.",2026-07-02T02:21:00+00:00,InsightMobile,Engineering,Survey,Dubai,Startup,4,in_progress
FB-11372,CU-7053,"For the record, Security alert fired after suspicious admin logins. I attached screenshots in the original ticket. Sharing this from the field.",2026-03-17T09:06:00+00:00,InsightAnalytics,Customer Support,Call Center,Delhi,Consumer,2,resolved
FB-11373,CU-6555,"For the record, Delivery to Chennai was earlier than the estimated date. Our enterprise account is affected. Please advise.",2026-01-23T17:37:00+00:00,InsightChat,Operations,Call Center,Mumbai,Startup,5,open
FB-11374,CU-9962,The current plan is acceptable but we will compare alternatives. I am following up because there was no response. Please advise.,2026-05-14T14:55:00+00:00,InsightChat,Operations,Call Center,Hyderabad,Startup,3,open
FB-11375,CU-8706,"To be clear, Documentation update saved our engineering team hours. This is impacting customers in London.",2026-06-06T17:09:00+00:00,InsightAnalytics,Sales,Call Center,Jaipur,Partner,5,resolved
FB-11376,CU-8567,"Hello team, The current plan is acceptable but we will compare alternatives. Please treat this as high priority. Logged by the duty manager.",2026-03-11T16:41:00+00:00,InsightCRM,Finance,Mobile App,Ahmedabad,SMB,3,open
FB-11377,CU-1312,"Hello team, Feature request: webhook retries with exponential backoff. This happened after the latest update.",2026-05-07T13:52:00+00:00,InsightPortal,Sales,Email,Pune,Internal,3,open
FB-11378,CU-3694,"Hi, Package for InsightCloud arrived damaged in Bangalore. This is impacting customers in Jaipur. Looking forward to a fix.",2026-05-14T08:53:00+00:00,InsightMobile,Finance,Chat,Dubai,Internal,2,open
FB-11379,CU-2309,"For the record, We may add twenty more seats if the trial goes well. Please treat this as high priority. Sharing this from the field.",2025-12-03T06:25:00+00:00,InsightAnalytics,Sales,Mobile App,Mumbai,Internal,4,in_progress
FB-11380,CU-4615,Quick update: Need access for two additional analysts this week. The team mentioned InsightCloud in the weekly review. Looking forward to a fix.,2026-05-24T17:14:00+00:00,InsightCRM,Product,Mobile App,Ahmedabad,Enterprise,3,closed
FB-11381,CU-5459,"To be clear, The latest release introduced a severe performance regression. This is impacting customers in Jaipur. Please advise.",2026-06-13T02:12:00+00:00,InsightCRM,Operations,Social Media,Delhi,Consumer,1,closed
FB-11382,CU-8113,I am delighted with the quality of the latest InsightCRM release. Our enterprise account is affected. Sharing this from the field.,2025-12-23T23:03:00+00:00,InsightCloud,HR,Internal,Jaipur,SMB,5,open
FB-11383,CU-6104,"To be clear, Noting that the internal survey was completed by HR. This is impacting customers in Bangalore. Logged by the duty manager.",2026-05-18T02:49:00+00:00,InsightPay,Customer Support,Email,Ahmedabad,SMB,4,in_progress
FB-11384,CU-9223,It would help to have saved filters on the explorer table. This is impacting customers in New York. Sharing this from the field.,2026-02-13T04:07:00+00:00,InsightCRM,Product,Survey,Bangalore,Partner,3,open
FB-11385,CU-9905,The InsightCRM checkout failed and I was still charged. The issue started last Thursday. Logged by the duty manager.,2025-12-25T15:53:00+00:00,InsightCloud,Operations,Chat,Ahmedabad,Enterprise,2,open
FB-11386,CU-1070,"Hello team, Chat support was knowledgeable and patient. The team mentioned InsightCloud in the weekly review. Logged by the duty manager.",2026-02-18T00:08:00+00:00,InsightAnalytics,Customer Support,Email,Kolkata,Partner,4,resolved
FB-11387,CU-8805,"For the record, I am frustrated that the InsightCloud app crashes during payment. A workaround exists but it is not acceptable long term. Please advise.",2026-07-28T22:04:00+00:00,InsightCRM,Engineering,Survey,Chennai,Consumer,2,open
FB-11388,CU-5087,"For the record, Refund was issued quickly and with a clear explanation. A workaround exists but it is not acceptable long term. Looking forward to a fix.",2026-05-18T12:07:00+00:00,InsightAnalytics,Operations,Email,Surat,Startup,5,open
FB-11389,CU-5149,Quick update: Response time from customer support is getting worse every week. The issue started last Thursday. Sharing this from the field.,2026-01-17T12:04:00+00:00,InsightChat,Customer Support,Survey,Hyderabad,SMB,2,closed
FB-11390,CU-9613,"Hi, Security alert fired after suspicious admin logins. This happened after the latest update. Please advise.",2026-07-28T22:29:00+00:00,InsightAnalytics,Engineering,Survey,Pune,Consumer,1,resolved
FB-11391,CU-6990,"To be clear, Refund was issued quickly and with a clear explanation. This happened after the latest update. Logged by the duty manager.",2026-03-21T14:22:00+00:00,InsightChat,Operations,Survey,Singapore,Partner,5,open
FB-11392,CU-1130,Quick update: We cannot login to InsightPortal since the last update. Please treat this as high priority. Looking forward to a fix.,2026-03-14T11:01:00+00:00,InsightAnalytics,Engineering,Internal,Ahmedabad,Internal,2,open
FB-11393,CU-2681,Quick update: The courier missed the delivery window three times in Dubai. The issue started last Thursday. Sharing this from the field.,2026-02-05T01:50:00+00:00,InsightPortal,Operations,Website,Ahmedabad,Internal,1,closed
FB-11394,CU-6753,"Hello team, Sales team prepared a thoughtful demo for our executives. Our enterprise account is affected. Sharing this from the field.",2026-03-15T05:12:00+00:00,InsightCloud,Customer Support,Email,Mumbai,SMB,4,open
FB-11395,CU-1021,"Hi, We cannot login to InsightMobile since the last update. This happened after the latest update. Thanks.",2026-05-05T18:38:00+00:00,InsightAnalytics,Engineering,Social Media,Surat,Enterprise,2,resolved
FB-11396,CU-8258,I am delighted with the quality of the latest InsightCloud release. I attached screenshots in the original ticket. Thanks.,2026-06-30T10:12:00+00:00,InsightSecure,Customer Support,Email,Mumbai,Internal,5,in_progress
FB-11397,CU-2192,"To be clear, Delivery was extremely late and customer support did not respond. Please treat this as high priority.",2026-01-31T00:08:00+00:00,InsightPay,Operations,Website,Bangalore,Enterprise,2,resolved
FB-11398,CU-8440,"Hi, Need access for two additional analysts this week. Our enterprise account is affected. Thanks.",2026-02-06T09:30:00+00:00,InsightChat,HR,Social Media,New York,Internal,3,open
FB-11399,CU-2890,"Hi, I am frustrated that the InsightCRM app crashes during payment. This is impacting customers in Singapore. Looking forward to a fix.",2026-08-05T00:43:00+00:00,InsightCRM,Engineering,Email,Surat,SMB,2,resolved
FB-11400,CU-7096,"To be clear, We are happy with the reliability of InsightPortal this quarter. The issue started last Thursday.",2026-02-21T11:58:00+00:00,InsightPortal,HR,Social Media,New York,Enterprise,5,in_progress
FB-11401,CU-7181,"For the record, Search is too slow to be usable during business hours. This is impacting customers in Jaipur.",2026-07-17T04:33:00+00:00,InsightChat,Customer Support,Mobile App,New York,Enterprise,2,in_progress
FB-11402,CU-2132,The onboarding specialist made InsightCRM easy to adopt. Our enterprise account is affected.,2026-03-24T13:05:00+00:00,InsightCRM,Engineering,Social Media,Jaipur,Partner,5,open
FB-11403,CU-9173,"To be clear, Delivery was extremely late and customer support did not respond. The team mentioned InsightChat in the weekly review. Thanks.",2026-02-14T08:19:00+00:00,InsightPortal,Operations,Email,Hyderabad,Enterprise,2,in_progress
FB-11404,CU-6423,"To be clear, The onboarding specialist made InsightMobile easy to adopt. We have seen this twice already.",2026-03-27T22:08:00+00:00,InsightAnalytics,Customer Support,Survey,Delhi,Consumer,4,resolved
FB-11405,CU-2006,"Hello team, Refund for a failed InsightSecure payment is still pending. Our enterprise account is affected. Looking forward to a fix.",2026-01-11T08:10:00+00:00,InsightSecure,Engineering,Call Center,Singapore,SMB,1,open
FB-11406,CU-1331,Refund for a failed InsightAnalytics payment is still pending. We have seen this twice already. Please advise.,2026-04-14T12:14:00+00:00,InsightPay,Product,Email,Jaipur,Consumer,1,in_progress
FB-11407,CU-9873,"Hi, Need access for two additional analysts this week. We have seen this twice already. Thanks.",2025-12-07T09:05:00+00:00,InsightChat,Engineering,Email,Surat,Startup,3,resolved
FB-11408,CU-4778,We are happy with the reliability of InsightChat this quarter. I am following up because there was no response. Looking forward to a fix.,2026-06-11T01:13:00+00:00,InsightCloud,HR,Email,Kolkata,Enterprise,4,open
FB-11409,CU-7122,Quick update: Is there a sandbox for InsightPay chargebacks? We have seen this twice already.,2025-12-28T18:15:00+00:00,InsightCRM,Operations,Call Center,Chennai,Partner,4,in_progress
FB-11410,CU-5600,"To be clear, Loved the new InsightPay dashboard, it is clean and fast. This happened after the latest update. Logged by the duty manager.",2026-03-07T04:11:00+00:00,InsightSecure,Engineering,Internal,Surat,Partner,5,resolved
FB-11411,CU-8679,Duplicate invoices were sent to finance after renewal. The team mentioned InsightMobile in the weekly review. Please advise.,2026-01-04T23:14:00+00:00,InsightCloud,Engineering,Internal,Singapore,Partner,1,resolved
FB-11412,CU-8395,I am angry that the ticket was closed without a resolution. Our enterprise account is affected. Logged by the duty manager.,2026-07-30T11:12:00+00:00,InsightCloud,Customer Support,Internal,Pune,Consumer,2,resolved
FB-11413,CU-9969,"Hello team, The latest release introduced a severe performance regression. The team mentioned InsightChat in the weekly review.",2025-12-23T22:41:00+00:00,InsightSecure,Engineering,Website,Pune,Internal,2,open
FB-11414,CU-8828,The InsightMobile rollout is scheduled for next Monday in Mumbai. The issue started last Thursday. Looking forward to a fix.,2026-05-24T14:01:00+00:00,InsightChat,Finance,Chat,Delhi,Startup,4,open
FB-11415,CU-4615,"Hello team, Security alert fired after suspicious admin logins. I attached screenshots in the original ticket. Looking forward to a fix.",2026-02-11T20:32:00+00:00,InsightSecure,Customer Support,Internal,Surat,Enterprise,2,open
FB-11416,CU-4986,"Hello team, Authentication failures are blocking our entire sales team. This happened after the latest update. Looking forward to a fix.",2026-06-11T17:36:00+00:00,InsightMobile,HR,Mobile App,Delhi,SMB,2,open
FB-11417,CU-9141,Quick update: Price increase was communicated poorly and feels unjustified. I am following up because there was no response. Sharing this from the field.,2026-04-05T21:35:00+00:00,InsightCRM,HR,Chat,Hyderabad,Partner,1,open
FB-11418,CU-5797,Noting that the internal survey was completed by HR. We have seen this twice already. Please advise.,2026-06-24T11:10:00+00:00,InsightChat,Engineering,Email,Pune,Consumer,3,resolved
FB-11419,CU-7322,"Hi, Is there a sandbox for InsightPay chargebacks? We have seen this twice already. Please advise.",2026-04-05T11:43:00+00:00,InsightChat,Product,Internal,Pune,Startup,3,in_progress
FB-11420,CU-1095,"To be clear, Refund was issued quickly and with a clear explanation. We have seen this twice already. Please advise.",2025-12-06T09:26:00+00:00,InsightMobile,Product,Chat,Jaipur,SMB,5,closed
FB-11421,CU-4791,"For the record, Documentation update saved our engineering team hours. Please treat this as high priority.",2026-07-13T13:45:00+00:00,InsightPortal,Operations,Survey,New York,Enterprise,5,resolved
FB-11422,CU-3414,"Hello team, The onboarding specialist made InsightAnalytics easy to adopt. Our enterprise account is affected. Sharing this from the field.",2026-07-11T21:23:00+00:00,InsightPay,Operations,Call Center,Bangalore,Consumer,4,in_progress
FB-11423,CU-1396,"To be clear, Need access for two additional analysts this week. I attached screenshots in the original ticket. Looking forward to a fix.",2026-07-10T16:18:00+00:00,InsightPay,Customer Support,Call Center,Delhi,Internal,3,resolved
FB-11424,CU-2049,Quick update: Authentication failures are blocking our entire sales team. We have seen this twice already. Logged by the duty manager.,2025-12-15T18:44:00+00:00,InsightAnalytics,Product,Chat,Chennai,Consumer,2,resolved
FB-11425,CU-1802,"To be clear, Documentation update saved our engineering team hours. The issue started last Thursday. Looking forward to a fix.",2025-12-18T04:56:00+00:00,InsightMobile,Customer Support,Social Media,Kolkata,Startup,4,open
FB-11426,CU-2405,Quick update: The current plan is acceptable but we will compare alternatives. The issue started last Thursday. Logged by the duty manager.,2026-07-31T16:10:00+00:00,InsightChat,Engineering,Call Center,Pune,Enterprise,3,resolved
FB-11427,CU-5285,"To be clear, Payment reconciliation finally works without manual edits. I am following up because there was no response. Please advise.",2026-06-02T01:07:00+00:00,InsightCRM,Operations,Survey,Singapore,Enterprise,5,closed
FB-11428,CU-1799,"Hi, Can you schedule a training session for the operations team? This happened after the latest update. Please advise.",2026-02-27T16:45:00+00:00,InsightPay,Sales,Call Center,Kolkata,Internal,3,in_progress
FB-11429,CU-4499,"Hi, Appreciate the proactive outage communication. Our enterprise account is affected.",2026-02-28T12:24:00+00:00,InsightSecure,Customer Support,Survey,Delhi,Partner,5,resolved
FB-11430,CU-9459,"Hi, Price increase was communicated poorly and feels unjustified. Our enterprise account is affected. Sharing this from the field.",2026-05-09T20:00:00+00:00,InsightCloud,Engineering,Survey,Pune,Startup,1,in_progress
FB-11431,CU-2684,"To be clear, Chat support was knowledgeable and patient. Our enterprise account is affected.",2025-12-27T12:57:00+00:00,InsightCRM,Customer Support,Chat,Surat,Enterprise,4,open
FB-11432,CU-7780,Quick update: It would help to have saved filters on the explorer table. Please treat this as high priority. Looking forward to a fix.,2026-06-01T16:12:00+00:00,InsightCRM,Operations,Mobile App,Chennai,Enterprise,4,resolved
FB-11433,CU-7055,"For the record, Can you schedule a training session for the operations team? The issue started last Thursday. Sharing this from the field.",2026-03-19T10:28:00+00:00,InsightMobile,Sales,Call Center,Hyderabad,SMB,4,closed
FB-11434,CU-6410,"For the record, Refund was issued quickly and with a clear explanation. We have seen this twice already. Thanks.",2026-04-03T10:35:00+00:00,InsightPay,Customer Support,Social Media,Pune,Consumer,4,in_progress
FB-11435,CU-4636,"To be clear, The onboarding specialist made InsightPay easy to adopt. The issue started last Thursday. Please advise.",2026-01-15T15:48:00+00:00,InsightChat,Engineering,Social Media,Hyderabad,Enterprise,4,resolved
FB-11436,CU-4120,"To be clear, Need access for two additional analysts this week. I attached screenshots in the original ticket. Please advise.",2026-08-05T07:00:00+00:00,InsightPortal,Customer Support,Website,Kolkata,Partner,3,closed
FB-11437,CU-3101,Quick update: Delivery was extremely late and customer support did not respond. The issue started last Thursday. Looking forward to a fix.,2025-12-31T16:18:00+00:00,InsightMobile,Operations,Internal,London,Partner,1,closed
FB-11438,CU-4548,Duplicate invoices were sent to finance after renewal. The team mentioned InsightCloud in the weekly review.,2026-01-06T06:18:00+00:00,InsightAnalytics,Engineering,Website,Hyderabad,Internal,2,resolved
FB-11439,CU-7533,"For the record, Need access for two additional analysts this week. Please treat this as high priority. Sharing this from the field.",2025-12-28T12:23:00+00:00,InsightChat,Product,Chat,Singapore,Consumer,4,in_progress
FB-11440,CU-7223,"Hi, Duplicate invoices were sent to finance after renewal. The issue started last Thursday.",2026-03-04T04:10:00+00:00,InsightAnalytics,Operations,Survey,Delhi,Consumer,2,resolved
FB-11441,CU-4985,"Hi, How do I export department analytics for last quarter? Please treat this as high priority. Thanks.",2026-03-28T00:23:00+00:00,InsightAnalytics,Engineering,Chat,Ahmedabad,Enterprise,4,open
FB-11442,CU-9256,"For the record, Where can I find the data retention policy? I attached screenshots in the original ticket.",2026-05-31T04:26:00+00:00,InsightPay,Customer Support,Website,Mumbai,Consumer,3,open
FB-11443,CU-9060,Quick update: The onboarding specialist made InsightAnalytics easy to adopt. The team mentioned InsightSecure in the weekly review. Sharing this from the field.,2026-02-12T16:32:00+00:00,InsightCRM,Product,Mobile App,Jaipur,SMB,4,open
FB-11444,CU-3552,"For the record, I am delighted with the quality of the latest InsightCloud release. Our enterprise account is affected. Sharing this from the field.",2026-07-07T09:43:00+00:00,InsightCRM,HR,Website,Delhi,Enterprise,5,closed
FB-11445,CU-9160,"Hello team, Need access for two additional analysts this week. This is impacting customers in Hyderabad. Sharing this from the field.",2026-04-17T10:16:00+00:00,InsightMobile,Finance,Email,Bangalore,Enterprise,3,open
FB-11446,CU-6536,"Hi, Package for InsightPay arrived damaged in Kolkata. This is impacting customers in Surat. Logged by the duty manager.",2026-02-20T02:37:00+00:00,InsightPay,Sales,Social Media,Delhi,SMB,1,in_progress
FB-11447,CU-1953,Quick update: Billing error created an unauthorized charge on our card. The issue started last Thursday. Logged by the duty manager.,2026-06-01T06:51:00+00:00,InsightPay,Customer Support,Website,New York,Enterprise,2,in_progress
FB-11448,CU-5565,Refund was issued quickly and with a clear explanation. A workaround exists but it is not acceptable long term. Logged by the duty manager.,2026-08-05T01:11:00+00:00,InsightCRM,Product,Mobile App,Hyderabad,Partner,4,closed
FB-11449,CU-3791,"For the record, Delivery to Jaipur was earlier than the estimated date. The issue started last Thursday. Thanks.",2026-03-19T02:15:00+00:00,InsightChat,Operations,Website,Kolkata,Enterprise,5,open
FB-11450,CU-2446,Quick update: Documentation is outdated and caused a production misconfiguration. I am following up because there was no response. Logged by the duty manager.,2026-07-12T11:58:00+00:00,InsightCRM,Customer Support,Website,Hyderabad,Internal,1,in_progress
FB-11451,CU-6053,"Hello team, Response time from customer support is getting worse every week. I am following up because there was no response. Sharing this from the field.",2026-02-13T04:06:00+00:00,InsightCloud,Customer Support,Email,London,Consumer,2,resolved
FB-11452,CU-3052,Quick update: Documentation update saved our engineering team hours. This happened after the latest update. Looking forward to a fix.,2026-04-10T15:30:00+00:00,InsightChat,HR,Call Center,Pune,SMB,5,in_progress
FB-11453,CU-8126,"For the record, The interface redesign is intuitive and reduced training time. Please treat this as high priority. Thanks.",2026-05-01T05:11:00+00:00,InsightChat,Engineering,Internal,Kolkata,Internal,5,in_progress
FB-11454,CU-5774,"Hi, Appreciate the proactive outage communication. This is impacting customers in Pune. Thanks.",2026-05-04T21:57:00+00:00,InsightPay,Engineering,Call Center,Singapore,Startup,4,in_progress
FB-11455,CU-7051,"Hello team, Refund for a failed InsightSecure payment is still pending. The team mentioned InsightPortal in the weekly review. Looking forward to a fix.",2026-03-08T09:01:00+00:00,InsightCRM,Sales,Website,Hyderabad,Enterprise,2,closed
FB-11456,CU-6775,Quick update: Noting that the internal survey was completed by HR. The team mentioned InsightCloud in the weekly review. Please advise.,2026-01-18T18:04:00+00:00,InsightMobile,Sales,Chat,Hyderabad,Enterprise,4,in_progress
FB-11457,CU-3964,The interface redesign is intuitive and reduced training time. Our enterprise account is affected. Logged by the duty manager.,2026-06-02T19:11:00+00:00,InsightAnalytics,Product,Internal,Kolkata,Consumer,5,open
FB-11458,CU-9309,"Hello team, Loved the new InsightCRM dashboard, it is clean and fast. This happened after the latest update.",2026-07-13T04:21:00+00:00,InsightPay,Customer Support,Chat,Dubai,Internal,4,open
FB-11459,CU-1256,"Hello team, Search is too slow to be usable during business hours. I am following up because there was no response. Thanks.",2026-05-04T06:52:00+00:00,InsightCloud,Finance,Chat,Mumbai,Enterprise,2,open
FB-11460,CU-4919,"Hello team, Consider adding a weekly digest for managers. We have seen this twice already. Looking forward to a fix.",2026-01-05T08:44:00+00:00,InsightPortal,Product,Internal,Singapore,Internal,4,resolved
FB-11461,CU-7232,Quick update: Need access for two additional analysts this week. Please treat this as high priority. Logged by the duty manager.,2026-05-23T15:16:00+00:00,InsightPay,Finance,Internal,Singapore,SMB,3,open
FB-11462,CU-5385,Quick update: The latest release introduced a severe performance regression. I attached screenshots in the original ticket. Logged by the duty manager.,2026-05-19T13:22:00+00:00,InsightCRM,Customer Support,Call Center,Singapore,Startup,2,in_progress
FB-11463,CU-6131,"Hello team, Consider adding a weekly digest for managers. A workaround exists but it is not acceptable long term. Looking forward to a fix.",2026-08-08T12:53:00+00:00,InsightAnalytics,Sales,Call Center,Mumbai,Enterprise,3,resolved
FB-11464,CU-5125,"To be clear, Feature request: webhook retries with exponential backoff. The team mentioned InsightPay in the weekly review. Please advise.",2026-03-15T19:35:00+00:00,InsightCRM,Finance,Social Media,Delhi,Internal,3,in_progress
FB-11465,CU-3706,Great improvement in mobile performance this month. This happened after the latest update. Please advise.,2026-01-14T17:17:00+00:00,InsightChat,Engineering,Website,Ahmedabad,Consumer,5,open
FB-11466,CU-1078,"Hello team, Duplicate invoices were sent to finance after renewal. This happened after the latest update. Logged by the duty manager.",2026-02-19T08:40:00+00:00,InsightSecure,Finance,Call Center,Kolkata,Enterprise,2,open
FB-11467,CU-2543,"Hello team, Call center agents read from a script and did not understand the issue. I attached screenshots in the original ticket. Logged by the duty manager.",2026-02-15T10:01:00+00:00,InsightMobile,Customer Support,Social Media,Delhi,Startup,1,open
FB-11468,CU-3330,Quick update: Mobile users report they cannot complete signup on InsightAnalytics. The issue started last Thursday. Sharing this from the field.,2026-06-23T23:46:00+00:00,InsightCloud,Customer Support,Call Center,London,Startup,1,in_progress
FB-11469,CU-1837,"Hi, We cannot login to InsightChat since the last update. We have seen this twice already. Thanks.",2026-03-08T05:51:00+00:00,InsightSecure,Engineering,Survey,Chennai,SMB,2,in_progress
FB-11470,CU-2536,"Hi, The interface redesign is intuitive and reduced training time. Our enterprise account is affected. Logged by the duty manager.",2026-06-29T20:05:00+00:00,InsightCRM,Product,Mobile App,Chennai,Internal,5,closed
FB-11471,CU-5054,The latest release introduced a severe performance regression. The issue started last Thursday. Looking forward to a fix.,2026-04-19T03:26:00+00:00,InsightPortal,Operations,Internal,Bangalore,Consumer,1,open
FB-11472,CU-7951,Quick update: Is there a sandbox for InsightPay chargebacks? I attached screenshots in the original ticket. Logged by the duty manager.,2026-06-13T13:16:00+00:00,InsightCloud,Customer Support,Website,Kolkata,Startup,4,in_progress
FB-11473,CU-1330,"To be clear, InsightSecure audit logs are exactly what compliance needed. We have seen this twice already.",2025-12-22T19:53:00+00:00,InsightChat,Operations,Call Center,Jaipur,Partner,5,open
FB-11474,CU-4728,"Hi, Security alert fired after suspicious admin logins. I attached screenshots in the original ticket. Logged by the duty manager.",2026-01-06T04:58:00+00:00,InsightChat,Customer Support,Mobile App,Mumbai,SMB,2,open
FB-11475,CU-5878,Price increase was communicated poorly and feels unjustified. A workaround exists but it is not acceptable long term. Logged by the duty manager.,2025-12-15T04:23:00+00:00,InsightCRM,Engineering,Survey,Ahmedabad,Internal,1,open
FB-11476,CU-6426,"Hi, Response time from customer support is getting worse every week. Our enterprise account is affected. Please advise.",2026-01-17T19:39:00+00:00,InsightCloud,Customer Support,Social Media,Jaipur,Enterprise,2,resolved
FB-11477,CU-8926,Quick update: The onboarding specialist made InsightCloud easy to adopt. The issue started last Thursday. Sharing this from the field.,2026-07-15T01:43:00+00:00,InsightMobile,Finance,Internal,Surat,Internal,5,resolved
FB-11478,CU-3649,Quick update: Documentation is outdated and caused a production misconfiguration. I am following up because there was no response. Sharing this from the field.,2026-06-26T02:58:00+00:00,InsightPortal,Operations,Mobile App,Dubai,Consumer,2,open
FB-11479,CU-6279,"To be clear, Appreciate the proactive outage communication. A workaround exists but it is not acceptable long term. Thanks.",2026-04-20T07:25:00+00:00,InsightCloud,HR,Internal,Delhi,Internal,4,in_progress
FB-11480,CU-4219,Please confirm whether SSO is enabled for partner accounts. We have seen this twice already. Looking forward to a fix.,2026-07-06T19:47:00+00:00,InsightCloud,Product,Website,Bangalore,Startup,3,open
FB-11481,CU-3786,Quick update: We cannot login to InsightPay since the last update. This is impacting customers in Kolkata. Sharing this from the field.,2026-06-09T09:40:00+00:00,InsightSecure,Engineering,Survey,Kolkata,Consumer,1,in_progress
FB-11482,CU-3395,Quick update: The onboarding specialist made InsightPay easy to adopt. This happened after the latest update. Logged by the duty manager.,2026-02-28T09:40:00+00:00,InsightCloud,Sales,Call Center,Singapore,Consumer,5,in_progress
FB-11483,CU-2647,"Hello team, I am frustrated that the InsightCRM app crashes during payment. A workaround exists but it is not acceptable long term.",2026-02-01T07:17:00+00:00,InsightChat,Engineering,Social Media,Mumbai,SMB,1,open
FB-11484,CU-7735,"To be clear, Call center agents read from a script and did not understand the issue. The issue started last Thursday. Logged by the duty manager.",2025-12-20T21:24:00+00:00,InsightCloud,Finance,Call Center,Pune,Enterprise,2,open
FB-11485,CU-8964,Quick update: The interface redesign is intuitive and reduced training time. The team mentioned InsightCRM in the weekly review. Sharing this from the field.,2026-04-10T18:45:00+00:00,InsightAnalytics,Finance,Chat,Chennai,SMB,4,open
FB-11486,CU-9734,Package for InsightCloud arrived damaged in Bangalore. Please treat this as high priority. Looking forward to a fix.,2026-02-07T17:23:00+00:00,InsightPay,HR,Survey,Surat,SMB,1,open
FB-11487,CU-7478,"Hi, The latest release introduced a severe performance regression. Please treat this as high priority. Logged by the duty manager.",2026-07-28T11:26:00+00:00,InsightPortal,Operations,Survey,Hyderabad,Consumer,2,resolved
FB-11488,CU-3316,Quick update: I am delighted with the quality of the latest InsightChat release. Please treat this as high priority. Logged by the duty manager.,2026-06-12T21:32:00+00:00,InsightChat,HR,Chat,Delhi,Partner,5,open
FB-11489,CU-5693,"Hi, I am angry that the ticket was closed without a resolution. The team mentioned InsightCRM in the weekly review. Please advise.",2025-12-26T06:34:00+00:00,InsightPortal,Customer Support,Website,Mumbai,Internal,2,open
FB-11490,CU-5863,"Hi, We are happy with the reliability of InsightAnalytics this quarter. This is impacting customers in Bangalore. Looking forward to a fix.",2026-03-19T06:46:00+00:00,InsightCRM,Customer Support,Mobile App,Surat,Consumer,5,in_progress
FB-11491,CU-7810,"Hi, Authentication failures are blocking our entire sales team. Please treat this as high priority. Sharing this from the field.",2026-03-12T17:47:00+00:00,InsightChat,Operations,Social Media,Chennai,Enterprise,2,resolved
FB-11492,CU-4732,"Hello team, Documentation update saved our engineering team hours. A workaround exists but it is not acceptable long term. Looking forward to a fix.",2025-12-01T00:17:00+00:00,InsightCRM,Engineering,Chat,New York,SMB,5,resolved
FB-11493,CU-1715,"For the record, The latest release introduced a severe performance regression. We have seen this twice already. Thanks.",2026-02-23T19:14:00+00:00,InsightAnalytics,Customer Support,Social Media,Ahmedabad,Consumer,2,resolved
FB-11494,CU-9789,"Hello team, Refund was issued quickly and with a clear explanation. A workaround exists but it is not acceptable long term. Sharing this from the field.",2026-01-01T16:12:00+00:00,InsightPay,Customer Support,Mobile App,Chennai,Internal,4,in_progress
FB-11495,CU-8353,Quick update: It would help to have saved filters on the explorer table. The team mentioned InsightSecure in the weekly review. Sharing this from the field.,2026-04-13T20:16:00+00:00,InsightPortal,Product,Website,Hyderabad,SMB,4,closed
FB-11496,CU-8088,"Hi, Security alert fired after suspicious admin logins. Our enterprise account is affected. Looking forward to a fix.",2025-12-25T17:39:00+00:00,InsightCloud,Engineering,Mobile App,Chennai,SMB,2,resolved
FB-11497,CU-3916,"Hello team, Chat support was knowledgeable and patient. The issue started last Thursday.",2026-08-02T11:53:00+00:00,InsightSecure,Customer Support,Chat,Surat,Consumer,4,in_progress
FB-11498,CU-9690,"To be clear, The onboarding specialist made InsightPortal easy to adopt. A workaround exists but it is not acceptable long term. Thanks.",2026-05-01T20:37:00+00:00,InsightPay,Engineering,Email,New York,Enterprise,5,open
FB-11499,CU-2974,"Hello team, Delivery was extremely late and customer support did not respond. This is impacting customers in Hyderabad. Logged by the duty manager.",2026-03-10T07:51:00+00:00,InsightCRM,Operations,Call Center,Surat,Consumer,1,resolved
FB-11500,CU-9452,"To be clear, Payment reconciliation finally works without manual edits. This happened after the latest update.",2026-01-11T19:22:00+00:00,InsightAnalytics,Product,Survey,Kolkata,SMB,4,open
FB-11501,CU-6603,Quick update: Chat support was knowledgeable and patient. I am following up because there was no response. Please advise.,2026-05-11T04:09:00+00:00,InsightSecure,Customer Support,Mobile App,Chennai,Startup,5,open
FB-11502,CU-4078,"For the record, Appreciate the proactive outage communication. A workaround exists but it is not acceptable long term. Please advise.",2026-07-20T03:52:00+00:00,InsightMobile,Finance,Chat,Singapore,Enterprise,5,open
FB-11503,CU-1863,"Hello team, The onboarding specialist made InsightAnalytics easy to adopt. Our enterprise account is affected. Logged by the duty manager.",2026-01-29T03:20:00+00:00,InsightChat,Operations,Call Center,Ahmedabad,Consumer,5,in_progress
FB-11504,CU-5547,"To be clear, Appreciate the proactive outage communication. I am following up because there was no response. Looking forward to a fix.",2026-03-03T18:34:00+00:00,InsightPortal,Operations,Website,Kolkata,Internal,5,resolved
FB-11505,CU-8708,"For the record, Need access for two additional analysts this week. The team mentioned InsightCRM in the weekly review.",2025-12-17T02:56:00+00:00,InsightCRM,Operations,Call Center,Pune,Consumer,3,open
FB-11506,CU-9605,"For the record, Customer support resolved our incident in twenty minutes. The issue started last Thursday. Thanks.",2026-01-13T20:10:00+00:00,InsightAnalytics,Customer Support,Call Center,Singapore,Enterprise,5,in_progress
FB-11507,CU-5435,How do I export department analytics for last quarter? I attached screenshots in the original ticket. Sharing this from the field.,2026-02-13T08:10:00+00:00,InsightAnalytics,Customer Support,Email,London,Internal,4,open
FB-11508,CU-2067,Quick update: The onboarding specialist made InsightSecure easy to adopt. I am following up because there was no response. Please advise.,2026-05-21T23:32:00+00:00,InsightChat,Finance,Survey,Pune,Startup,5,open
FB-11509,CU-6096,"To be clear, Sharing an FYI that finance will review invoices tomorrow. The team mentioned InsightSecure in the weekly review. Sharing this from the field.",2026-07-18T06:29:00+00:00,InsightPay,Product,Email,Bangalore,Startup,4,closed
FB-11510,CU-5377,Refund was issued quickly and with a clear explanation. We have seen this twice already. Logged by the duty manager.,2026-01-21T10:24:00+00:00,InsightSecure,Sales,Email,New York,Partner,4,in_progress
FB-11511,CU-4796,"To be clear, We cannot login to InsightCRM since the last update. This is impacting customers in Pune. Logged by the duty manager.",2026-06-17T05:36:00+00:00,InsightSecure,Engineering,Chat,Surat,Partner,1,open
FB-11512,CU-7957,"Hi, Consider adding a weekly digest for managers. This happened after the latest update. Thanks.",2026-07-08T04:18:00+00:00,InsightPay,Engineering,Email,Kolkata,Internal,4,open
FB-11513,CU-5168,"Hi, The onboarding specialist made InsightAnalytics easy to adopt. A workaround exists but it is not acceptable long term. Thanks.",2026-07-29T23:33:00+00:00,InsightChat,Engineering,Website,Kolkata,Consumer,5,resolved
FB-11514,CU-1355,"To be clear, Authentication failures are blocking our entire sales team. The issue started last Thursday. Thanks.",2025-12-06T14:17:00+00:00,InsightCRM,Product,Survey,Mumbai,Partner,2,resolved
FB-11515,CU-6353,"For the record, The current plan is acceptable but we will compare alternatives. Our enterprise account is affected.",2026-06-25T19:55:00+00:00,InsightChat,Product,Call Center,Hyderabad,Partner,4,open
FB-11516,CU-3234,"To be clear, It would help to have saved filters on the explorer table. Our enterprise account is affected. Sharing this from the field.",2026-06-14T18:51:00+00:00,InsightSecure,Product,Internal,Delhi,Startup,3,closed
FB-11517,CU-2744,Quick update: Where can I find the data retention policy? This is impacting customers in Pune. Sharing this from the field.,2026-02-05T14:01:00+00:00,InsightChat,Finance,Internal,New York,Internal,4,open
FB-11518,CU-8340,"Hi, Is there a sandbox for InsightPay chargebacks? This happened after the latest update. Sharing this from the field.",2025-12-07T06:51:00+00:00,InsightAnalytics,HR,Mobile App,Hyderabad,Consumer,3,in_progress
FB-11519,CU-3960,"For the record, Documentation is outdated and caused a production misconfiguration. I attached screenshots in the original ticket. Sharing this from the field.",2025-12-25T12:31:00+00:00,InsightAnalytics,Customer Support,Call Center,Bangalore,Internal,2,open
FB-11520,CU-6622,"Hi, Where can I find the data retention policy? A workaround exists but it is not acceptable long term. Please advise.",2026-06-19T13:26:00+00:00,InsightCRM,Engineering,Social Media,Ahmedabad,SMB,4,resolved
FB-11521,CU-5926,Quick update: Sharing an FYI that finance will review invoices tomorrow. A workaround exists but it is not acceptable long term. Logged by the duty manager.,2026-07-19T10:51:00+00:00,InsightPortal,Customer Support,Website,Dubai,SMB,4,open
FB-11522,CU-5085,"For the record, Consider adding a weekly digest for managers. I attached screenshots in the original ticket. Thanks.",2026-06-21T02:40:00+00:00,InsightChat,Customer Support,Social Media,Jaipur,SMB,3,resolved
FB-11523,CU-3315,"To be clear, Sales team prepared a thoughtful demo for our executives. This is impacting customers in Hyderabad. Please advise.",2026-07-04T02:01:00+00:00,InsightCloud,HR,Internal,Kolkata,Partner,4,open
FB-11524,CU-6366,"For the record, Duplicate invoices were sent to finance after renewal. Our enterprise account is affected. Looking forward to a fix.",2026-03-07T15:03:00+00:00,InsightCRM,Engineering,Chat,Mumbai,Enterprise,2,closed
FB-11525,CU-2719,"To be clear, We may add twenty more seats if the trial goes well. Our enterprise account is affected. Please advise.",2026-03-07T23:47:00+00:00,InsightCRM,Operations,Mobile App,London,SMB,4,open
FB-11526,CU-7774,Documentation is outdated and caused a production misconfiguration. This happened after the latest update. Looking forward to a fix.,2026-03-29T14:56:00+00:00,InsightChat,Operations,Email,Pune,SMB,2,closed
FB-11527,CU-9231,Quick update: Great improvement in mobile performance this month. I am following up because there was no response. Please advise.,2026-02-08T21:18:00+00:00,InsightCRM,Product,Survey,Mumbai,Partner,5,open
FB-11528,CU-8864,Quick update: Mobile users report they cannot complete signup on InsightAnalytics. This happened after the latest update. Looking forward to a fix.,2026-02-11T00:16:00+00:00,InsightMobile,Customer Support,Chat,Chennai,Startup,2,open
FB-11529,CU-1762,Quick update: Great improvement in mobile performance this month. Please treat this as high priority. Thanks.,2026-05-09T18:03:00+00:00,InsightPay,Finance,Social Media,New York,Enterprise,5,resolved
FB-11530,CU-4281,"Hello team, The latest release introduced a severe performance regression. Our enterprise account is affected. Sharing this from the field.",2026-03-19T11:15:00+00:00,InsightSecure,Operations,Email,Pune,Consumer,2,closed
FB-11531,CU-6925,We are happy with the reliability of InsightPay this quarter. This happened after the latest update. Sharing this from the field.,2025-12-16T23:15:00+00:00,InsightAnalytics,Sales,Chat,Surat,Enterprise,5,resolved
FB-11532,CU-7985,"To be clear, Average experience so far, we are still evaluating InsightChat. I attached screenshots in the original ticket.",2026-01-25T23:28:00+00:00,InsightAnalytics,Customer Support,Mobile App,Bangalore,Internal,3,open
FB-11533,CU-3412,We are happy with the reliability of InsightCloud this quarter. This is impacting customers in London. Please advise.,2026-04-29T13:25:00+00:00,InsightChat,Sales,Website,New York,Startup,5,resolved
FB-11534,CU-4046,"For the record, Refund for a failed InsightSecure payment is still pending. A workaround exists but it is not acceptable long term. Thanks.",2026-01-29T00:46:00+00:00,InsightMobile,Sales,Internal,Pune,Startup,2,resolved
FB-11535,CU-7365,"Hello team, Security alert fired after suspicious admin logins. A workaround exists but it is not acceptable long term.",2025-12-18T06:56:00+00:00,InsightCloud,Engineering,Chat,Ahmedabad,Startup,2,in_progress
FB-11536,CU-5955,Quick update: The onboarding specialist made InsightCRM easy to adopt. I am following up because there was no response. Logged by the duty manager.,2026-01-12T08:29:00+00:00,InsightAnalytics,HR,Email,Ahmedabad,SMB,5,open
FB-11537,CU-6080,"To be clear, Support never called back after I reported a critical outage. We have seen this twice already. Looking forward to a fix.",2025-12-22T17:58:00+00:00,InsightChat,Customer Support,Internal,Chennai,Startup,2,open
FB-11538,CU-2286,"Hello team, Billing error created an unauthorized charge on our card. A workaround exists but it is not acceptable long term. Please advise.",2026-02-07T13:49:00+00:00,InsightSecure,Sales,Survey,Delhi,Partner,1,closed
FB-11539,CU-2244,"To be clear, Can you schedule a training session for the operations team? Please treat this as high priority. Please advise.",2025-12-15T18:33:00+00:00,InsightAnalytics,Finance,Email,Kolkata,Consumer,4,open
FB-11540,CU-9724,"To be clear, Is there a sandbox for InsightPay chargebacks? The team mentioned InsightSecure in the weekly review. Thanks.",2026-07-30T03:37:00+00:00,InsightCRM,Product,Mobile App,Kolkata,Internal,4,resolved
FB-11541,CU-8590,"Hi, We may add twenty more seats if the trial goes well. Our enterprise account is affected. Thanks.",2026-02-18T05:06:00+00:00,InsightSecure,Sales,Call Center,Singapore,Enterprise,4,resolved
FB-11542,CU-5087,Quick update: Please confirm whether SSO is enabled for partner accounts. A workaround exists but it is not acceptable long term. Thanks.,2026-02-14T23:25:00+00:00,InsightCloud,Operations,Mobile App,Hyderabad,Internal,3,open
FB-11543,CU-7672,The InsightCloud checkout failed and I was still charged. The issue started last Thursday. Please advise.,2026-03-23T17:05:00+00:00,InsightCloud,Customer Support,Survey,Jaipur,Partner,2,open
FB-11544,CU-7661,"Hi, Can you schedule a training session for the operations team? This is impacting customers in New York. Please advise.",2026-06-08T05:38:00+00:00,InsightCloud,Operations,Social Media,Hyderabad,SMB,3,open
FB-11545,CU-9625,"For the record, I am frustrated that the InsightCloud app crashes during payment. This is impacting customers in New York. Looking forward to a fix.",2026-05-07T02:01:00+00:00,InsightPay,Engineering,Email,Mumbai,Internal,2,open
FB-11546,CU-7242,"To be clear, Please confirm whether SSO is enabled for partner accounts. We have seen this twice already. Thanks.",2026-05-12T15:22:00+00:00,InsightChat,Operations,Chat,Mumbai,Enterprise,4,in_progress
FB-11547,CU-3173,"To be clear, I am delighted with the quality of the latest InsightCloud release. This happened after the latest update. Thanks.",2026-05-12T20:22:00+00:00,InsightPortal,Operations,Internal,Ahmedabad,Internal,4,open
FB-11548,CU-6728,Quick update: The InsightPortal checkout failed and I was still charged. Our enterprise account is affected. Logged by the duty manager.,2026-04-22T14:07:00+00:00,InsightMobile,Sales,Mobile App,Bangalore,Startup,1,open
FB-11549,CU-1469,"Hello team, Loved the new InsightSecure dashboard, it is clean and fast. A workaround exists but it is not acceptable long term. Logged by the duty manager.",2026-06-25T12:02:00+00:00,InsightAnalytics,Sales,Email,Singapore,SMB,5,open
FB-11550,CU-2366,Quick update: Great improvement in mobile performance this month. Our enterprise account is affected. Logged by the duty manager.,2026-06-02T18:01:00+00:00,InsightAnalytics,HR,Survey,Pune,Consumer,5,closed
FB-11551,CU-7240,"Hello team, The InsightCloud checkout failed and I was still charged. I attached screenshots in the original ticket. Thanks.",2026-04-15T16:59:00+00:00,InsightPortal,Customer Support,Survey,Pune,Internal,2,closed
FB-11552,CU-4170,Where can I find the data retention policy? The issue started last Thursday. Looking forward to a fix.,2026-07-04T18:01:00+00:00,InsightCloud,Customer Support,Chat,Ahmedabad,Startup,3,in_progress
FB-11553,CU-9536,"To be clear, The interface redesign is intuitive and reduced training time. I am following up because there was no response.",2026-06-13T23:46:00+00:00,InsightAnalytics,HR,Survey,New York,SMB,4,in_progress
FB-11554,CU-4921,Quick update: Where can I find the data retention policy? Please treat this as high priority. Sharing this from the field.,2026-01-29T09:28:00+00:00,InsightMobile,Sales,Survey,Surat,Internal,3,in_progress
FB-11555,CU-9662,"For the record, The InsightSecure checkout failed and I was still charged. The issue started last Thursday. Looking forward to a fix.",2026-02-04T16:48:00+00:00,InsightChat,HR,Chat,Dubai,Startup,2,open
FB-11556,CU-4577,"Hello team, Refund was issued quickly and with a clear explanation. A workaround exists but it is not acceptable long term. Sharing this from the field.",2026-07-19T00:48:00+00:00,InsightCloud,Sales,Email,Delhi,Startup,4,open
FB-11557,CU-6307,Quick update: Sales team prepared a thoughtful demo for our executives. A workaround exists but it is not acceptable long term. Looking forward to a fix.,2026-04-08T00:39:00+00:00,InsightChat,Product,Call Center,Chennai,Startup,5,resolved
FB-11558,CU-3599,"Hi, Chat support was knowledgeable and patient. We have seen this twice already. Logged by the duty manager.",2026-02-21T11:43:00+00:00,InsightSecure,Customer Support,Internal,Bangalore,Partner,4,resolved
FB-11559,CU-9077,"Hello team, Please confirm whether SSO is enabled for partner accounts. Our enterprise account is affected. Looking forward to a fix.",2026-07-03T23:41:00+00:00,InsightCloud,HR,Chat,Bangalore,Startup,3,open
FB-11560,CU-1816,Great improvement in mobile performance this month. I attached screenshots in the original ticket. Sharing this from the field.,2026-05-03T13:15:00+00:00,InsightPay,Customer Support,Call Center,Hyderabad,Internal,5,in_progress
FB-11561,CU-3068,"For the record, Support never called back after I reported a critical outage. The issue started last Thursday. Please advise.",2026-05-13T04:11:00+00:00,InsightAnalytics,Customer Support,Social Media,Singapore,Partner,2,resolved
FB-11562,CU-9292,Duplicate invoices were sent to finance after renewal. This is impacting customers in Kolkata. Sharing this from the field.,2026-03-22T20:44:00+00:00,InsightPay,Customer Support,Website,Bangalore,Enterprise,2,resolved
FB-11563,CU-6346,"For the record, Authentication failures are blocking our entire sales team. I attached screenshots in the original ticket. Thanks.",2026-03-13T23:31:00+00:00,InsightCloud,Customer Support,Social Media,Bangalore,Consumer,2,closed
FB-11564,CU-6451,"Hi, Search is too slow to be usable during business hours. This happened after the latest update. Logged by the duty manager.",2026-01-05T15:08:00+00:00,InsightPay,Finance,Call Center,Pune,Internal,2,resolved
FB-11565,CU-1697,"To be clear, Search is too slow to be usable during business hours. I am following up because there was no response. Please advise.",2026-05-10T21:09:00+00:00,InsightSecure,Finance,Email,Surat,Startup,2,closed
FB-11566,CU-3988,Quick update: Is there a sandbox for InsightPay chargebacks? The issue started last Thursday. Looking forward to a fix.,2026-01-05T02:58:00+00:00,InsightMobile,Engineering,Chat,Bangalore,SMB,3,closed
FB-11567,CU-9271,"To be clear, Security alert fired after suspicious admin logins. This is impacting customers in Chennai. Sharing this from the field.",2025-12-22T21:50:00+00:00,InsightCloud,Engineering,Mobile App,Chennai,Consumer,2,open
FB-11568,CU-5006,"Hello team, Search is too slow to be usable during business hours. Please treat this as high priority. Please advise.",2026-03-20T08:39:00+00:00,InsightMobile,Sales,Survey,London,Partner,1,in_progress
FB-11569,CU-6012,Documentation update saved our engineering team hours. I attached screenshots in the original ticket. Please advise.,2026-05-06T08:41:00+00:00,InsightCRM,Customer Support,Call Center,Singapore,Consumer,5,in_progress
FB-11570,CU-4948,"For the record, Customer support resolved our incident in twenty minutes. This is impacting customers in Mumbai.",2026-07-08T01:31:00+00:00,InsightChat,Customer Support,Social Media,Dubai,Enterprise,5,open
FB-11571,CU-5306,Mobile users report they cannot complete signup on InsightPortal. This happened after the latest update. Please advise.,2026-03-27T07:49:00+00:00,InsightAnalytics,Sales,Call Center,London,Enterprise,2,resolved
FB-11572,CU-8992,Quick update: Appreciate the proactive outage communication. We have seen this twice already. Sharing this from the field.,2025-12-27T07:21:00+00:00,InsightAnalytics,Finance,Social Media,Surat,Consumer,5,in_progress
FB-11573,CU-5938,"Hello team, Can you schedule a training session for the operations team? I am following up because there was no response. Thanks.",2026-02-28T17:01:00+00:00,InsightSecure,Engineering,Internal,Hyderabad,Partner,3,open
FB-11574,CU-1030,"For the record, Loved the new InsightMobile dashboard, it is clean and fast. A workaround exists but it is not acceptable long term.",2026-01-31T06:47:00+00:00,InsightAnalytics,Engineering,Social Media,Ahmedabad,Consumer,4,open
FB-11575,CU-6722,Quick update: Refund was issued quickly and with a clear explanation. Please treat this as high priority. Logged by the duty manager.,2026-06-26T22:15:00+00:00,InsightAnalytics,Customer Support,Survey,Jaipur,Startup,5,closed
FB-11576,CU-8538,The onboarding specialist made InsightPortal easy to adopt. I attached screenshots in the original ticket. Looking forward to a fix.,2026-06-30T12:06:00+00:00,InsightPay,Customer Support,Survey,Jaipur,Internal,4,open
FB-11577,CU-6121,"To be clear, The current plan is acceptable but we will compare alternatives. This happened after the latest update. Logged by the duty manager.",2026-04-05T17:27:00+00:00,InsightMobile,Sales,Survey,London,Enterprise,4,in_progress
FB-11578,CU-6833,Quick update: Customer support resolved our incident in twenty minutes. The issue started last Thursday. Logged by the duty manager.,2026-06-21T13:31:00+00:00,InsightCRM,Customer Support,Chat,Ahmedabad,Consumer,4,open
FB-11579,CU-8669,"Hi, Call center agents read from a script and did not understand the issue. Please treat this as high priority.",2025-12-20T08:12:00+00:00,InsightPay,Sales,Social Media,Mumbai,Consumer,1,resolved
FB-11580,CU-1366,"For the record, We may add twenty more seats if the trial goes well. The issue started last Thursday. Logged by the duty manager.",2026-06-15T02:44:00+00:00,InsightAnalytics,Sales,Call Center,New York,Internal,3,open
FB-11581,CU-7800,"Hi, Mobile users report they cannot complete signup on InsightCRM. I attached screenshots in the original ticket. Sharing this from the field.",2026-04-11T05:54:00+00:00,InsightSecure,Customer Support,Call Center,New York,Consumer,1,resolved
FB-11582,CU-5322,"To be clear, Need access for two additional analysts this week. A workaround exists but it is not acceptable long term.",2026-01-02T06:50:00+00:00,InsightMobile,Customer Support,Email,Hyderabad,SMB,3,resolved
FB-11583,CU-7099,"Hi, Support never called back after I reported a critical outage. A workaround exists but it is not acceptable long term. Sharing this from the field.",2026-03-26T08:40:00+00:00,InsightAnalytics,Customer Support,Call Center,Mumbai,Startup,2,resolved
FB-11584,CU-9375,"For the record, Authentication failures are blocking our entire sales team. A workaround exists but it is not acceptable long term. Sharing this from the field.",2025-12-22T06:24:00+00:00,InsightPortal,Operations,Website,London,Startup,2,open
FB-11585,CU-5262,"For the record, Call center agents read from a script and did not understand the issue. I am following up because there was no response. Looking forward to a fix.",2026-04-17T08:55:00+00:00,InsightPortal,Customer Support,Chat,London,SMB,1,open
FB-11586,CU-4204,Sharing an FYI that finance will review invoices tomorrow. The issue started last Thursday.,2026-01-13T17:13:00+00:00,InsightChat,Customer Support,Website,Kolkata,Consumer,3,resolved
FB-11587,CU-3365,"For the record, Payment reconciliation finally works without manual edits. This happened after the latest update. Logged by the duty manager.",2026-08-06T17:15:00+00:00,InsightPortal,Engineering,Survey,Ahmedabad,Consumer,5,in_progress
FB-11588,CU-5911,Quick update: Chat support was knowledgeable and patient. This is impacting customers in Surat. Thanks.,2026-04-14T16:25:00+00:00,InsightPay,Customer Support,Mobile App,Kolkata,Consumer,4,resolved
FB-11589,CU-1606,Quick update: Response time from customer support is getting worse every week. Our enterprise account is affected. Please advise.,2026-02-15T03:37:00+00:00,InsightCloud,Customer Support,Survey,New York,Internal,2,resolved
FB-11590,CU-2875,"For the record, Loved the new InsightChat dashboard, it is clean and fast. Our enterprise account is affected. Logged by the duty manager.",2026-01-28T09:08:00+00:00,InsightSecure,HR,Internal,London,Enterprise,5,open
FB-11591,CU-5079,Quick update: The latest release introduced a severe performance regression. This is impacting customers in Jaipur. Looking forward to a fix.,2026-01-14T03:21:00+00:00,InsightCRM,Customer Support,Chat,New York,SMB,2,resolved
FB-11592,CU-5527,We cannot login to InsightChat since the last update. This happened after the latest update. Looking forward to a fix.,2026-04-20T22:32:00+00:00,InsightPortal,Engineering,Website,Mumbai,Partner,1,open
FB-11593,CU-6345,"For the record, Can you schedule a training session for the operations team? A workaround exists but it is not acceptable long term. Sharing this from the field.",2026-03-15T11:28:00+00:00,InsightCRM,HR,Mobile App,Chennai,Startup,3,open
FB-11594,CU-2421,"Hello team, Search is too slow to be usable during business hours. I attached screenshots in the original ticket. Logged by the duty manager.",2026-07-21T02:09:00+00:00,InsightCRM,Customer Support,Survey,Hyderabad,Partner,1,closed
FB-11595,CU-9197,Quick update: I am delighted with the quality of the latest InsightPay release. I attached screenshots in the original ticket. Looking forward to a fix.,2025-12-07T06:02:00+00:00,InsightSecure,Customer Support,Internal,Ahmedabad,Partner,4,open
FB-11596,CU-7310,"To be clear, I am angry that the ticket was closed without a resolution. Please treat this as high priority. Thanks.",2026-05-01T10:13:00+00:00,InsightCRM,Customer Support,Social Media,Surat,Partner,2,in_progress
FB-11597,CU-4820,Quick update: Feature request: webhook retries with exponential backoff. This is impacting customers in Ahmedabad. Please advise.,2026-07-30T20:53:00+00:00,InsightPortal,Finance,Mobile App,London,Consumer,3,resolved
FB-11598,CU-1005,"For the record, Response time from customer support is getting worse every week. I am following up because there was no response. Logged by the duty manager.",2026-07-18T08:55:00+00:00,InsightSecure,Customer Support,Social Media,Kolkata,Startup,2,closed
FB-11599,CU-8924,Where can I find the data retention policy? The team mentioned InsightCRM in the weekly review. Sharing this from the field.,2025-12-06T10:54:00+00:00,InsightAnalytics,Operations,Website,Chennai,Partner,3,resolved
FB-11600,CU-8365,Great improvement in mobile performance this month. The team mentioned InsightChat in the weekly review.,2026-08-02T18:30:00+00:00,InsightChat,Product,Survey,Bangalore,Internal,4,resolved
FB-11601,CU-1405,"Hello team, I am delighted with the quality of the latest InsightMobile release. I am following up because there was no response. Looking forward to a fix.",2026-02-14T16:21:00+00:00,InsightAnalytics,Finance,Call Center,Jaipur,Enterprise,5,resolved
FB-11602,CU-4579,Quick update: I am angry that the ticket was closed without a resolution. This is impacting customers in Dubai. Looking forward to a fix.,2026-05-02T05:59:00+00:00,InsightChat,Customer Support,Email,Pune,Partner,2,in_progress
FB-11603,CU-7164,"Hi, Chat support was knowledgeable and patient. The team mentioned InsightPortal in the weekly review. Looking forward to a fix.",2026-04-25T18:57:00+00:00,InsightChat,Customer Support,Call Center,Chennai,Consumer,4,in_progress
FB-11604,CU-1532,"Hello team, The current plan is acceptable but we will compare alternatives. Please treat this as high priority. Please advise.",2026-05-02T13:11:00+00:00,InsightMobile,Finance,Chat,Kolkata,Internal,3,closed
FB-11605,CU-7572,"Hello team, We cannot login to InsightCRM since the last update. The issue started last Thursday. Thanks.",2026-02-03T08:24:00+00:00,InsightPay,Engineering,Website,Dubai,Consumer,1,in_progress
FB-11606,CU-3303,"Hi, Need access for two additional analysts this week. This happened after the latest update. Logged by the duty manager.",2026-03-23T17:56:00+00:00,InsightChat,Product,Social Media,Surat,SMB,3,in_progress
FB-11607,CU-9524,"To be clear, The InsightPay checkout failed and I was still charged. This is impacting customers in Bangalore. Sharing this from the field.",2026-04-02T10:15:00+00:00,InsightCloud,Customer Support,Website,Bangalore,SMB,2,open
FB-11608,CU-9684,Quick update: Noting that the internal survey was completed by HR. This happened after the latest update. Looking forward to a fix.,2026-02-24T00:30:00+00:00,InsightChat,Sales,Internal,Kolkata,Consumer,3,open
FB-11609,CU-4421,Quick update: Response time from customer support is getting worse every week. Please treat this as high priority.,2026-07-20T10:35:00+00:00,InsightChat,Customer Support,Email,Kolkata,Consumer,2,in_progress
FB-11610,CU-7427,"Hello team, How do I export department analytics for last quarter? Please treat this as high priority. Please advise.",2026-01-14T18:52:00+00:00,InsightCloud,Engineering,Social Media,Bangalore,Enterprise,3,in_progress
FB-11611,CU-1347,We cannot login to InsightPay since the last update. This happened after the latest update. Logged by the duty manager.,2026-04-04T09:21:00+00:00,InsightCloud,Engineering,Email,London,SMB,2,resolved
FB-11612,CU-2116,"Hi, Loved the new InsightCloud dashboard, it is clean and fast. The team mentioned InsightSecure in the weekly review. Please advise.",2026-04-15T15:39:00+00:00,InsightMobile,Finance,Website,Dubai,Startup,4,in_progress
FB-11613,CU-1832,"Hello team, Mobile users report they cannot complete signup on InsightSecure. This happened after the latest update. Looking forward to a fix.",2026-03-25T08:17:00+00:00,InsightMobile,HR,Call Center,Dubai,Internal,2,in_progress
FB-11614,CU-9763,We are happy with the reliability of InsightSecure this quarter. A workaround exists but it is not acceptable long term. Sharing this from the field.,2026-01-06T07:44:00+00:00,InsightCRM,Engineering,Website,Pune,Enterprise,5,resolved
FB-11615,CU-8541,Quick update: Can you schedule a training session for the operations team? We have seen this twice already. Looking forward to a fix.,2026-05-19T17:21:00+00:00,InsightCloud,Sales,Website,Surat,Startup,3,open
FB-11616,CU-6780,"To be clear, Documentation is outdated and caused a production misconfiguration. The team mentioned InsightMobile in the weekly review. Thanks.",2026-01-03T01:07:00+00:00,InsightMobile,Sales,Email,Delhi,SMB,2,resolved
FB-11617,CU-3046,Quick update: Feature request: webhook retries with exponential backoff. Our enterprise account is affected. Sharing this from the field.,2026-05-01T03:21:00+00:00,InsightSecure,Product,Mobile App,Pune,SMB,4,resolved
FB-11618,CU-5899,Quick update: Customer support resolved our incident in twenty minutes. We have seen this twice already. Please advise.,2026-07-08T03:50:00+00:00,InsightAnalytics,Customer Support,Internal,Dubai,SMB,5,in_progress
FB-11619,CU-8114,Package for InsightSecure arrived damaged in Jaipur. Please treat this as high priority. Thanks.,2026-08-01T15:46:00+00:00,InsightPortal,Operations,Internal,Chennai,SMB,2,closed
FB-11620,CU-6530,Quick update: Billing error created an unauthorized charge on our card. I attached screenshots in the original ticket. Sharing this from the field.,2026-08-07T12:23:00+00:00,InsightPortal,Customer Support,Chat,Singapore,Internal,2,resolved
FB-11621,CU-7860,"Hello team, Price increase was communicated poorly and feels unjustified. We have seen this twice already. Please advise.",2026-05-14T09:08:00+00:00,InsightAnalytics,Engineering,Website,London,Enterprise,1,resolved
FB-11622,CU-6996,"Quick update: Loved the new InsightCloud dashboard, it is clean and fast. I attached screenshots in the original ticket. Looking forward to a fix.",2026-03-14T12:44:00+00:00,InsightMobile,Customer Support,Social Media,Jaipur,SMB,4,closed
FB-11623,CU-2862,"Hi, Duplicate invoices were sent to finance after renewal. I am following up because there was no response. Logged by the duty manager.",2026-02-24T04:29:00+00:00,InsightCRM,Customer Support,Internal,Mumbai,SMB,2,in_progress
FB-11624,CU-6406,Sharing an FYI that finance will review invoices tomorrow. I attached screenshots in the original ticket.,2026-02-07T04:58:00+00:00,InsightCRM,Customer Support,Social Media,Chennai,Startup,3,open
FB-11625,CU-3765,Quick update: The interface redesign is intuitive and reduced training time. I attached screenshots in the original ticket. Logged by the duty manager.,2026-03-01T07:55:00+00:00,InsightPay,Customer Support,Email,Pune,SMB,5,resolved
FB-11626,CU-5925,"For the record, InsightSecure audit logs are exactly what compliance needed. I attached screenshots in the original ticket. Thanks.",2025-12-05T18:02:00+00:00,InsightPay,Customer Support,Internal,Pune,Enterprise,4,resolved
FB-11627,CU-5072,"For the record, Payment reconciliation finally works without manual edits. A workaround exists but it is not acceptable long term. Logged by the duty manager.",2026-05-18T01:45:00+00:00,InsightAnalytics,Operations,Mobile App,Pune,Partner,5,in_progress
FB-11628,CU-6234,"Hello team, The InsightChat checkout failed and I was still charged. I attached screenshots in the original ticket. Sharing this from the field.",2026-05-25T18:25:00+00:00,InsightPay,Customer Support,Call Center,New York,Internal,1,in_progress
FB-11629,CU-4808,Quick update: The latest release introduced a severe performance regression. The team mentioned InsightCRM in the weekly review. Thanks.,2026-07-17T07:15:00+00:00,InsightPay,Engineering,Social Media,Hyderabad,SMB,1,resolved
FB-11630,CU-8514,We may add twenty more seats if the trial goes well. The issue started last Thursday. Thanks.,2026-07-27T08:01:00+00:00,InsightSecure,Operations,Email,Ahmedabad,SMB,3,open
FB-11631,CU-9754,"Hello team, I am frustrated that the InsightChat app crashes during payment. We have seen this twice already. Please advise.",2026-05-31T02:23:00+00:00,InsightSecure,Engineering,Internal,Ahmedabad,Partner,2,closed
FB-11632,CU-2435,Quick update: The InsightAnalytics checkout failed and I was still charged. We have seen this twice already. Please advise.,2026-05-08T05:23:00+00:00,InsightSecure,HR,Email,Hyderabad,SMB,2,in_progress
FB-11633,CU-5160,"For the record, Feature request: webhook retries with exponential backoff. Please treat this as high priority. Please advise.",2026-06-09T07:46:00+00:00,InsightAnalytics,Sales,Mobile App,Jaipur,Internal,3,resolved
FB-11634,CU-1285,Quick update: Security alert fired after suspicious admin logins. The team mentioned InsightCloud in the weekly review. Thanks.,2026-05-16T04:17:00+00:00,InsightChat,Engineering,Chat,Surat,Internal,2,in_progress
FB-11635,CU-3520,"Hello team, Please confirm whether SSO is enabled for partner accounts. This is impacting customers in Hyderabad.",2026-07-29T02:20:00+00:00,InsightPay,Product,Website,Hyderabad,Partner,3,in_progress
FB-11636,CU-1621,InsightSecure audit logs are exactly what compliance needed. This is impacting customers in Chennai. Please advise.,2026-05-27T13:01:00+00:00,InsightPay,Finance,Mobile App,Ahmedabad,Enterprise,4,closed
FB-11637,CU-5604,"Hello team, It would help to have saved filters on the explorer table. This happened after the latest update. Looking forward to a fix.",2026-04-22T03:34:00+00:00,InsightCRM,Customer Support,Chat,London,Enterprise,4,in_progress
FB-11638,CU-1749,"To be clear, Price increase was communicated poorly and feels unjustified. A workaround exists but it is not acceptable long term. Logged by the duty manager.",2026-06-28T21:22:00+00:00,InsightChat,Sales,Survey,London,Enterprise,2,resolved
FB-11639,CU-2839,Documentation update saved our engineering team hours. The team mentioned InsightMobile in the weekly review.,2026-04-04T05:52:00+00:00,InsightPay,Finance,Social Media,Chennai,SMB,5,resolved
FB-11640,CU-7559,"Hello team, Great improvement in mobile performance this month. This happened after the latest update. Logged by the duty manager.",2026-08-03T17:14:00+00:00,InsightPay,HR,Internal,Kolkata,Partner,5,in_progress
FB-11641,CU-5316,"To be clear, Can you schedule a training session for the operations team? Our enterprise account is affected. Sharing this from the field.",2026-07-17T02:16:00+00:00,InsightChat,Engineering,Website,Pune,Consumer,3,in_progress
FB-11642,CU-6987,Quick update: Feature request: webhook retries with exponential backoff. A workaround exists but it is not acceptable long term.,2026-03-01T13:02:00+00:00,InsightSecure,Finance,Chat,Delhi,Startup,3,open
FB-11643,CU-6427,"Hello team, Average experience so far, we are still evaluating InsightPay. The team mentioned InsightCRM in the weekly review.",2026-02-28T16:53:00+00:00,InsightSecure,Engineering,Call Center,Delhi,Consumer,3,resolved
FB-11644,CU-7081,Quick update: The onboarding specialist made InsightPay easy to adopt. The issue started last Thursday. Logged by the duty manager.,2026-05-01T05:53:00+00:00,InsightChat,Customer Support,Social Media,Kolkata,Consumer,5,resolved
FB-11645,CU-1597,"Hi, Support never called back after I reported a critical outage. This happened after the latest update. Please advise.",2025-12-15T10:18:00+00:00,InsightPay,Customer Support,Call Center,Jaipur,Consumer,2,in_progress
FB-11646,CU-1490,Quick update: Sales team prepared a thoughtful demo for our executives. Our enterprise account is affected. Thanks.,2026-02-02T16:14:00+00:00,InsightPay,Customer Support,Mobile App,Bangalore,SMB,4,open
FB-11647,CU-9388,Quick update: Refund was issued quickly and with a clear explanation. The team mentioned InsightAnalytics in the weekly review. Sharing this from the field.,2026-02-19T08:26:00+00:00,InsightChat,Operations,Internal,New York,SMB,5,open
FB-11648,CU-3124,Quick update: InsightSecure audit logs are exactly what compliance needed. We have seen this twice already. Please advise.,2025-12-02T05:08:00+00:00,InsightCRM,Customer Support,Call Center,Bangalore,Enterprise,5,open
FB-11649,CU-9304,"Hi, Feature request: webhook retries with exponential backoff. I attached screenshots in the original ticket. Sharing this from the field.",2026-06-30T08:06:00+00:00,InsightMobile,Customer Support,Website,Hyderabad,Enterprise,4,in_progress
FB-11650,CU-7252,"Hello team, Appreciate the proactive outage communication. We have seen this twice already. Looking forward to a fix.",2026-06-16T08:31:00+00:00,InsightPay,Sales,Call Center,Pune,Enterprise,5,open
FB-11651,CU-9793,"Hi, Refund was issued quickly and with a clear explanation. A workaround exists but it is not acceptable long term. Thanks.",2026-06-23T08:44:00+00:00,InsightMobile,Product,Chat,Delhi,Internal,4,open
FB-11652,CU-2995,"Hello team, We may add twenty more seats if the trial goes well. Our enterprise account is affected.",2026-05-28T04:24:00+00:00,InsightChat,Finance,Social Media,Singapore,Enterprise,4,resolved
FB-11653,CU-3051,"Hi, Search is too slow to be usable during business hours. This is impacting customers in Ahmedabad. Looking forward to a fix.",2026-07-02T23:07:00+00:00,InsightCloud,HR,Survey,Dubai,Consumer,2,closed
FB-11654,CU-5602,"To be clear, Delivery to New York was earlier than the estimated date. The team mentioned InsightChat in the weekly review. Logged by the duty manager.",2026-08-06T01:14:00+00:00,InsightAnalytics,Operations,Mobile App,Delhi,Enterprise,4,in_progress
FB-11655,CU-6108,"For the record, Call center agents read from a script and did not understand the issue. This happened after the latest update. Logged by the duty manager.",2026-05-12T03:28:00+00:00,InsightPay,Product,Internal,Ahmedabad,Partner,2,open
FB-11656,CU-5303,"Hi, The courier missed the delivery window three times in Singapore. This is impacting customers in Surat. Logged by the duty manager.",2026-01-24T02:01:00+00:00,InsightCRM,Operations,Survey,Singapore,Consumer,2,open
FB-11657,CU-5231,"Hi, InsightSecure audit logs are exactly what compliance needed. I attached screenshots in the original ticket.",2025-12-07T07:13:00+00:00,InsightPortal,Customer Support,Internal,Ahmedabad,Partner,5,closed
FB-11658,CU-7989,"Hello team, Support never called back after I reported a critical outage. I am following up because there was no response. Logged by the duty manager.",2025-12-02T12:01:00+00:00,InsightCRM,Customer Support,Internal,Hyderabad,SMB,1,closed
FB-11659,CU-7668,Sales team prepared a thoughtful demo for our executives. The team mentioned InsightChat in the weekly review. Logged by the duty manager.,2026-04-16T19:25:00+00:00,InsightSecure,Product,Mobile App,Mumbai,Startup,4,open
FB-11660,CU-5134,"To be clear, Authentication failures are blocking our entire sales team. Our enterprise account is affected. Looking forward to a fix.",2026-07-13T17:24:00+00:00,InsightAnalytics,Sales,Mobile App,Chennai,Enterprise,2,closed
FB-11661,CU-4232,Support never called back after I reported a critical outage. The team mentioned InsightPortal in the weekly review. Looking forward to a fix.,2026-04-03T10:36:00+00:00,InsightAnalytics,Customer Support,Call Center,Dubai,Enterprise,2,in_progress
FB-11662,CU-2411,I am frustrated that the InsightPortal app crashes during payment. I am following up because there was no response.,2026-01-13T02:17:00+00:00,InsightAnalytics,Engineering,Survey,Hyderabad,Partner,1,in_progress
FB-11663,CU-1434,"To be clear, Response time from customer support is getting worse every week. A workaround exists but it is not acceptable long term. Logged by the duty manager.",2026-03-06T05:14:00+00:00,InsightCloud,Customer Support,Call Center,New York,SMB,2,open
FB-11664,CU-8477,"For the record, Noting that the internal survey was completed by HR. I am following up because there was no response. Looking forward to a fix.",2026-03-09T22:07:00+00:00,InsightPortal,Finance,Call Center,Surat,Consumer,3,open
FB-11665,CU-9618,Quick update: Payment reconciliation finally works without manual edits. We have seen this twice already. Logged by the duty manager.,2026-06-21T23:51:00+00:00,InsightSecure,HR,Chat,Dubai,Startup,5,closed
FB-11666,CU-3037,Quick update: Duplicate invoices were sent to finance after renewal. The team mentioned InsightChat in the weekly review. Logged by the duty manager.,2025-12-21T07:17:00+00:00,InsightCRM,HR,Internal,Jaipur,Consumer,2,in_progress
FB-11667,CU-6554,"Hello team, Delivery was extremely late and customer support did not respond. A workaround exists but it is not acceptable long term. Please advise.",2025-12-31T22:07:00+00:00,InsightChat,Operations,Website,Pune,Internal,1,resolved
FB-11668,CU-6368,Quick update: The onboarding specialist made InsightSecure easy to adopt. Our enterprise account is affected. Thanks.,2026-05-02T14:00:00+00:00,InsightCloud,Product,Survey,Chennai,Enterprise,5,resolved
FB-11669,CU-6278,Response time from customer support is getting worse every week. We have seen this twice already. Logged by the duty manager.,2026-08-02T23:37:00+00:00,InsightMobile,Customer Support,Email,Jaipur,Internal,2,open
FB-11670,CU-2153,We cannot login to InsightChat since the last update. This happened after the latest update.,2025-12-22T10:27:00+00:00,InsightCloud,Engineering,Internal,Delhi,Partner,1,open
FB-11671,CU-5963,Duplicate invoices were sent to finance after renewal. Please treat this as high priority. Logged by the duty manager.,2026-01-05T20:48:00+00:00,InsightCRM,Sales,Chat,Dubai,Partner,2,resolved
FB-11672,CU-8638,"Hello team, Consider adding a weekly digest for managers. We have seen this twice already.",2026-02-06T16:07:00+00:00,InsightPortal,Finance,Call Center,London,Consumer,3,resolved
FB-11673,CU-7514,Can you schedule a training session for the operations team? I am following up because there was no response. Sharing this from the field.,2025-12-06T13:13:00+00:00,InsightCloud,Sales,Social Media,Surat,Consumer,3,in_progress
FB-11674,CU-4101,Quick update: The interface redesign is intuitive and reduced training time. This happened after the latest update. Please advise.,2026-03-22T19:15:00+00:00,InsightChat,Sales,Survey,London,Partner,4,in_progress
FB-11675,CU-3292,"Hello team, I am delighted with the quality of the latest InsightChat release. This happened after the latest update. Sharing this from the field.",2026-04-26T23:14:00+00:00,InsightMobile,Product,Email,London,Consumer,5,resolved
FB-11676,CU-4031,"Hi, How do I export department analytics for last quarter? The issue started last Thursday. Sharing this from the field.",2026-07-05T05:59:00+00:00,InsightMobile,Product,Chat,Singapore,Startup,4,open
FB-11677,CU-9515,Payment reconciliation finally works without manual edits. This is impacting customers in Kolkata.,2026-01-26T01:27:00+00:00,InsightAnalytics,Customer Support,Website,Hyderabad,Partner,4,in_progress
FB-11678,CU-6838,"For the record, Refund for a failed InsightSecure payment is still pending. I attached screenshots in the original ticket. Looking forward to a fix.",2026-04-15T15:59:00+00:00,InsightPay,Customer Support,Mobile App,New York,SMB,2,open
FB-11679,CU-9334,"Hello team, It would help to have saved filters on the explorer table. We have seen this twice already. Logged by the duty manager.",2025-12-06T06:09:00+00:00,InsightCRM,Product,Social Media,Surat,Partner,3,resolved
FB-11680,CU-6673,"Hello team, Refund for a failed InsightSecure payment is still pending. I am following up because there was no response. Logged by the duty manager.",2026-05-04T11:31:00+00:00,InsightSecure,HR,Mobile App,Jaipur,Internal,1,resolved
FB-11681,CU-6818,Quick update: Mobile users report they cannot complete signup on InsightAnalytics. Please treat this as high priority. Logged by the duty manager.,2025-12-04T06:45:00+00:00,InsightChat,Operations,Chat,London,Consumer,2,resolved
FB-11682,CU-9325,"Hello team, We cannot login to InsightSecure since the last update. Our enterprise account is affected.",2026-03-03T12:15:00+00:00,InsightPay,Engineering,Email,Jaipur,SMB,1,resolved
FB-11683,CU-3814,"Hello team, Average experience so far, we are still evaluating InsightMobile. The team mentioned InsightCRM in the weekly review.",2026-06-02T16:33:00+00:00,InsightCRM,Customer Support,Internal,Delhi,Internal,3,in_progress
FB-11684,CU-9925,"Hello team, Authentication failures are blocking our entire sales team. We have seen this twice already.",2026-07-05T00:35:00+00:00,InsightAnalytics,Operations,Internal,Bangalore,Internal,2,open
FB-11685,CU-2497,Quick update: Delivery to Jaipur was earlier than the estimated date. This is impacting customers in London. Please advise.,2026-06-06T23:20:00+00:00,InsightSecure,Operations,Website,Ahmedabad,Startup,4,closed
FB-11686,CU-1175,"Hello team, Support never called back after I reported a critical outage. A workaround exists but it is not acceptable long term. Thanks.",2026-05-26T01:00:00+00:00,InsightCRM,Customer Support,Internal,Mumbai,SMB,1,open
FB-11687,CU-3319,"Hello team, Price increase was communicated poorly and feels unjustified. The issue started last Thursday. Logged by the duty manager.",2026-02-23T06:36:00+00:00,InsightCloud,Engineering,Website,Dubai,Partner,2,open
FB-11688,CU-1023,Quick update: Documentation update saved our engineering team hours. This is impacting customers in Jaipur. Sharing this from the field.,2026-02-17T00:15:00+00:00,InsightCRM,HR,Social Media,Hyderabad,Startup,5,closed
FB-11689,CU-1450,"To be clear, Delivery was extremely late and customer support did not respond. This is impacting customers in Bangalore. Looking forward to a fix.",2026-04-19T09:18:00+00:00,InsightSecure,Operations,Mobile App,Hyderabad,Internal,2,resolved
FB-11690,CU-1297,Payment reconciliation finally works without manual edits. This is impacting customers in Kolkata. Sharing this from the field.,2025-12-31T11:00:00+00:00,InsightSecure,HR,Chat,Jaipur,Partner,4,closed
FB-11691,CU-9244,"Hi, Appreciate the proactive outage communication. I attached screenshots in the original ticket. Please advise.",2026-05-28T05:08:00+00:00,InsightPay,Customer Support,Call Center,Chennai,Internal,4,in_progress
FB-11692,CU-2745,Quick update: The latest release introduced a severe performance regression. This happened after the latest update. Thanks.,2026-01-20T19:23:00+00:00,InsightPay,HR,Mobile App,Surat,Startup,2,resolved
FB-11693,CU-5527,"For the record, Can you schedule a training session for the operations team? We have seen this twice already. Sharing this from the field.",2026-03-13T01:14:00+00:00,InsightCloud,Engineering,Website,Delhi,Enterprise,4,open
FB-11694,CU-6381,"To be clear, The current plan is acceptable but we will compare alternatives. I am following up because there was no response. Looking forward to a fix.",2026-01-15T19:57:00+00:00,InsightCRM,Product,Social Media,London,Internal,3,open
FB-11695,CU-8359,"Hi, The InsightSecure rollout is scheduled for next Monday in New York. I attached screenshots in the original ticket. Looking forward to a fix.",2026-07-07T02:06:00+00:00,InsightCRM,Customer Support,Call Center,Ahmedabad,Internal,4,open
FB-11696,CU-8614,"For the record, Documentation is outdated and caused a production misconfiguration. Our enterprise account is affected.",2026-04-20T18:57:00+00:00,InsightSecure,Sales,Website,Singapore,Enterprise,1,resolved
FB-11697,CU-8088,"For the record, Delivery to Surat was earlier than the estimated date. The issue started last Thursday. Sharing this from the field.",2025-12-02T16:12:00+00:00,InsightAnalytics,Operations,Mobile App,Mumbai,Internal,5,in_progress
FB-11698,CU-3074,Sales team prepared a thoughtful demo for our executives. The team mentioned InsightAnalytics in the weekly review. Logged by the duty manager.,2026-06-06T18:38:00+00:00,InsightPortal,Sales,Internal,Surat,Internal,4,closed
FB-11699,CU-6988,"For the record, I am angry that the ticket was closed without a resolution. The issue started last Thursday. Looking forward to a fix.",2026-05-23T11:56:00+00:00,InsightMobile,Customer Support,Chat,Kolkata,Internal,2,open
FB-11700,CU-5662,"Hello team, Sharing an FYI that finance will review invoices tomorrow. The team mentioned InsightChat in the weekly review.",2026-05-15T00:30:00+00:00,InsightCRM,Engineering,Social Media,Singapore,Startup,4,open
FB-11701,CU-6625,The interface redesign is intuitive and reduced training time. Our enterprise account is affected. Looking forward to a fix.,2026-06-09T13:08:00+00:00,InsightChat,Finance,Social Media,London,SMB,5,open
FB-11702,CU-1887,"For the record, Great improvement in mobile performance this month. This is impacting customers in Singapore. Please advise.",2026-05-16T16:13:00+00:00,InsightSecure,Finance,Internal,Singapore,Partner,4,resolved
FB-11703,CU-9622,"Hello team, Documentation update saved our engineering team hours. I attached screenshots in the original ticket. Logged by the duty manager.",2026-05-20T17:04:00+00:00,InsightChat,Customer Support,Social Media,Dubai,SMB,5,closed
FB-11704,CU-1418,"For the record, I am delighted with the quality of the latest InsightCRM release. The team mentioned InsightCloud in the weekly review. Looking forward to a fix.",2026-07-14T21:40:00+00:00,InsightCRM,Product,Website,Chennai,Partner,5,in_progress
FB-11705,CU-6456,Delivery to Delhi was earlier than the estimated date. The issue started last Thursday. Thanks.,2026-04-30T19:21:00+00:00,InsightMobile,Operations,Website,New York,SMB,4,open
FB-11706,CU-5300,"Hello team, How do I export department analytics for last quarter? The issue started last Thursday. Please advise.",2026-02-23T03:18:00+00:00,InsightPortal,Operations,Website,Delhi,SMB,4,closed
FB-11707,CU-8397,"To be clear, Security alert fired after suspicious admin logins. Our enterprise account is affected. Please advise.",2026-05-31T11:20:00+00:00,InsightSecure,Engineering,Website,Mumbai,Enterprise,1,open
FB-11708,CU-2527,"Hi, The courier missed the delivery window three times in Delhi. This is impacting customers in Bangalore. Sharing this from the field.",2025-12-29T05:06:00+00:00,InsightCRM,Operations,Email,Chennai,Internal,2,resolved
FB-11709,CU-1432,Quick update: Is there a sandbox for InsightPay chargebacks? This happened after the latest update.,2026-07-21T17:41:00+00:00,InsightCRM,Finance,Survey,Pune,Startup,3,open
FB-11710,CU-6453,"Hi, Great improvement in mobile performance this month. This happened after the latest update. Please advise.",2025-12-14T04:26:00+00:00,InsightCRM,Finance,Chat,Ahmedabad,Consumer,5,in_progress
FB-11711,CU-7734,"Hello team, Where can I find the data retention policy? The issue started last Thursday. Looking forward to a fix.",2026-06-04T19:03:00+00:00,InsightAnalytics,Finance,Website,Ahmedabad,Partner,3,open
FB-11712,CU-6524,"To be clear, We may add twenty more seats if the trial goes well. This is impacting customers in Pune.",2026-01-08T01:36:00+00:00,InsightPortal,Product,Website,Pune,Enterprise,4,in_progress
FB-11713,CU-1543,Documentation update saved our engineering team hours. Please treat this as high priority. Thanks.,2026-04-29T06:16:00+00:00,InsightAnalytics,Sales,Internal,Pune,Partner,4,in_progress
FB-11714,CU-7191,"Hello team, Support never called back after I reported a critical outage. Please treat this as high priority. Logged by the duty manager.",2026-05-12T02:47:00+00:00,InsightMobile,Customer Support,Email,Surat,Enterprise,2,resolved
FB-11715,CU-5583,Security alert fired after suspicious admin logins. We have seen this twice already. Sharing this from the field.,2026-01-29T20:29:00+00:00,InsightPortal,Engineering,Email,Chennai,Enterprise,2,open
FB-11716,CU-3742,"Hello team, Great improvement in mobile performance this month. A workaround exists but it is not acceptable long term. Sharing this from the field.",2026-01-19T04:10:00+00:00,InsightPay,Customer Support,Chat,Jaipur,Partner,4,open
FB-11717,CU-7989,"For the record, Documentation is outdated and caused a production misconfiguration. A workaround exists but it is not acceptable long term. Please advise.",2026-07-05T18:26:00+00:00,InsightPay,Finance,Social Media,Chennai,SMB,1,resolved
FB-11718,CU-8233,"To be clear, Refund for a failed InsightMobile payment is still pending. The team mentioned InsightCRM in the weekly review. Looking forward to a fix.",2026-04-06T17:57:00+00:00,InsightAnalytics,Customer Support,Website,Singapore,Internal,2,resolved
FB-11719,CU-6018,Refund for a failed InsightPortal payment is still pending. The team mentioned InsightPay in the weekly review. Thanks.,2026-05-05T14:58:00+00:00,InsightMobile,Sales,Email,Pune,Partner,2,open
FB-11720,CU-6483,Sales team prepared a thoughtful demo for our executives. Please treat this as high priority. Looking forward to a fix.,2026-01-20T15:04:00+00:00,InsightChat,Customer Support,Chat,New York,Internal,4,in_progress
FB-11721,CU-3854,Quick update: InsightSecure audit logs are exactly what compliance needed. This is impacting customers in Bangalore. Sharing this from the field.,2026-01-06T14:37:00+00:00,InsightCRM,Customer Support,Social Media,Mumbai,Partner,5,resolved
FB-11722,CU-8208,"To be clear, The latest release introduced a severe performance regression. This is impacting customers in Surat. Sharing this from the field.",2026-05-24T08:35:00+00:00,InsightPay,Sales,Website,New York,Enterprise,2,in_progress
FB-11723,CU-5669,InsightSecure audit logs are exactly what compliance needed. Please treat this as high priority. Looking forward to a fix.,2026-06-04T01:30:00+00:00,InsightAnalytics,Customer Support,Call Center,Delhi,Consumer,5,closed
FB-11724,CU-1573,"Hello team, Appreciate the proactive outage communication. This is impacting customers in New York. Logged by the duty manager.",2026-05-21T01:20:00+00:00,InsightCloud,Customer Support,Website,Ahmedabad,Internal,5,in_progress
FB-11725,CU-3877,Feature request: webhook retries with exponential backoff. We have seen this twice already. Thanks.,2026-04-24T15:10:00+00:00,InsightCRM,Finance,Website,Surat,Enterprise,4,closed
FB-11726,CU-7918,"For the record, Security alert fired after suspicious admin logins. I am following up because there was no response. Looking forward to a fix.",2026-05-19T10:40:00+00:00,InsightCRM,Engineering,Survey,Jaipur,Internal,2,closed
FB-11727,CU-2366,"For the record, Sharing an FYI that finance will review invoices tomorrow. We have seen this twice already. Logged by the duty manager.",2026-05-21T20:10:00+00:00,InsightPay,Product,Chat,Bangalore,Enterprise,4,open
FB-11728,CU-8328,"Hello team, I am delighted with the quality of the latest InsightAnalytics release. I attached screenshots in the original ticket. Looking forward to a fix.",2026-06-21T13:50:00+00:00,InsightChat,Customer Support,Chat,Kolkata,Enterprise,5,resolved
FB-11729,CU-5886,Quick update: The current plan is acceptable but we will compare alternatives. A workaround exists but it is not acceptable long term.,2026-05-18T01:51:00+00:00,InsightSecure,Sales,Chat,Kolkata,Partner,3,open
FB-11730,CU-5185,"Hi, Duplicate invoices were sent to finance after renewal. This happened after the latest update. Sharing this from the field.",2026-06-07T01:43:00+00:00,InsightSecure,Engineering,Social Media,Hyderabad,Enterprise,2,in_progress
FB-11731,CU-1929,"Hello team, Documentation update saved our engineering team hours. Our enterprise account is affected. Please advise.",2026-05-01T03:06:00+00:00,InsightCloud,Customer Support,Survey,Singapore,Internal,4,resolved
FB-11732,CU-4434,"Hello team, Sharing an FYI that finance will review invoices tomorrow. This is impacting customers in Jaipur. Thanks.",2026-06-30T18:26:00+00:00,InsightCloud,Sales,Website,Dubai,Internal,3,in_progress
FB-11733,CU-3199,The interface redesign is intuitive and reduced training time. A workaround exists but it is not acceptable long term. Thanks.,2026-02-06T04:22:00+00:00,InsightPortal,Finance,Website,Hyderabad,Startup,4,open
FB-11734,CU-5997,"To be clear, Is there a sandbox for InsightPay chargebacks? A workaround exists but it is not acceptable long term. Thanks.",2026-08-06T21:16:00+00:00,InsightAnalytics,Engineering,Chat,Ahmedabad,Startup,3,open
FB-11735,CU-9770,Quick update: Mobile users report they cannot complete signup on InsightCloud. A workaround exists but it is not acceptable long term. Thanks.,2025-12-21T14:11:00+00:00,InsightPortal,Product,Website,Singapore,Startup,2,open
FB-11736,CU-5831,"To be clear, We cannot login to InsightChat since the last update. This is impacting customers in Jaipur. Sharing this from the field.",2026-02-14T08:21:00+00:00,InsightAnalytics,Engineering,Mobile App,Delhi,Startup,2,open
FB-11737,CU-2048,Noting that the internal survey was completed by HR. I am following up because there was no response. Logged by the duty manager.,2026-01-16T22:29:00+00:00,InsightSecure,Finance,Call Center,Bangalore,Consumer,4,closed
FB-11738,CU-2145,"Hi, Loved the new InsightCloud dashboard, it is clean and fast. Our enterprise account is affected. Looking forward to a fix.",2026-06-03T21:22:00+00:00,InsightChat,Customer Support,Survey,Pune,Partner,5,resolved
FB-11739,CU-2673,"For the record, Package for InsightCRM arrived damaged in Dubai. This happened after the latest update. Looking forward to a fix.",2026-04-12T00:55:00+00:00,InsightSecure,Operations,Chat,Ahmedabad,SMB,2,resolved
FB-11740,CU-3653,Quick update: We are happy with the reliability of InsightAnalytics this quarter. The issue started last Thursday. Logged by the duty manager.,2026-06-11T15:04:00+00:00,InsightChat,Finance,Social Media,Bangalore,Consumer,4,resolved
FB-11741,CU-8999,Billing error created an unauthorized charge on our card. Please treat this as high priority. Thanks.,2026-04-05T17:54:00+00:00,InsightMobile,Sales,Website,Pune,Consumer,1,open
FB-11742,CU-9566,Quick update: Payment reconciliation finally works without manual edits. A workaround exists but it is not acceptable long term. Looking forward to a fix.,2026-02-22T22:53:00+00:00,InsightAnalytics,Customer Support,Website,Mumbai,Internal,4,resolved
FB-11743,CU-5464,"To be clear, Delivery to Mumbai was earlier than the estimated date. Please treat this as high priority. Logged by the duty manager.",2026-04-29T01:58:00+00:00,InsightSecure,Operations,Chat,Jaipur,Internal,5,resolved
FB-11744,CU-9853,How do I export department analytics for last quarter? A workaround exists but it is not acceptable long term. Please advise.,2025-12-21T21:14:00+00:00,InsightMobile,HR,Internal,Surat,Internal,3,resolved
FB-11745,CU-9873,Quick update: We cannot login to InsightPay since the last update. This is impacting customers in Kolkata. Please advise.,2026-04-03T17:24:00+00:00,InsightMobile,Engineering,Survey,Mumbai,Consumer,2,open
FB-11746,CU-1118,"To be clear, Documentation update saved our engineering team hours. The issue started last Thursday. Looking forward to a fix.",2026-07-01T08:28:00+00:00,InsightCloud,Finance,Chat,Mumbai,Internal,5,in_progress
FB-11747,CU-5172,"Hi, Sharing an FYI that finance will review invoices tomorrow. I attached screenshots in the original ticket. Looking forward to a fix.",2026-01-03T14:31:00+00:00,InsightPay,Customer Support,Survey,Delhi,Startup,3,in_progress
FB-11748,CU-6114,"For the record, I am delighted with the quality of the latest InsightCRM release. We have seen this twice already. Logged by the duty manager.",2026-04-20T11:52:00+00:00,InsightPortal,Customer Support,Email,Singapore,Startup,5,open
FB-11749,CU-1633,"To be clear, How do I export department analytics for last quarter? I attached screenshots in the original ticket. Sharing this from the field.",2026-01-27T18:50:00+00:00,InsightPortal,Customer Support,Social Media,Surat,Enterprise,4,in_progress
FB-11750,CU-1166,"Hi, Average experience so far, we are still evaluating InsightCloud. I am following up because there was no response. Looking forward to a fix.",2026-04-15T12:53:00+00:00,InsightSecure,Engineering,Social Media,Bangalore,Partner,3,resolved
FB-11751,CU-9759,"For the record, Need access for two additional analysts this week. The issue started last Thursday. Thanks.",2026-01-11T09:34:00+00:00,InsightSecure,Product,Internal,New York,Consumer,3,open
FB-11752,CU-1393,"To be clear, Documentation update saved our engineering team hours. I am following up because there was no response. Sharing this from the field.",2026-03-18T08:02:00+00:00,InsightPortal,Engineering,Survey,Delhi,Enterprise,5,open
FB-11753,CU-6830,The InsightCRM rollout is scheduled for next Monday in Dubai. The issue started last Thursday. Thanks.,2025-12-24T12:09:00+00:00,InsightCRM,Operations,Chat,Kolkata,Partner,4,open
FB-11754,CU-1346,"Hi, Average experience so far, we are still evaluating InsightCloud. A workaround exists but it is not acceptable long term. Thanks.",2026-07-03T06:20:00+00:00,InsightChat,Engineering,Email,London,Internal,3,in_progress
FB-11755,CU-9104,Quick update: Mobile users report they cannot complete signup on InsightCloud. This is impacting customers in Jaipur. Logged by the duty manager.,2026-05-28T18:42:00+00:00,InsightAnalytics,Product,Survey,Jaipur,Startup,2,resolved
FB-11756,CU-9420,"For the record, The latest release introduced a severe performance regression. I attached screenshots in the original ticket. Looking forward to a fix.",2026-05-11T02:28:00+00:00,InsightCloud,Customer Support,Survey,Dubai,Startup,2,closed
FB-11757,CU-2217,"For the record, Refund was issued quickly and with a clear explanation. I attached screenshots in the original ticket. Please advise.",2026-07-17T21:49:00+00:00,InsightMobile,Customer Support,Chat,London,Startup,4,open
FB-11758,CU-7319,"For the record, We cannot login to InsightCloud since the last update. I attached screenshots in the original ticket. Please advise.",2026-06-24T06:02:00+00:00,InsightMobile,Customer Support,Social Media,Chennai,SMB,1,open
FB-11759,CU-5661,"For the record, Average experience so far, we are still evaluating InsightMobile. This happened after the latest update. Please advise.",2026-06-04T02:50:00+00:00,InsightMobile,Finance,Social Media,Ahmedabad,Internal,3,resolved
FB-11760,CU-3699,"Hi, InsightSecure audit logs are exactly what compliance needed. Our enterprise account is affected.",2026-06-29T17:57:00+00:00,InsightPay,Product,Survey,Chennai,Partner,4,open
FB-11761,CU-2424,"Hello team, Appreciate the proactive outage communication. The team mentioned InsightAnalytics in the weekly review. Logged by the duty manager.",2026-02-16T13:00:00+00:00,InsightCloud,Sales,Mobile App,Delhi,Startup,4,resolved
FB-11762,CU-8004,We may add twenty more seats if the trial goes well. A workaround exists but it is not acceptable long term. Thanks.,2026-05-09T13:44:00+00:00,InsightMobile,Engineering,Chat,Surat,SMB,4,in_progress
FB-11763,CU-2511,"Hello team, Package for InsightCloud arrived damaged in Singapore. Please treat this as high priority. Sharing this from the field.",2026-01-22T16:05:00+00:00,InsightCRM,Customer Support,Social Media,Jaipur,Startup,2,in_progress
FB-11764,CU-1591,Quick update: Price increase was communicated poorly and feels unjustified. A workaround exists but it is not acceptable long term. Logged by the duty manager.,2026-01-10T06:07:00+00:00,InsightCloud,Finance,Email,Surat,Internal,2,open
FB-11765,CU-2393,Quick update: Call center agents read from a script and did not understand the issue. The team mentioned InsightMobile in the weekly review. Logged by the duty manager.,2026-02-15T22:56:00+00:00,InsightCloud,Engineering,Website,Dubai,Internal,1,open
FB-11766,CU-5079,Refund was issued quickly and with a clear explanation. Please treat this as high priority. Please advise.,2026-06-03T06:50:00+00:00,InsightMobile,Customer Support,Social Media,Singapore,Startup,4,in_progress
FB-11767,CU-8524,Quick update: I am delighted with the quality of the latest InsightCloud release. A workaround exists but it is not acceptable long term. Please advise.,2026-03-27T11:48:00+00:00,InsightMobile,Product,Email,Delhi,Enterprise,4,resolved
FB-11768,CU-8200,Quick update: We may add twenty more seats if the trial goes well. This happened after the latest update. Logged by the duty manager.,2025-12-24T20:54:00+00:00,InsightPay,Product,Website,Delhi,Partner,4,resolved
FB-11769,CU-5023,We may add twenty more seats if the trial goes well. This is impacting customers in Ahmedabad. Please advise.,2026-03-14T19:55:00+00:00,InsightChat,Engineering,Email,Singapore,SMB,4,open
FB-11770,CU-5090,"Loved the new InsightPortal dashboard, it is clean and fast. I attached screenshots in the original ticket. Sharing this from the field.",2026-05-17T01:35:00+00:00,InsightChat,Customer Support,Email,Delhi,Startup,5,open
FB-11771,CU-8669,"For the record, I am angry that the ticket was closed without a resolution. The team mentioned InsightAnalytics in the weekly review. Sharing this from the field.",2026-01-19T19:56:00+00:00,InsightMobile,Customer Support,Survey,Jaipur,Internal,2,open
FB-11772,CU-2873,"Hi, Delivery to Kolkata was earlier than the estimated date. I attached screenshots in the original ticket. Sharing this from the field.",2026-03-02T10:55:00+00:00,InsightCloud,Operations,Chat,Singapore,Enterprise,5,closed
FB-11773,CU-4940,"To be clear, Average experience so far, we are still evaluating InsightMobile. The issue started last Thursday. Sharing this from the field.",2026-04-05T06:25:00+00:00,InsightCRM,Operations,Website,Ahmedabad,Startup,4,resolved
FB-11774,CU-4782,"Hi, I am delighted with the quality of the latest InsightSecure release. Our enterprise account is affected. Sharing this from the field.",2026-07-30T22:17:00+00:00,InsightCloud,Engineering,Internal,Singapore,Enterprise,5,open
FB-11775,CU-9402,Quick update: Customer support resolved our incident in twenty minutes. I attached screenshots in the original ticket. Looking forward to a fix.,2026-02-05T11:32:00+00:00,InsightAnalytics,Customer Support,Mobile App,Surat,Internal,5,resolved
FB-11776,CU-7245,"Hi, I am frustrated that the InsightSecure app crashes during payment. We have seen this twice already. Logged by the duty manager.",2026-07-17T02:04:00+00:00,InsightChat,Engineering,Mobile App,Surat,Startup,2,in_progress
FB-11777,CU-6744,"For the record, Billing error created an unauthorized charge on our card. Please treat this as high priority. Logged by the duty manager.",2026-02-25T22:40:00+00:00,InsightAnalytics,Engineering,Social Media,Mumbai,Internal,2,in_progress
FB-11778,CU-6537,It would help to have saved filters on the explorer table. The issue started last Thursday. Please advise.,2026-07-13T21:17:00+00:00,InsightSecure,Product,Survey,London,Consumer,3,resolved
FB-11779,CU-8726,Quick update: Response time from customer support is getting worse every week. Please treat this as high priority. Logged by the duty manager.,2026-06-17T04:14:00+00:00,InsightChat,Customer Support,Social Media,London,SMB,2,resolved
FB-11780,CU-8388,"To be clear, Appreciate the proactive outage communication. The issue started last Thursday. Thanks.",2026-06-20T01:37:00+00:00,InsightSecure,HR,Website,Singapore,Partner,5,open
FB-11781,CU-5507,Duplicate invoices were sent to finance after renewal. I attached screenshots in the original ticket.,2026-06-21T08:54:00+00:00,InsightPay,Customer Support,Social Media,Kolkata,Startup,2,open
FB-11782,CU-3969,Quick update: Feature request: webhook retries with exponential backoff. This happened after the latest update. Sharing this from the field.,2026-04-27T10:56:00+00:00,InsightCloud,Product,Survey,Bangalore,Startup,4,resolved
FB-11783,CU-3761,"For the record, Refund was issued quickly and with a clear explanation. We have seen this twice already. Looking forward to a fix.",2026-07-05T13:08:00+00:00,InsightPortal,Product,Website,Ahmedabad,Enterprise,5,in_progress
FB-11784,CU-6128,"Hi, Noting that the internal survey was completed by HR. The team mentioned InsightCRM in the weekly review. Looking forward to a fix.",2026-05-28T10:37:00+00:00,InsightMobile,Operations,Mobile App,Dubai,Consumer,4,resolved
FB-11785,CU-2694,Chat support was knowledgeable and patient. Our enterprise account is affected. Logged by the duty manager.,2025-12-24T14:00:00+00:00,InsightPortal,Customer Support,Email,London,Internal,5,resolved
FB-11786,CU-5017,"Hi, Great improvement in mobile performance this month. Please treat this as high priority. Sharing this from the field.",2025-12-24T22:58:00+00:00,InsightAnalytics,Operations,Survey,New York,Startup,5,resolved
FB-11787,CU-3042,"For the record, Noting that the internal survey was completed by HR. The issue started last Thursday. Sharing this from the field.",2026-07-09T12:42:00+00:00,InsightPortal,Sales,Call Center,Ahmedabad,SMB,4,in_progress
FB-11788,CU-9596,The courier missed the delivery window three times in New York. The team mentioned InsightCloud in the weekly review. Please advise.,2026-07-15T23:46:00+00:00,InsightCloud,Operations,Internal,Ahmedabad,Internal,1,closed
FB-11789,CU-5171,"To be clear, Sharing an FYI that finance will review invoices tomorrow. This happened after the latest update.",2025-12-20T09:59:00+00:00,InsightChat,Product,Chat,New York,Internal,3,open
FB-11790,CU-4026,"Hi, Search is too slow to be usable during business hours. I am following up because there was no response. Thanks.",2026-01-24T23:52:00+00:00,InsightSecure,Finance,Call Center,Chennai,Internal,2,resolved
FB-11791,CU-3569,"To be clear, Average experience so far, we are still evaluating InsightPortal. This happened after the latest update. Sharing this from the field.",2026-02-26T07:11:00+00:00,InsightSecure,Customer Support,Mobile App,Singapore,Internal,4,resolved
FB-11792,CU-9866,"To be clear, Loved the new InsightMobile dashboard, it is clean and fast. We have seen this twice already. Sharing this from the field.",2026-05-20T12:26:00+00:00,InsightPay,Operations,Chat,Hyderabad,Internal,4,resolved
FB-11793,CU-8739,Quick update: The onboarding specialist made InsightSecure easy to adopt. Please treat this as high priority. Logged by the duty manager.,2026-06-15T22:00:00+00:00,InsightPay,Operations,Website,Dubai,Internal,5,in_progress
FB-11794,CU-4683,Feature request: webhook retries with exponential backoff. The issue started last Thursday. Sharing this from the field.,2026-03-17T22:45:00+00:00,InsightChat,HR,Email,Ahmedabad,Consumer,4,resolved
FB-11795,CU-5988,"To be clear, Need access for two additional analysts this week. A workaround exists but it is not acceptable long term. Please advise.",2026-05-27T22:27:00+00:00,InsightPortal,Finance,Internal,Dubai,Consumer,3,closed
FB-11796,CU-5524,"Hi, Documentation is outdated and caused a production misconfiguration. The team mentioned InsightAnalytics in the weekly review. Please advise.",2026-01-04T13:30:00+00:00,InsightChat,Product,Mobile App,Singapore,Partner,2,in_progress
FB-11797,CU-3941,I am delighted with the quality of the latest InsightAnalytics release. The team mentioned InsightSecure in the weekly review. Thanks.,2026-06-12T04:03:00+00:00,InsightMobile,Engineering,Chat,Jaipur,SMB,5,open
FB-11798,CU-1642,"Hello team, I am angry that the ticket was closed without a resolution. We have seen this twice already. Thanks.",2026-06-13T01:29:00+00:00,InsightAnalytics,Customer Support,Chat,Delhi,Startup,2,open
FB-11799,CU-1405,Quick update: Delivery to Bangalore was earlier than the estimated date. The team mentioned InsightChat in the weekly review. Please advise.,2026-05-31T17:12:00+00:00,InsightPortal,Operations,Website,New York,Startup,4,resolved
FB-11800,CU-7557,Quick update: It would help to have saved filters on the explorer table. The issue started last Thursday. Looking forward to a fix.,2026-01-03T04:34:00+00:00,InsightSecure,Finance,Email,Singapore,Partner,3,open
FB-11801,CU-1871,"To be clear, Response time from customer support is getting worse every week. We have seen this twice already. Thanks.",2026-06-26T07:45:00+00:00,InsightPortal,Customer Support,Website,Kolkata,Internal,1,in_progress
FB-11802,CU-5602,"Hi, Billing error created an unauthorized charge on our card. The issue started last Thursday. Thanks.",2026-05-24T03:40:00+00:00,InsightCRM,Sales,Survey,Pune,Internal,1,resolved
FB-11803,CU-2862,"Hello team, The latest release introduced a severe performance regression. This happened after the latest update. Looking forward to a fix.",2026-06-24T22:41:00+00:00,InsightSecure,HR,Internal,Pune,Partner,2,resolved
FB-11804,CU-3577,"Hi, We are happy with the reliability of InsightChat this quarter. I attached screenshots in the original ticket. Logged by the duty manager.",2026-03-05T15:42:00+00:00,InsightCRM,Customer Support,Chat,Bangalore,Enterprise,5,open
FB-11805,CU-1622,"To be clear, The interface redesign is intuitive and reduced training time. I am following up because there was no response. Please advise.",2026-06-04T04:33:00+00:00,InsightCRM,Finance,Call Center,Jaipur,Consumer,5,resolved
FB-11806,CU-6944,"Hi, We are happy with the reliability of InsightCRM this quarter. The issue started last Thursday.",2026-05-02T16:23:00+00:00,InsightChat,Product,Mobile App,London,Internal,4,resolved
FB-11807,CU-2533,"For the record, Delivery was extremely late and customer support did not respond. This is impacting customers in London.",2026-01-27T09:31:00+00:00,InsightChat,Operations,Social Media,Dubai,Partner,2,in_progress
FB-11808,CU-8695,"To be clear, The onboarding specialist made InsightMobile easy to adopt. I am following up because there was no response.",2026-04-15T10:11:00+00:00,InsightAnalytics,Operations,Chat,Mumbai,SMB,5,open
FB-11809,CU-5735,"To be clear, I am angry that the ticket was closed without a resolution. The team mentioned InsightAnalytics in the weekly review. Logged by the duty manager.",2026-05-04T08:39:00+00:00,InsightSecure,Customer Support,Website,Delhi,Partner,2,in_progress
FB-11810,CU-2491,Authentication failures are blocking our entire sales team. This is impacting customers in Delhi. Looking forward to a fix.,2026-01-25T01:03:00+00:00,InsightMobile,Finance,Website,London,SMB,2,resolved
FB-11811,CU-4350,"For the record, We may add twenty more seats if the trial goes well. This is impacting customers in London. Thanks.",2026-05-18T14:13:00+00:00,InsightMobile,Operations,Social Media,Kolkata,Consumer,4,open
FB-11812,CU-1375,I am frustrated that the InsightChat app crashes during payment. This is impacting customers in Singapore. Sharing this from the field.,2025-12-03T09:35:00+00:00,InsightChat,Engineering,Internal,Delhi,Internal,2,open
FB-11813,CU-4241,"Hi, Mobile users report they cannot complete signup on InsightCRM. The team mentioned InsightSecure in the weekly review. Logged by the duty manager.",2026-03-21T01:50:00+00:00,InsightPay,Sales,Internal,Surat,Consumer,2,open
FB-11814,CU-9089,"Hi, Need access for two additional analysts this week. A workaround exists but it is not acceptable long term. Please advise.",2026-02-08T13:27:00+00:00,InsightAnalytics,Product,Call Center,New York,SMB,3,in_progress
FB-11815,CU-4135,"To be clear, Noting that the internal survey was completed by HR. I attached screenshots in the original ticket.",2026-03-22T11:58:00+00:00,InsightCloud,Customer Support,Internal,Kolkata,Startup,3,resolved
FB-11816,CU-1664,"Hi, Refund was issued quickly and with a clear explanation. Our enterprise account is affected. Please advise.",2026-04-10T10:39:00+00:00,InsightCRM,Sales,Chat,Mumbai,Internal,4,open
FB-11817,CU-2836,"Hello team, The InsightChat checkout failed and I was still charged. This is impacting customers in Bangalore. Please advise.",2026-04-15T12:38:00+00:00,InsightSecure,Operations,Email,Dubai,Enterprise,2,resolved
FB-11818,CU-7998,"To be clear, Chat support was knowledgeable and patient. The team mentioned InsightCloud in the weekly review. Sharing this from the field.",2026-07-11T09:26:00+00:00,InsightAnalytics,Customer Support,Website,Bangalore,Partner,4,resolved
FB-11819,CU-3906,"For the record, I am angry that the ticket was closed without a resolution. Our enterprise account is affected. Sharing this from the field.",2026-07-14T02:27:00+00:00,InsightCloud,Customer Support,Mobile App,Singapore,Startup,2,open
FB-11820,CU-5959,Quick update: Need access for two additional analysts this week. I attached screenshots in the original ticket. Logged by the duty manager.,2025-12-18T20:36:00+00:00,InsightPay,Customer Support,Mobile App,Hyderabad,Partner,4,resolved
FB-11821,CU-1005,"For the record, The latest release introduced a severe performance regression. A workaround exists but it is not acceptable long term. Logged by the duty manager.",2026-06-27T07:32:00+00:00,InsightSecure,Product,Website,Mumbai,Partner,1,open
FB-11822,CU-2484,"Hi, We may add twenty more seats if the trial goes well. This happened after the latest update. Please advise.",2025-12-24T11:35:00+00:00,InsightPay,Engineering,Social Media,Jaipur,Partner,3,resolved
FB-11823,CU-9219,"To be clear, I am angry that the ticket was closed without a resolution. I attached screenshots in the original ticket.",2026-01-26T18:26:00+00:00,InsightPortal,Customer Support,Chat,Singapore,Internal,2,in_progress
FB-11824,CU-2661,"Hello team, Sales team prepared a thoughtful demo for our executives. Our enterprise account is affected. Logged by the duty manager.",2026-08-02T11:01:00+00:00,InsightPortal,Finance,Chat,Surat,SMB,4,closed
FB-11825,CU-4493,"Hi, Package for InsightCloud arrived damaged in Singapore. The issue started last Thursday. Thanks.",2026-07-12T08:02:00+00:00,InsightPay,HR,Internal,Dubai,Internal,2,open
FB-11826,CU-3970,"Hello team, Feature request: webhook retries with exponential backoff. A workaround exists but it is not acceptable long term. Logged by the duty manager.",2025-12-02T12:25:00+00:00,InsightCloud,Customer Support,Chat,Singapore,Internal,3,open
FB-11827,CU-2039,Quick update: Response time from customer support is getting worse every week. I am following up because there was no response. Please advise.,2026-01-13T03:07:00+00:00,InsightChat,Customer Support,Mobile App,Surat,Internal,1,resolved
FB-11828,CU-3222,Need access for two additional analysts this week. I am following up because there was no response. Thanks.,2026-07-12T23:32:00+00:00,InsightPortal,Sales,Website,Pune,SMB,3,open
FB-11829,CU-9971,Is there a sandbox for InsightPay chargebacks? This is impacting customers in Dubai. Sharing this from the field.,2025-12-28T18:48:00+00:00,InsightChat,HR,Website,Bangalore,Startup,3,open
FB-11830,CU-1218,Quick update: I am frustrated that the InsightMobile app crashes during payment. This happened after the latest update.,2026-06-20T08:49:00+00:00,InsightCloud,Engineering,Social Media,Bangalore,Internal,2,resolved
FB-11831,CU-6773,"Hi, Loved the new InsightCloud dashboard, it is clean and fast. I am following up because there was no response.",2026-03-19T18:20:00+00:00,InsightAnalytics,Product,Website,Dubai,Consumer,5,open
FB-11832,CU-9951,"Hello team, Chat support was knowledgeable and patient. A workaround exists but it is not acceptable long term. Logged by the duty manager.",2026-03-12T13:38:00+00:00,InsightCRM,Customer Support,Survey,Jaipur,Internal,5,open
FB-11833,CU-3935,"To be clear, Duplicate invoices were sent to finance after renewal. Our enterprise account is affected. Logged by the duty manager.",2026-03-02T14:59:00+00:00,InsightPortal,Engineering,Survey,Dubai,SMB,2,resolved
FB-11834,CU-7567,"Hi, Payment reconciliation finally works without manual edits. This is impacting customers in Jaipur. Thanks.",2026-07-29T09:31:00+00:00,InsightMobile,Sales,Mobile App,Chennai,Startup,4,resolved
FB-11835,CU-7393,"For the record, Price increase was communicated poorly and feels unjustified. This happened after the latest update. Looking forward to a fix.",2026-08-03T12:05:00+00:00,InsightCloud,HR,Chat,Mumbai,Internal,2,in_progress
FB-11836,CU-7485,Quick update: InsightSecure audit logs are exactly what compliance needed. I am following up because there was no response. Sharing this from the field.,2026-03-16T15:41:00+00:00,InsightPay,Customer Support,Survey,Pune,SMB,5,resolved
FB-11837,CU-3937,Quick update: Is there a sandbox for InsightPay chargebacks? We have seen this twice already. Thanks.,2026-07-29T04:20:00+00:00,InsightMobile,Product,Call Center,Hyderabad,SMB,3,open
FB-11838,CU-6930,"To be clear, Is there a sandbox for InsightPay chargebacks? A workaround exists but it is not acceptable long term. Sharing this from the field.",2026-07-13T02:28:00+00:00,InsightMobile,Customer Support,Website,Hyderabad,SMB,4,open
FB-11839,CU-3447,Response time from customer support is getting worse every week. Please treat this as high priority. Sharing this from the field.,2025-12-05T10:39:00+00:00,InsightCRM,Customer Support,Call Center,Mumbai,SMB,2,resolved
FB-11840,CU-1507,"For the record, Loved the new InsightCloud dashboard, it is clean and fast. I am following up because there was no response. Thanks.",2026-07-21T22:41:00+00:00,InsightCloud,Product,Internal,Kolkata,SMB,5,open
FB-11841,CU-9698,"To be clear, Is there a sandbox for InsightPay chargebacks? The team mentioned InsightPortal in the weekly review. Thanks.",2026-06-12T04:06:00+00:00,InsightCloud,Engineering,Email,Delhi,Enterprise,3,open
FB-11842,CU-8130,"For the record, Refund was issued quickly and with a clear explanation. Please treat this as high priority. Sharing this from the field.",2026-01-11T13:22:00+00:00,InsightPortal,Sales,Call Center,London,Startup,5,open
FB-11843,CU-3442,"For the record, Payment reconciliation finally works without manual edits. We have seen this twice already. Please advise.",2026-01-06T06:47:00+00:00,InsightPortal,HR,Survey,Bangalore,Startup,5,resolved
FB-11844,CU-6511,"To be clear, Refund for a failed InsightCRM payment is still pending. Please treat this as high priority. Logged by the duty manager.",2025-12-07T10:02:00+00:00,InsightCRM,Product,Survey,Delhi,Partner,2,resolved
FB-11845,CU-6258,Quick update: Security alert fired after suspicious admin logins. Our enterprise account is affected. Looking forward to a fix.,2025-12-12T17:08:00+00:00,InsightPortal,Engineering,Internal,Surat,Internal,2,resolved
FB-11846,CU-3103,Quick update: Security alert fired after suspicious admin logins. Please treat this as high priority. Sharing this from the field.,2025-12-27T11:49:00+00:00,InsightMobile,Engineering,Mobile App,London,Internal,1,open
FB-11847,CU-7257,"For the record, Need access for two additional analysts this week. Our enterprise account is affected.",2026-02-10T09:22:00+00:00,InsightMobile,Sales,Social Media,Hyderabad,Internal,3,in_progress
FB-11848,CU-8387,Billing error created an unauthorized charge on our card. I am following up because there was no response. Logged by the duty manager.,2026-06-28T07:56:00+00:00,InsightAnalytics,HR,Email,Jaipur,Consumer,1,resolved
FB-11849,CU-9892,"For the record, Customer support resolved our incident in twenty minutes. This happened after the latest update. Please advise.",2026-05-03T19:31:00+00:00,InsightSecure,Customer Support,Survey,Dubai,Partner,4,resolved
FB-11850,CU-8476,"For the record, Appreciate the proactive outage communication. The team mentioned InsightChat in the weekly review. Thanks.",2026-05-01T04:31:00+00:00,InsightAnalytics,Operations,Chat,Delhi,Partner,4,open
FB-11851,CU-5748,"Hello team, Where can I find the data retention policy? The issue started last Thursday. Thanks.",2026-02-06T17:02:00+00:00,InsightPortal,Customer Support,Internal,Delhi,Internal,4,open
FB-11852,CU-7307,Quick update: Price increase was communicated poorly and feels unjustified. This is impacting customers in Bangalore. Looking forward to a fix.,2025-12-02T14:01:00+00:00,InsightCRM,Engineering,Chat,Dubai,Startup,2,in_progress
FB-11853,CU-4482,"To be clear, Mobile users report they cannot complete signup on InsightChat. We have seen this twice already. Thanks.",2026-05-15T17:08:00+00:00,InsightCloud,Sales,Chat,Dubai,Partner,2,open
FB-11854,CU-8059,"Hello team, Payment reconciliation finally works without manual edits. This is impacting customers in New York. Sharing this from the field.",2026-07-21T09:46:00+00:00,InsightSecure,Finance,Email,London,Enterprise,4,closed
FB-11855,CU-5540,Documentation update saved our engineering team hours. A workaround exists but it is not acceptable long term. Thanks.,2026-07-23T08:13:00+00:00,InsightSecure,Sales,Mobile App,Surat,Partner,4,resolved
FB-11856,CU-1310,"Hello team, The current plan is acceptable but we will compare alternatives. Please treat this as high priority.",2026-01-30T14:35:00+00:00,InsightCloud,Engineering,Social Media,Kolkata,Internal,3,resolved
FB-11857,CU-5227,"For the record, I am angry that the ticket was closed without a resolution. A workaround exists but it is not acceptable long term. Looking forward to a fix.",2026-02-28T11:47:00+00:00,InsightSecure,Customer Support,Email,Surat,Partner,2,open
FB-11858,CU-9067,Quick update: The onboarding specialist made InsightCloud easy to adopt. This is impacting customers in New York. Please advise.,2026-04-05T12:29:00+00:00,InsightChat,Sales,Internal,Chennai,Startup,5,in_progress
FB-11859,CU-9919,Quick update: Call center agents read from a script and did not understand the issue. The issue started last Thursday. Please advise.,2026-02-27T07:49:00+00:00,InsightPay,Sales,Social Media,Mumbai,Consumer,2,resolved
FB-11860,CU-2741,Quick update: We may add twenty more seats if the trial goes well. I am following up because there was no response. Looking forward to a fix.,2025-12-09T03:04:00+00:00,InsightCloud,Operations,Survey,Bangalore,Partner,3,closed
FB-11861,CU-7299,"Hello team, We cannot login to InsightCRM since the last update. Our enterprise account is affected.",2025-12-04T02:00:00+00:00,InsightChat,Engineering,Social Media,Dubai,Consumer,2,resolved
FB-11862,CU-4787,"For the record, Duplicate invoices were sent to finance after renewal. The team mentioned InsightCRM in the weekly review.",2026-07-29T18:24:00+00:00,InsightPortal,Finance,Chat,Chennai,SMB,2,closed
FB-11863,CU-8189,"Hello team, Documentation update saved our engineering team hours. We have seen this twice already. Looking forward to a fix.",2026-01-14T01:23:00+00:00,InsightChat,Sales,Email,Bangalore,Startup,5,resolved
FB-11864,CU-8643,Quick update: The interface redesign is intuitive and reduced training time. The team mentioned InsightCRM in the weekly review. Looking forward to a fix.,2026-05-24T10:19:00+00:00,InsightCloud,HR,Internal,Delhi,Internal,4,resolved
FB-11865,CU-2029,"Hi, Is there a sandbox for InsightPay chargebacks? I am following up because there was no response. Looking forward to a fix.",2026-04-17T20:43:00+00:00,InsightChat,HR,Website,Singapore,Partner,4,open
FB-11866,CU-1836,"To be clear, The onboarding specialist made InsightSecure easy to adopt. This is impacting customers in Dubai. Please advise.",2026-07-07T13:17:00+00:00,InsightAnalytics,Engineering,Email,Pune,SMB,4,open
FB-11867,CU-5248,"Hi, I am delighted with the quality of the latest InsightChat release. I attached screenshots in the original ticket. Logged by the duty manager.",2026-05-17T23:24:00+00:00,InsightChat,Customer Support,Social Media,Chennai,Internal,5,open
FB-11868,CU-8252,"Hi, Response time from customer support is getting worse every week. The team mentioned InsightAnalytics in the weekly review. Logged by the duty manager.",2026-01-03T08:01:00+00:00,InsightSecure,Customer Support,Internal,Mumbai,Partner,2,resolved
FB-11869,CU-1119,Payment reconciliation finally works without manual edits. The issue started last Thursday. Thanks.,2026-04-21T01:49:00+00:00,InsightPortal,Sales,Survey,Delhi,Partner,5,open
FB-11870,CU-5533,"To be clear, Can you schedule a training session for the operations team? The issue started last Thursday.",2026-03-08T09:47:00+00:00,InsightPay,Finance,Website,Chennai,SMB,3,in_progress
FB-11871,CU-6914,"Hello team, The courier missed the delivery window three times in Hyderabad. This happened after the latest update. Logged by the duty manager.",2025-12-27T01:51:00+00:00,InsightMobile,Operations,Call Center,Dubai,Partner,2,in_progress
FB-11872,CU-4578,"For the record, The onboarding specialist made InsightCRM easy to adopt. This is impacting customers in Bangalore. Looking forward to a fix.",2026-07-10T13:47:00+00:00,InsightPay,Operations,Email,Chennai,SMB,5,resolved
FB-11873,CU-9015,I am delighted with the quality of the latest InsightAnalytics release. I attached screenshots in the original ticket. Logged by the duty manager.,2025-12-14T02:01:00+00:00,InsightMobile,Customer Support,Chat,Ahmedabad,Consumer,5,resolved
FB-11874,CU-1355,"Hi, Duplicate invoices were sent to finance after renewal. This is impacting customers in Kolkata. Sharing this from the field.",2026-05-12T15:12:00+00:00,InsightCRM,Operations,Chat,Surat,Startup,2,open
FB-11875,CU-8656,"Hi, Feature request: webhook retries with exponential backoff. The team mentioned InsightCRM in the weekly review.",2026-05-25T05:26:00+00:00,InsightPay,Operations,Website,New York,Consumer,4,resolved
FB-11876,CU-4578,"For the record, Documentation update saved our engineering team hours. The team mentioned InsightCloud in the weekly review. Sharing this from the field.",2026-05-03T05:15:00+00:00,InsightChat,Customer Support,Mobile App,Mumbai,SMB,5,in_progress
FB-11877,CU-2083,Quick update: Duplicate invoices were sent to finance after renewal. Please treat this as high priority. Looking forward to a fix.,2026-02-24T22:32:00+00:00,InsightPay,Engineering,Website,London,Consumer,1,resolved
FB-11878,CU-4215,Quick update: Delivery was extremely late and customer support did not respond. This happened after the latest update. Sharing this from the field.,2026-05-15T09:28:00+00:00,InsightAnalytics,Operations,Website,Delhi,Startup,2,in_progress
FB-11879,CU-1162,"For the record, Feature request: webhook retries with exponential backoff. I attached screenshots in the original ticket.",2026-01-03T15:11:00+00:00,InsightPay,Customer Support,Call Center,Surat,Consumer,3,in_progress
FB-11880,CU-5377,We may add twenty more seats if the trial goes well. Our enterprise account is affected. Looking forward to a fix.,2026-02-22T23:39:00+00:00,InsightAnalytics,Product,Website,Kolkata,Partner,4,resolved
FB-11881,CU-7935,Need access for two additional analysts this week. The issue started last Thursday. Looking forward to a fix.,2025-12-02T22:52:00+00:00,InsightSecure,Operations,Website,Surat,Internal,3,open
FB-11882,CU-5337,"Hello team, The InsightMobile checkout failed and I was still charged. I am following up because there was no response. Thanks.",2026-07-22T07:22:00+00:00,InsightChat,Product,Website,Delhi,Enterprise,1,in_progress
FB-11883,CU-2530,Quick update: Customer support resolved our incident in twenty minutes. This happened after the latest update. Thanks.,2026-01-07T20:38:00+00:00,InsightSecure,Customer Support,Survey,Ahmedabad,Enterprise,4,open
FB-11884,CU-6678,"Hello team, Call center agents read from a script and did not understand the issue. This happened after the latest update.",2026-06-19T22:02:00+00:00,InsightCRM,Customer Support,Social Media,Kolkata,Startup,1,resolved
FB-11885,CU-9622,"To be clear, Price increase was communicated poorly and feels unjustified. The team mentioned InsightPortal in the weekly review. Sharing this from the field.",2026-07-01T22:21:00+00:00,InsightSecure,Operations,Mobile App,Hyderabad,Enterprise,2,in_progress
FB-11886,CU-8651,"Hi, Chat support was knowledgeable and patient. A workaround exists but it is not acceptable long term. Thanks.",2026-04-09T10:11:00+00:00,InsightSecure,Customer Support,Chat,Singapore,Partner,5,resolved
FB-11887,CU-5969,Customer support resolved our incident in twenty minutes. I am following up because there was no response. Sharing this from the field.,2026-06-05T23:54:00+00:00,InsightSecure,Customer Support,Social Media,New York,Partner,4,in_progress
FB-11888,CU-5182,"For the record, Refund for a failed InsightPay payment is still pending. Our enterprise account is affected.",2025-12-08T16:36:00+00:00,InsightMobile,Finance,Social Media,Pune,Internal,2,open
FB-11889,CU-2015,"Hi, Refund for a failed InsightPay payment is still pending. This is impacting customers in Hyderabad. Sharing this from the field.",2026-07-09T10:32:00+00:00,InsightCloud,HR,Email,London,SMB,2,in_progress
FB-11890,CU-9426,"Hi, Sharing an FYI that finance will review invoices tomorrow. The team mentioned InsightPortal in the weekly review. Please advise.",2026-02-11T22:07:00+00:00,InsightMobile,Operations,Internal,Mumbai,Startup,3,resolved
FB-11891,CU-6087,Quick update: We may add twenty more seats if the trial goes well. The team mentioned InsightPay in the weekly review.,2026-07-17T11:38:00+00:00,InsightAnalytics,Sales,Chat,Chennai,Startup,3,closed
FB-11892,CU-4620,"To be clear, Please confirm whether SSO is enabled for partner accounts. We have seen this twice already. Please advise.",2025-12-31T04:21:00+00:00,InsightSecure,Sales,Survey,Ahmedabad,SMB,4,resolved
FB-11893,CU-2028,"Hello team, Payment reconciliation finally works without manual edits. Our enterprise account is affected. Thanks.",2026-04-03T12:23:00+00:00,InsightCRM,HR,Social Media,Dubai,Startup,5,closed
FB-11894,CU-6508,"Hi, The onboarding specialist made InsightAnalytics easy to adopt. The team mentioned InsightPay in the weekly review. Please advise.",2026-01-31T09:22:00+00:00,InsightSecure,Sales,Survey,Pune,SMB,5,closed
FB-11895,CU-2501,Quick update: Sales team prepared a thoughtful demo for our executives. I attached screenshots in the original ticket. Looking forward to a fix.,2026-06-29T19:22:00+00:00,InsightPay,Customer Support,Website,Kolkata,Consumer,5,resolved
FB-11896,CU-4793,"For the record, Billing error created an unauthorized charge on our card. Please treat this as high priority. Looking forward to a fix.",2025-12-24T20:45:00+00:00,InsightPortal,Sales,Call Center,Pune,Partner,1,in_progress
FB-11897,CU-1547,"To be clear, Duplicate invoices were sent to finance after renewal. Please treat this as high priority. Sharing this from the field.",2026-02-28T20:43:00+00:00,InsightPay,Customer Support,Survey,Hyderabad,Partner,2,open
FB-11898,CU-4557,"Hello team, Support never called back after I reported a critical outage. The issue started last Thursday. Looking forward to a fix.",2026-05-06T22:12:00+00:00,InsightCRM,Customer Support,Chat,Delhi,Consumer,1,in_progress
FB-11899,CU-8369,"Hello team, Delivery was extremely late and customer support did not respond. A workaround exists but it is not acceptable long term. Logged by the duty manager.",2026-05-07T06:33:00+00:00,InsightAnalytics,Operations,Mobile App,Singapore,Consumer,2,resolved
FB-11900,CU-5785,"Hello team, The onboarding specialist made InsightAnalytics easy to adopt. We have seen this twice already. Please advise.",2026-01-17T09:11:00+00:00,InsightChat,Engineering,Internal,Bangalore,SMB,5,resolved
FB-11901,CU-2522,"For the record, Payment reconciliation finally works without manual edits. The team mentioned InsightCRM in the weekly review. Thanks.",2026-03-15T07:28:00+00:00,InsightSecure,Sales,Internal,Chennai,Startup,5,open
FB-11902,CU-6358,"Hi, Payment reconciliation finally works without manual edits. The team mentioned InsightCloud in the weekly review. Looking forward to a fix.",2026-05-07T22:21:00+00:00,InsightCRM,Customer Support,Survey,Singapore,Consumer,5,in_progress
FB-11903,CU-9509,"To be clear, The onboarding specialist made InsightAnalytics easy to adopt. We have seen this twice already.",2026-02-07T18:24:00+00:00,InsightChat,Engineering,Mobile App,Surat,Internal,5,closed
FB-11904,CU-5421,"To be clear, Package for InsightMobile arrived damaged in Delhi. We have seen this twice already. Looking forward to a fix.",2026-01-27T14:13:00+00:00,InsightCRM,Engineering,Website,Pune,Internal,1,resolved
FB-11905,CU-8362,"To be clear, Documentation is outdated and caused a production misconfiguration. A workaround exists but it is not acceptable long term. Thanks.",2026-02-22T18:24:00+00:00,InsightSecure,Finance,Chat,London,Internal,2,closed
FB-11906,CU-7952,"Hi, Is there a sandbox for InsightPay chargebacks? This is impacting customers in Ahmedabad. Please advise.",2026-07-23T12:40:00+00:00,InsightPortal,Finance,Social Media,London,Startup,4,closed
FB-11907,CU-1693,Quick update: Documentation is outdated and caused a production misconfiguration. The team mentioned InsightPay in the weekly review.,2026-01-19T08:51:00+00:00,InsightAnalytics,Operations,Website,Bangalore,SMB,2,open
FB-11908,CU-9645,"Hi, Documentation update saved our engineering team hours. The team mentioned InsightCloud in the weekly review. Thanks.",2025-12-22T20:36:00+00:00,InsightCloud,Sales,Survey,London,Internal,4,open
FB-11909,CU-4044,"To be clear, The latest release introduced a severe performance regression. The issue started last Thursday. Please advise.",2026-05-10T08:12:00+00:00,InsightMobile,HR,Internal,Pune,Consumer,1,resolved
FB-11910,CU-9045,"Hello team, Security alert fired after suspicious admin logins. Our enterprise account is affected. Sharing this from the field.",2025-12-11T23:51:00+00:00,InsightCloud,Engineering,Website,Ahmedabad,Startup,2,open
FB-11911,CU-3952,Quick update: Sales team prepared a thoughtful demo for our executives. The team mentioned InsightAnalytics in the weekly review. Please advise.,2026-02-24T04:30:00+00:00,InsightPay,Finance,Survey,Jaipur,Partner,5,in_progress
FB-11912,CU-4618,"Hi, The current plan is acceptable but we will compare alternatives. I attached screenshots in the original ticket.",2026-06-06T23:46:00+00:00,InsightSecure,Customer Support,Website,Pune,Enterprise,3,open
FB-11913,CU-5643,"Hi, Noting that the internal survey was completed by HR. This is impacting customers in Bangalore. Thanks.",2026-03-25T07:53:00+00:00,InsightMobile,Customer Support,Call Center,Surat,Partner,3,open
FB-11914,CU-6566,Quick update: I am frustrated that the InsightMobile app crashes during payment. This is impacting customers in Hyderabad.,2026-03-13T02:57:00+00:00,InsightChat,Engineering,Website,Pune,SMB,1,open
FB-11915,CU-6145,"For the record, Refund for a failed InsightMobile payment is still pending. The team mentioned InsightMobile in the weekly review. Thanks.",2026-06-10T01:09:00+00:00,InsightPortal,Finance,Mobile App,Ahmedabad,Enterprise,2,closed
FB-11916,CU-4319,Quick update: Documentation is outdated and caused a production misconfiguration. This is impacting customers in Hyderabad.,2026-05-28T16:05:00+00:00,InsightChat,Engineering,Email,Delhi,Startup,1,resolved
FB-11917,CU-8750,"Hi, Response time from customer support is getting worse every week. I attached screenshots in the original ticket. Logged by the duty manager.",2026-08-05T02:55:00+00:00,InsightChat,Customer Support,Website,Chennai,Partner,2,open
FB-11918,CU-2808,Quick update: Support never called back after I reported a critical outage. We have seen this twice already. Logged by the duty manager.,2026-04-15T10:40:00+00:00,InsightSecure,Customer Support,Website,Mumbai,Internal,2,open
FB-11919,CU-5060,"Hi, I am frustrated that the InsightSecure app crashes during payment. Our enterprise account is affected.",2026-01-18T09:25:00+00:00,InsightSecure,Engineering,Call Center,Pune,SMB,1,resolved
FB-11920,CU-5317,"For the record, Security alert fired after suspicious admin logins. Our enterprise account is affected.",2026-07-19T09:07:00+00:00,InsightChat,Engineering,Call Center,Chennai,Consumer,2,open
FB-11921,CU-4476,Customer support resolved our incident in twenty minutes. Our enterprise account is affected. Thanks.,2026-07-12T19:10:00+00:00,InsightCRM,Customer Support,Internal,Surat,Consumer,5,resolved
FB-11922,CU-4915,"To be clear, Can you schedule a training session for the operations team? Please treat this as high priority. Looking forward to a fix.",2026-05-04T03:31:00+00:00,InsightCRM,Finance,Website,Singapore,Internal,3,open
FB-11923,CU-4471,Quick update: The latest release introduced a severe performance regression. I am following up because there was no response. Sharing this from the field.,2026-06-02T20:04:00+00:00,InsightPortal,Sales,Chat,Bangalore,Internal,1,in_progress
FB-11924,CU-6473,"Hi, Appreciate the proactive outage communication. Our enterprise account is affected. Logged by the duty manager.",2026-07-26T11:52:00+00:00,InsightMobile,Finance,Call Center,Dubai,Startup,5,in_progress
FB-11925,CU-3986,"Hi, Chat support was knowledgeable and patient. I attached screenshots in the original ticket. Looking forward to a fix.",2026-04-17T20:20:00+00:00,InsightChat,Customer Support,Internal,Surat,Partner,4,resolved
FB-11926,CU-1052,"To be clear, Delivery was extremely late and customer support did not respond. This is impacting customers in Surat. Looking forward to a fix.",2025-12-31T00:38:00+00:00,InsightCRM,Operations,Mobile App,Jaipur,Startup,2,resolved
FB-11927,CU-9583,"Hello team, Call center agents read from a script and did not understand the issue. The team mentioned InsightPay in the weekly review. Thanks.",2026-05-20T05:33:00+00:00,InsightPay,Product,Internal,Chennai,Consumer,2,resolved
FB-11928,CU-7573,"For the record, Please confirm whether SSO is enabled for partner accounts. I am following up because there was no response. Looking forward to a fix.",2025-12-27T18:21:00+00:00,InsightChat,Finance,Social Media,Pune,Enterprise,3,closed
FB-11929,CU-7035,"To be clear, The interface redesign is intuitive and reduced training time. I attached screenshots in the original ticket. Logged by the duty manager.",2026-01-08T01:22:00+00:00,InsightCloud,Customer Support,Chat,Delhi,Internal,4,resolved
FB-11930,CU-9600,Consider adding a weekly digest for managers. Our enterprise account is affected.,2026-03-19T14:47:00+00:00,InsightAnalytics,HR,Chat,London,Consumer,3,open
FB-11931,CU-6457,Quick update: Sales team prepared a thoughtful demo for our executives. Please treat this as high priority. Please advise.,2026-04-07T14:38:00+00:00,InsightCRM,Product,Social Media,Delhi,Partner,5,open
FB-11932,CU-3016,"Hello team, Refund was issued quickly and with a clear explanation. Please treat this as high priority.",2025-12-16T22:24:00+00:00,InsightAnalytics,Engineering,Email,Pune,Consumer,4,open
FB-11933,CU-6258,Documentation is outdated and caused a production misconfiguration. I attached screenshots in the original ticket. Thanks.,2026-06-14T17:30:00+00:00,InsightCRM,Customer Support,Chat,Kolkata,SMB,1,in_progress
FB-11934,CU-9992,"Hi, The current plan is acceptable but we will compare alternatives. The issue started last Thursday. Thanks.",2025-12-14T04:38:00+00:00,InsightAnalytics,HR,Internal,Bangalore,Consumer,4,in_progress
FB-11935,CU-4621,"For the record, Call center agents read from a script and did not understand the issue. I am following up because there was no response. Please advise.",2026-04-26T05:51:00+00:00,InsightMobile,Operations,Mobile App,Chennai,Internal,1,in_progress
FB-11936,CU-9109,"For the record, We are happy with the reliability of InsightPay this quarter. The issue started last Thursday. Looking forward to a fix.",2025-12-15T10:20:00+00:00,InsightPortal,Finance,Internal,Singapore,Partner,5,open
FB-11937,CU-6413,"For the record, I am frustrated that the InsightMobile app crashes during payment. Our enterprise account is affected. Please advise.",2026-04-08T22:04:00+00:00,InsightCloud,Engineering,Internal,Hyderabad,Enterprise,1,resolved
FB-11938,CU-4054,Mobile users report they cannot complete signup on InsightMobile. I am following up because there was no response. Logged by the duty manager.,2026-05-29T11:28:00+00:00,InsightSecure,Engineering,Social Media,Delhi,SMB,2,in_progress
FB-11939,CU-2739,Documentation update saved our engineering team hours. A workaround exists but it is not acceptable long term. Looking forward to a fix.,2026-06-17T18:41:00+00:00,InsightAnalytics,Product,Website,Singapore,Internal,5,open
FB-11940,CU-9940,"Hi, Security alert fired after suspicious admin logins. I am following up because there was no response. Sharing this from the field.",2025-12-28T16:51:00+00:00,InsightCloud,Engineering,Chat,Jaipur,Partner,1,resolved
FB-11941,CU-4090,"To be clear, Package for InsightCRM arrived damaged in Hyderabad. The team mentioned InsightSecure in the weekly review. Please advise.",2025-12-26T02:20:00+00:00,InsightPortal,Customer Support,Social Media,Chennai,Startup,1,in_progress
FB-11942,CU-4776,"Hi, Chat support was knowledgeable and patient. We have seen this twice already. Please advise.",2026-01-11T00:58:00+00:00,InsightMobile,Customer Support,Survey,New York,Startup,5,resolved
FB-11943,CU-2016,Quick update: Appreciate the proactive outage communication. The issue started last Thursday.,2026-02-14T07:17:00+00:00,InsightChat,Engineering,Survey,Dubai,Startup,5,in_progress
FB-11944,CU-2399,Quick update: The InsightChat checkout failed and I was still charged. The issue started last Thursday. Sharing this from the field.,2026-01-18T10:08:00+00:00,InsightCloud,Product,Email,Ahmedabad,SMB,2,open
FB-11945,CU-2996,I am delighted with the quality of the latest InsightSecure release. Please treat this as high priority. Sharing this from the field.,2026-05-20T02:33:00+00:00,InsightSecure,Product,Call Center,Delhi,Internal,5,open
FB-11946,CU-7114,Appreciate the proactive outage communication. A workaround exists but it is not acceptable long term. Please advise.,2026-04-21T03:28:00+00:00,InsightCloud,Finance,Internal,Kolkata,SMB,5,in_progress
FB-11947,CU-2849,"To be clear, Delivery to Jaipur was earlier than the estimated date. We have seen this twice already.",2026-05-16T09:10:00+00:00,InsightAnalytics,Operations,Social Media,Surat,Startup,5,open
FB-11948,CU-3658,Price increase was communicated poorly and feels unjustified. This is impacting customers in Jaipur. Please advise.,2026-01-09T00:57:00+00:00,InsightCloud,HR,Website,Surat,Consumer,2,open
FB-11949,CU-9887,"To be clear, The InsightAnalytics checkout failed and I was still charged. Our enterprise account is affected. Sharing this from the field.",2026-03-04T19:19:00+00:00,InsightCloud,Finance,Email,Chennai,SMB,2,closed
FB-11950,CU-2862,"Hi, The onboarding specialist made InsightChat easy to adopt. I attached screenshots in the original ticket. Please advise.",2026-01-01T10:12:00+00:00,InsightMobile,Customer Support,Website,Surat,Enterprise,5,open
FB-11951,CU-3054,"To be clear, We are happy with the reliability of InsightMobile this quarter. Please treat this as high priority. Thanks.",2026-04-19T08:59:00+00:00,InsightPay,Finance,Email,New York,Internal,4,closed
FB-11952,CU-7945,"Hello team, Documentation update saved our engineering team hours. Please treat this as high priority.",2026-07-28T08:10:00+00:00,InsightCRM,Sales,Internal,Singapore,Enterprise,4,resolved
FB-11953,CU-7473,"For the record, Loved the new InsightAnalytics dashboard, it is clean and fast. We have seen this twice already. Logged by the duty manager.",2026-04-06T20:45:00+00:00,InsightChat,Finance,Internal,Bangalore,Enterprise,5,closed
FB-11954,CU-4582,Quick update: We are happy with the reliability of InsightPortal this quarter. We have seen this twice already. Logged by the duty manager.,2026-07-04T22:03:00+00:00,InsightPay,Operations,Website,Singapore,Startup,5,resolved
FB-11955,CU-9713,"Hello team, Duplicate invoices were sent to finance after renewal. Our enterprise account is affected. Please advise.",2026-02-27T09:56:00+00:00,InsightCloud,Engineering,Call Center,Jaipur,SMB,2,in_progress
FB-11956,CU-4140,"Hello team, The current plan is acceptable but we will compare alternatives. A workaround exists but it is not acceptable long term. Thanks.",2026-06-25T17:10:00+00:00,InsightCRM,Engineering,Email,Singapore,Consumer,4,in_progress
FB-11957,CU-4854,"For the record, Loved the new InsightPortal dashboard, it is clean and fast. This happened after the latest update. Thanks.",2026-01-29T02:33:00+00:00,InsightSecure,Sales,Mobile App,Dubai,Enterprise,5,resolved
FB-11958,CU-1054,"Hello team, Refund was issued quickly and with a clear explanation. Please treat this as high priority. Please advise.",2025-12-15T11:00:00+00:00,InsightPortal,HR,Internal,Chennai,Startup,5,open
FB-11959,CU-9959,"Hi, We are happy with the reliability of InsightAnalytics this quarter. Our enterprise account is affected. Looking forward to a fix.",2026-05-30T13:08:00+00:00,InsightCloud,Operations,Website,Singapore,Startup,5,closed
FB-11960,CU-4095,"For the record, Duplicate invoices were sent to finance after renewal. Our enterprise account is affected. Thanks.",2026-02-24T10:06:00+00:00,InsightCRM,HR,Website,New York,Startup,2,resolved
FB-11961,CU-4774,"For the record, Support never called back after I reported a critical outage. I attached screenshots in the original ticket.",2026-04-07T09:21:00+00:00,InsightCloud,Customer Support,Chat,Delhi,Consumer,2,resolved
FB-11962,CU-8976,Quick update: The InsightSecure rollout is scheduled for next Monday in New York. This happened after the latest update. Thanks.,2026-01-30T08:08:00+00:00,InsightChat,HR,Internal,Dubai,Enterprise,3,closed
FB-11963,CU-6033,"To be clear, We cannot login to InsightCRM since the last update. A workaround exists but it is not acceptable long term.",2026-06-27T19:41:00+00:00,InsightCRM,Engineering,Internal,New York,Internal,2,resolved
FB-11964,CU-4372,"Hi, Package for InsightCloud arrived damaged in Surat. We have seen this twice already. Sharing this from the field.",2026-07-17T06:04:00+00:00,InsightCloud,Product,Call Center,Surat,Enterprise,2,closed
FB-11965,CU-7840,"To be clear, Delivery to Ahmedabad was earlier than the estimated date. This is impacting customers in Singapore. Please advise.",2026-01-30T17:06:00+00:00,InsightPay,Operations,Social Media,Kolkata,Startup,5,resolved
FB-11966,CU-5289,We are happy with the reliability of InsightPay this quarter. Please treat this as high priority. Logged by the duty manager.,2025-12-23T14:02:00+00:00,InsightMobile,Sales,Chat,Surat,Consumer,5,resolved
FB-11967,CU-6101,"To be clear, I am delighted with the quality of the latest InsightCRM release. Please treat this as high priority. Sharing this from the field.",2026-05-20T04:01:00+00:00,InsightAnalytics,Operations,Internal,Bangalore,SMB,5,resolved
FB-11968,CU-4264,Package for InsightCloud arrived damaged in Ahmedabad. This is impacting customers in Surat.,2025-12-17T00:40:00+00:00,InsightAnalytics,Customer Support,Mobile App,Delhi,Startup,1,open
FB-11969,CU-8606,"Hello team, Feature request: webhook retries with exponential backoff. This happened after the latest update. Logged by the duty manager.",2026-01-29T19:22:00+00:00,InsightChat,HR,Email,London,Enterprise,3,in_progress
FB-11970,CU-2252,Quick update: Please confirm whether SSO is enabled for partner accounts. A workaround exists but it is not acceptable long term. Looking forward to a fix.,2026-07-10T02:13:00+00:00,InsightPortal,Engineering,Email,Singapore,SMB,3,resolved
FB-11971,CU-6596,"Hi, Search is too slow to be usable during business hours. The team mentioned InsightMobile in the weekly review. Sharing this from the field.",2026-02-09T11:07:00+00:00,InsightAnalytics,Product,Chat,Kolkata,Enterprise,1,resolved
FB-11972,CU-8937,"To be clear, Is there a sandbox for InsightPay chargebacks? Please treat this as high priority. Logged by the duty manager.",2026-05-23T01:15:00+00:00,InsightCloud,Product,Survey,Kolkata,Startup,3,resolved
FB-11973,CU-2329,"Hi, Please confirm whether SSO is enabled for partner accounts. This is impacting customers in Ahmedabad. Please advise.",2026-06-15T07:37:00+00:00,InsightMobile,Engineering,Survey,Bangalore,Enterprise,4,closed
FB-11974,CU-1903,"For the record, Refund for a failed InsightChat payment is still pending. This happened after the latest update. Looking forward to a fix.",2026-01-20T14:35:00+00:00,InsightAnalytics,Operations,Survey,Hyderabad,Internal,2,resolved
FB-11975,CU-9246,InsightSecure audit logs are exactly what compliance needed. I attached screenshots in the original ticket. Looking forward to a fix.,2026-05-23T13:29:00+00:00,InsightPortal,Customer Support,Email,London,Internal,5,closed
FB-11976,CU-2114,"Hello team, Support never called back after I reported a critical outage. This happened after the latest update. Logged by the duty manager.",2025-12-06T19:19:00+00:00,InsightPortal,Customer Support,Mobile App,Singapore,SMB,2,open
FB-11977,CU-7855,Mobile users report they cannot complete signup on InsightSecure. The team mentioned InsightPay in the weekly review.,2026-03-20T13:30:00+00:00,InsightCloud,Sales,Social Media,Bangalore,SMB,2,closed
FB-11978,CU-9226,"Hi, Authentication failures are blocking our entire sales team. The team mentioned InsightPay in the weekly review. Sharing this from the field.",2025-12-22T03:51:00+00:00,InsightPay,Customer Support,Internal,Chennai,Enterprise,2,open
FB-11979,CU-9685,Mobile users report they cannot complete signup on InsightPay. Our enterprise account is affected. Looking forward to a fix.,2026-07-04T12:42:00+00:00,InsightChat,HR,Internal,London,Startup,2,resolved
FB-11980,CU-7618,"Hello team, The InsightCRM rollout is scheduled for next Monday in London. This happened after the latest update. Sharing this from the field.",2026-05-09T19:56:00+00:00,InsightMobile,Product,Email,Bangalore,Consumer,3,open
FB-11981,CU-7208,"To be clear, Please confirm whether SSO is enabled for partner accounts. The issue started last Thursday. Looking forward to a fix.",2026-02-02T02:52:00+00:00,InsightAnalytics,Product,Survey,Surat,Partner,3,resolved
FB-11982,CU-7247,"Hello team, The latest release introduced a severe performance regression. The team mentioned InsightPay in the weekly review. Please advise.",2026-01-20T23:53:00+00:00,InsightMobile,Product,Internal,Bangalore,Enterprise,2,closed
FB-11983,CU-2789,The current plan is acceptable but we will compare alternatives. This is impacting customers in Hyderabad. Logged by the duty manager.,2026-01-01T02:52:00+00:00,InsightSecure,Product,Mobile App,Surat,Partner,3,resolved
FB-11984,CU-3106,Consider adding a weekly digest for managers. This is impacting customers in Chennai. Thanks.,2026-04-29T06:03:00+00:00,InsightPay,Product,Email,Surat,Internal,3,open
FB-11985,CU-7706,"Hello team, Documentation is outdated and caused a production misconfiguration. The issue started last Thursday. Sharing this from the field.",2026-02-19T13:07:00+00:00,InsightCloud,HR,Mobile App,London,Startup,1,resolved
FB-11986,CU-3526,"For the record, Appreciate the proactive outage communication. We have seen this twice already.",2026-02-19T06:28:00+00:00,InsightSecure,Sales,Chat,Kolkata,SMB,5,resolved
FB-11987,CU-6698,"Hello team, Loved the new InsightCloud dashboard, it is clean and fast. I am following up because there was no response. Thanks.",2026-04-22T11:37:00+00:00,InsightCRM,HR,Website,New York,SMB,4,closed
FB-11988,CU-8390,Consider adding a weekly digest for managers. We have seen this twice already. Looking forward to a fix.,2026-06-02T21:32:00+00:00,InsightCloud,Sales,Call Center,Hyderabad,Startup,3,resolved
FB-11989,CU-7398,"For the record, Noting that the internal survey was completed by HR. We have seen this twice already. Looking forward to a fix.",2026-02-03T09:49:00+00:00,InsightAnalytics,Sales,Social Media,Singapore,Partner,3,open
FB-11990,CU-8495,"To be clear, Authentication failures are blocking our entire sales team. This is impacting customers in Pune. Sharing this from the field.",2026-02-15T17:27:00+00:00,InsightMobile,Finance,Survey,Singapore,Startup,2,resolved
FB-11991,CU-5164,"Hi, Refund was issued quickly and with a clear explanation. A workaround exists but it is not acceptable long term. Logged by the duty manager.",2025-12-26T04:07:00+00:00,InsightPay,HR,Website,Chennai,SMB,5,resolved
FB-11992,CU-1509,Quick update: The latest release introduced a severe performance regression. This is impacting customers in Surat.,2026-01-06T20:47:00+00:00,InsightAnalytics,Engineering,Internal,Jaipur,SMB,1,in_progress
FB-11993,CU-5868,Quick update: Support never called back after I reported a critical outage. The issue started last Thursday.,2025-12-16T20:52:00+00:00,InsightCRM,Customer Support,Call Center,London,Internal,2,in_progress
FB-11994,CU-5301,"For the record, Sharing an FYI that finance will review invoices tomorrow. The team mentioned InsightSecure in the weekly review. Thanks.",2026-05-01T08:36:00+00:00,InsightChat,Finance,Survey,Singapore,Startup,3,resolved
FB-11995,CU-3354,Quick update: Can you schedule a training session for the operations team? The team mentioned InsightCloud in the weekly review. Logged by the duty manager.,2026-04-06T22:55:00+00:00,InsightAnalytics,Finance,Internal,New York,Enterprise,4,in_progress
FB-11996,CU-5433,"Hello team, Package for InsightAnalytics arrived damaged in Ahmedabad. We have seen this twice already. Looking forward to a fix.",2026-03-10T03:29:00+00:00,InsightChat,HR,Website,Singapore,Internal,2,open
FB-11997,CU-3225,"Hello team, I am angry that the ticket was closed without a resolution. I attached screenshots in the original ticket. Sharing this from the field.",2025-12-21T03:01:00+00:00,InsightSecure,Customer Support,Email,Kolkata,Internal,2,resolved
FB-11998,CU-4379,"To be clear, Authentication failures are blocking our entire sales team. I attached screenshots in the original ticket. Logged by the duty manager.",2026-04-05T15:50:00+00:00,InsightAnalytics,Customer Support,Call Center,Hyderabad,Internal,2,open
FB-11999,CU-1672,"Hello team, We may add twenty more seats if the trial goes well. We have seen this twice already. Sharing this from the field.",2026-01-17T02:52:00+00:00,InsightSecure,Customer Support,Website,Mumbai,Consumer,4,open
FB-12000,CU-6917,"To be clear, Delivery to Bangalore was earlier than the estimated date. The issue started last Thursday. Looking forward to a fix.",2026-08-06T10:13:00+00:00,InsightPortal,Operations,Survey,Chennai,SMB,5,open
FB-12001,CU-4433,"To be clear, We cannot login to InsightPay since the last update. I am following up because there was no response. Looking forward to a fix.",2026-06-26T18:23:00+00:00,InsightPay,Engineering,Call Center,Chennai,Consumer,2,resolved
FB-12002,CU-7113,Please confirm whether SSO is enabled for partner accounts. The team mentioned InsightCRM in the weekly review. Logged by the duty manager.,2025-12-14T05:43:00+00:00,InsightPortal,Finance,Website,Kolkata,SMB,4,in_progress
FB-12003,CU-5575,"To be clear, Loved the new InsightPay dashboard, it is clean and fast. We have seen this twice already. Logged by the duty manager.",2026-07-12T05:48:00+00:00,InsightCloud,Sales,Survey,Mumbai,SMB,5,in_progress
FB-12004,CU-8540,"Hello team, Great improvement in mobile performance this month. This happened after the latest update.",2026-04-12T23:29:00+00:00,InsightSecure,Customer Support,Survey,Chennai,Partner,5,open
FB-12005,CU-1393,"Hi, Delivery was extremely late and customer support did not respond. This is impacting customers in Jaipur.",2026-01-13T23:17:00+00:00,InsightCloud,Operations,Website,Chennai,Partner,1,resolved
FB-12006,CU-6492,"For the record, The interface redesign is intuitive and reduced training time. The team mentioned InsightSecure in the weekly review. Sharing this from the field.",2026-02-25T18:48:00+00:00,InsightCloud,Product,Website,Bangalore,Partner,5,resolved
FB-12007,CU-3200,Quick update: We are happy with the reliability of InsightCRM this quarter. This is impacting customers in London. Thanks.,2026-03-20T10:06:00+00:00,InsightCloud,Product,Website,Bangalore,SMB,5,resolved
FB-12008,CU-5694,Refund for a failed InsightPay payment is still pending. Our enterprise account is affected. Looking forward to a fix.,2026-01-19T09:38:00+00:00,InsightCRM,HR,Mobile App,Pune,Internal,2,resolved
FB-12009,CU-2409,"To be clear, The courier missed the delivery window three times in Chennai. A workaround exists but it is not acceptable long term. Logged by the duty manager.",2026-02-19T14:17:00+00:00,InsightCloud,Operations,Website,Pune,Internal,2,resolved
FB-12010,CU-8446,Quick update: The interface redesign is intuitive and reduced training time. Our enterprise account is affected. Sharing this from the field.,2026-03-26T17:39:00+00:00,InsightSecure,Operations,Internal,Ahmedabad,Enterprise,4,closed
FB-12011,CU-8215,"For the record, Billing error created an unauthorized charge on our card. Our enterprise account is affected. Sharing this from the field.",2026-02-02T14:34:00+00:00,InsightPay,Product,Website,Bangalore,Enterprise,2,in_progress
FB-12012,CU-4613,Quick update: Documentation update saved our engineering team hours. A workaround exists but it is not acceptable long term. Sharing this from the field.,2026-07-20T18:08:00+00:00,InsightPay,HR,Email,Chennai,SMB,4,closed
FB-12013,CU-2886,Please confirm whether SSO is enabled for partner accounts. This is impacting customers in Mumbai. Thanks.,2026-04-21T10:29:00+00:00,InsightSecure,HR,Survey,Delhi,SMB,3,resolved
FB-12014,CU-4312,"Hi, I am angry that the ticket was closed without a resolution. This happened after the latest update. Looking forward to a fix.",2026-05-17T19:02:00+00:00,InsightCRM,Customer Support,Social Media,Surat,SMB,2,resolved
FB-12015,CU-1452,"For the record, The interface redesign is intuitive and reduced training time. I am following up because there was no response. Sharing this from the field.",2026-05-04T14:55:00+00:00,InsightPortal,HR,Internal,Singapore,Enterprise,5,in_progress
FB-12016,CU-5648,Quick update: The courier missed the delivery window three times in Surat. Our enterprise account is affected.,2026-05-01T02:46:00+00:00,InsightPortal,Operations,Call Center,Pune,Partner,2,in_progress
FB-12017,CU-6325,"Hello team, The interface redesign is intuitive and reduced training time. A workaround exists but it is not acceptable long term.",2026-04-05T09:53:00+00:00,InsightPay,Finance,Social Media,Hyderabad,Partner,5,in_progress
FB-12018,CU-2783,Package for InsightAnalytics arrived damaged in Singapore. A workaround exists but it is not acceptable long term. Please advise.,2026-03-03T07:40:00+00:00,InsightCloud,Product,Internal,Mumbai,Consumer,2,open
FB-12019,CU-1390,"For the record, Search is too slow to be usable during business hours. We have seen this twice already. Thanks.",2026-07-18T05:07:00+00:00,InsightSecure,Sales,Website,Chennai,Internal,2,resolved
FB-12020,CU-8612,"Hi, Package for InsightPay arrived damaged in Bangalore. Our enterprise account is affected. Looking forward to a fix.",2026-03-04T21:17:00+00:00,InsightCloud,Finance,Chat,Pune,Enterprise,1,open
FB-12021,CU-7545,"For the record, Refund was issued quickly and with a clear explanation. Please treat this as high priority. Logged by the duty manager.",2026-05-17T12:31:00+00:00,InsightPortal,HR,Survey,Dubai,Consumer,5,resolved
FB-12022,CU-8139,"Hi, Chat support was knowledgeable and patient. This is impacting customers in Kolkata. Thanks.",2026-06-07T10:54:00+00:00,InsightMobile,Customer Support,Social Media,Hyderabad,Startup,4,closed
FB-12023,CU-5519,"Hello team, The latest release introduced a severe performance regression. I am following up because there was no response. Sharing this from the field.",2026-01-06T14:23:00+00:00,InsightAnalytics,Finance,Email,Mumbai,Enterprise,2,in_progress
FB-12024,CU-5515,"Hello team, Sales team prepared a thoughtful demo for our executives. This happened after the latest update. Sharing this from the field.",2026-01-29T20:33:00+00:00,InsightChat,HR,Website,Ahmedabad,Consumer,5,resolved
FB-12025,CU-4916,"Hello team, Documentation is outdated and caused a production misconfiguration. I am following up because there was no response.",2026-01-19T02:34:00+00:00,InsightCRM,Sales,Call Center,Dubai,Enterprise,1,closed
FB-12026,CU-5743,"Hi, Support never called back after I reported a critical outage. This happened after the latest update. Sharing this from the field.",2026-04-13T15:20:00+00:00,InsightSecure,Customer Support,Survey,Mumbai,Partner,2,in_progress
FB-12027,CU-9949,"Hi, The courier missed the delivery window three times in Pune. I am following up because there was no response. Looking forward to a fix.",2026-02-20T02:59:00+00:00,InsightPortal,Operations,Call Center,London,Partner,1,in_progress
FB-12028,CU-9801,"To be clear, Consider adding a weekly digest for managers. I attached screenshots in the original ticket. Looking forward to a fix.",2026-06-25T17:45:00+00:00,InsightSecure,Customer Support,Chat,London,Startup,4,open
FB-12029,CU-7956,We are happy with the reliability of InsightMobile this quarter. This is impacting customers in New York. Sharing this from the field.,2025-12-29T23:27:00+00:00,InsightMobile,Product,Social Media,London,Consumer,5,in_progress
FB-12030,CU-8887,Quick update: Where can I find the data retention policy? A workaround exists but it is not acceptable long term. Sharing this from the field.,2026-08-05T18:29:00+00:00,InsightCRM,Engineering,Website,Surat,Enterprise,3,open
FB-12031,CU-9847,"To be clear, Is there a sandbox for InsightPay chargebacks? Please treat this as high priority. Please advise.",2026-07-10T04:53:00+00:00,InsightPay,Operations,Internal,Mumbai,Enterprise,4,closed
FB-12032,CU-1584,"For the record, The latest release introduced a severe performance regression. This happened after the latest update. Looking forward to a fix.",2026-02-08T13:44:00+00:00,InsightMobile,Operations,Mobile App,Pune,Startup,2,in_progress
FB-12033,CU-9822,"Hello team, Response time from customer support is getting worse every week. I attached screenshots in the original ticket. Please advise.",2026-03-09T04:20:00+00:00,InsightCRM,Customer Support,Mobile App,Bangalore,Enterprise,1,open
FB-12034,CU-6677,"For the record, Great improvement in mobile performance this month. I am following up because there was no response. Please advise.",2026-07-15T09:33:00+00:00,InsightAnalytics,Operations,Website,Chennai,Startup,4,open
FB-12035,CU-5420,Need access for two additional analysts this week. The issue started last Thursday. Sharing this from the field.,2026-06-21T14:01:00+00:00,InsightMobile,Product,Website,Bangalore,SMB,4,open
FB-12036,CU-4614,"For the record, The InsightPortal rollout is scheduled for next Monday in Chennai. Please treat this as high priority. Please advise.",2026-07-29T04:48:00+00:00,InsightPortal,Engineering,Internal,Pune,Startup,4,open
FB-12037,CU-3944,"Hello team, Customer support resolved our incident in twenty minutes. The team mentioned InsightSecure in the weekly review. Please advise.",2026-07-26T03:18:00+00:00,InsightPortal,Customer Support,Chat,Pune,Consumer,5,open
FB-12038,CU-2609,"Hi, We may add twenty more seats if the trial goes well. I am following up because there was no response. Thanks.",2026-07-02T04:04:00+00:00,InsightSecure,Customer Support,Call Center,Bangalore,SMB,4,resolved
FB-12039,CU-3156,"Hello team, Documentation update saved our engineering team hours. I am following up because there was no response. Please advise.",2026-01-25T22:56:00+00:00,InsightCloud,HR,Website,Delhi,Consumer,5,closed
FB-12040,CU-2467,"For the record, Customer support resolved our incident in twenty minutes. I attached screenshots in the original ticket. Please advise.",2026-07-24T02:18:00+00:00,InsightMobile,Customer Support,Chat,London,SMB,5,closed
FB-12041,CU-5112,"For the record, I am angry that the ticket was closed without a resolution. Please treat this as high priority. Please advise.",2026-02-03T06:25:00+00:00,InsightAnalytics,Customer Support,Call Center,Dubai,SMB,2,resolved
FB-12042,CU-8232,"Hello team, InsightSecure audit logs are exactly what compliance needed. Please treat this as high priority. Logged by the duty manager.",2025-12-15T14:40:00+00:00,InsightMobile,Operations,Chat,New York,Partner,5,open
FB-12043,CU-1647,"Hi, Price increase was communicated poorly and feels unjustified. A workaround exists but it is not acceptable long term. Logged by the duty manager.",2026-05-04T06:12:00+00:00,InsightSecure,Operations,Website,Ahmedabad,Partner,1,open
FB-12044,CU-7769,"For the record, Documentation is outdated and caused a production misconfiguration. We have seen this twice already. Looking forward to a fix.",2026-07-15T10:18:00+00:00,InsightChat,Product,Mobile App,Chennai,SMB,2,in_progress
FB-12045,CU-7768,Quick update: Mobile users report they cannot complete signup on InsightPay. Our enterprise account is affected. Logged by the duty manager.,2026-06-01T09:52:00+00:00,InsightChat,Product,Social Media,Dubai,Enterprise,1,open
FB-12046,CU-7334,Quick update: Need access for two additional analysts this week. Please treat this as high priority. Thanks.,2026-03-04T03:50:00+00:00,InsightPortal,Engineering,Survey,New York,Partner,3,open
FB-12047,CU-5457,"Hello team, Great improvement in mobile performance this month. This happened after the latest update. Looking forward to a fix.",2026-01-16T18:53:00+00:00,InsightChat,Finance,Social Media,London,SMB,5,open
FB-12048,CU-3137,"Hi, Delivery to Hyderabad was earlier than the estimated date. Please treat this as high priority. Looking forward to a fix.",2026-07-03T23:12:00+00:00,InsightPortal,Operations,Call Center,Chennai,Consumer,5,in_progress
FB-12049,CU-3931,"Hello team, Authentication failures are blocking our entire sales team. Our enterprise account is affected. Sharing this from the field.",2025-12-20T07:50:00+00:00,InsightPortal,Operations,Email,Surat,Enterprise,2,resolved
FB-12050,CU-7457,"To be clear, Package for InsightAnalytics arrived damaged in London. The issue started last Thursday. Logged by the duty manager.",2026-06-02T21:42:00+00:00,InsightAnalytics,Sales,Email,Kolkata,Startup,1,open
FB-12051,CU-1393,Quick update: Consider adding a weekly digest for managers. I am following up because there was no response. Sharing this from the field.,2026-02-14T15:25:00+00:00,InsightPortal,Finance,Website,Chennai,Partner,4,open
FB-12052,CU-9487,"To be clear, Documentation is outdated and caused a production misconfiguration. I am following up because there was no response. Thanks.",2026-05-24T18:40:00+00:00,InsightAnalytics,Operations,Chat,Kolkata,SMB,1,resolved
FB-12053,CU-7231,"Hello team, Noting that the internal survey was completed by HR. I attached screenshots in the original ticket. Please advise.",2026-04-26T15:50:00+00:00,InsightMobile,Customer Support,Email,Delhi,SMB,3,open
FB-12054,CU-3897,"For the record, How do I export department analytics for last quarter? Our enterprise account is affected. Sharing this from the field.",2026-08-04T01:46:00+00:00,InsightAnalytics,Engineering,Call Center,Singapore,Internal,3,resolved
FB-12055,CU-9408,"Hi, The courier missed the delivery window three times in Pune. This is impacting customers in Ahmedabad.",2026-06-09T12:05:00+00:00,InsightPay,Operations,Chat,Mumbai,Partner,2,resolved
FB-12056,CU-9521,"To be clear, Appreciate the proactive outage communication. We have seen this twice already. Please advise.",2026-07-28T20:43:00+00:00,InsightSecure,Customer Support,Chat,Jaipur,Internal,4,open
FB-12057,CU-4123,"For the record, We may add twenty more seats if the trial goes well. This happened after the latest update. Thanks.",2026-04-19T00:07:00+00:00,InsightChat,Sales,Social Media,Chennai,Consumer,4,in_progress
FB-12058,CU-7316,"To be clear, Consider adding a weekly digest for managers. The team mentioned InsightCRM in the weekly review. Sharing this from the field.",2026-07-13T05:10:00+00:00,InsightPay,Customer Support,Call Center,Surat,Partner,3,resolved
FB-12059,CU-2090,"Hello team, Delivery was extremely late and customer support did not respond. I am following up because there was no response. Thanks.",2026-06-27T12:40:00+00:00,InsightCRM,Operations,Social Media,Singapore,Enterprise,1,in_progress
FB-12060,CU-1297,"To be clear, We cannot login to InsightPortal since the last update. We have seen this twice already. Sharing this from the field.",2025-12-09T03:11:00+00:00,InsightSecure,Engineering,Call Center,Surat,Internal,1,resolved
FB-12061,CU-6615,Great improvement in mobile performance this month. This happened after the latest update. Logged by the duty manager.,2026-05-13T23:05:00+00:00,InsightPortal,Engineering,Call Center,Dubai,SMB,4,closed
FB-12062,CU-8621,"Hi, Average experience so far, we are still evaluating InsightCRM. The issue started last Thursday.",2026-04-06T09:27:00+00:00,InsightCloud,Customer Support,Website,New York,Internal,3,in_progress
FB-12063,CU-9934,"Hi, Security alert fired after suspicious admin logins. We have seen this twice already.",2026-05-18T23:46:00+00:00,InsightPay,Engineering,Call Center,Bangalore,Internal,1,resolved
FB-12064,CU-2246,"For the record, Delivery to Mumbai was earlier than the estimated date. Please treat this as high priority.",2026-07-11T22:13:00+00:00,InsightMobile,Operations,Call Center,Mumbai,Internal,4,resolved
FB-12065,CU-5753,Mobile users report they cannot complete signup on InsightChat. I attached screenshots in the original ticket. Thanks.,2025-12-26T13:29:00+00:00,InsightSecure,Customer Support,Email,Kolkata,Internal,1,open
FB-12066,CU-3223,"To be clear, Feature request: webhook retries with exponential backoff. Please treat this as high priority.",2026-06-22T23:34:00+00:00,InsightChat,Finance,Website,Mumbai,Startup,3,open
FB-12067,CU-6537,"Hello team, I am angry that the ticket was closed without a resolution. We have seen this twice already.",2026-05-07T18:19:00+00:00,InsightCloud,Customer Support,Call Center,London,Enterprise,1,open
FB-12068,CU-9644,Great improvement in mobile performance this month. I am following up because there was no response.,2026-03-25T10:50:00+00:00,InsightSecure,Customer Support,Social Media,Kolkata,Startup,5,open
FB-12069,CU-8364,"Hi, Security alert fired after suspicious admin logins. The issue started last Thursday. Looking forward to a fix.",2025-12-13T23:00:00+00:00,InsightCRM,Engineering,Chat,Bangalore,Internal,2,open
FB-12070,CU-3253,Quick update: Price increase was communicated poorly and feels unjustified. I attached screenshots in the original ticket. Thanks.,2026-05-14T19:28:00+00:00,InsightCRM,Customer Support,Email,Jaipur,Enterprise,2,open
FB-12071,CU-7280,We are happy with the reliability of InsightCRM this quarter. This happened after the latest update. Thanks.,2025-12-08T13:57:00+00:00,InsightCRM,HR,Website,Surat,Partner,4,in_progress
FB-12072,CU-2272,We cannot login to InsightAnalytics since the last update. This is impacting customers in Surat. Logged by the duty manager.,2026-07-01T08:54:00+00:00,InsightPortal,Engineering,Mobile App,Chennai,Enterprise,2,resolved
FB-12073,CU-5878,"For the record, The latest release introduced a severe performance regression. This is impacting customers in Delhi. Logged by the duty manager.",2026-07-01T01:28:00+00:00,InsightPay,Product,Mobile App,Delhi,Partner,2,closed
FB-12074,CU-6543,"Hi, Refund was issued quickly and with a clear explanation. Please treat this as high priority. Logged by the duty manager.",2026-03-13T14:28:00+00:00,InsightChat,Customer Support,Email,Bangalore,Partner,5,in_progress
FB-12075,CU-3499,Quick update: Security alert fired after suspicious admin logins. We have seen this twice already. Please advise.,2026-07-11T14:48:00+00:00,InsightPay,Engineering,Call Center,Kolkata,Enterprise,2,open
FB-12076,CU-3991,Quick update: We may add twenty more seats if the trial goes well. A workaround exists but it is not acceptable long term. Logged by the duty manager.,2026-06-05T04:03:00+00:00,InsightSecure,Finance,Social Media,Kolkata,Partner,3,in_progress
FB-12077,CU-5176,"To be clear, Can you schedule a training session for the operations team? The team mentioned InsightMobile in the weekly review. Thanks.",2026-02-25T22:30:00+00:00,InsightPay,Operations,Website,Dubai,Partner,4,open
FB-12078,CU-4809,Quick update: The interface redesign is intuitive and reduced training time. I am following up because there was no response. Please advise.,2026-01-04T21:29:00+00:00,InsightCRM,Sales,Survey,New York,Consumer,5,resolved
FB-12079,CU-4844,Quick update: Response time from customer support is getting worse every week. A workaround exists but it is not acceptable long term. Looking forward to a fix.,2026-02-02T10:55:00+00:00,InsightCRM,Customer Support,Social Media,Ahmedabad,Consumer,2,resolved
FB-12080,CU-6625,Support never called back after I reported a critical outage. The issue started last Thursday.,2025-12-24T11:25:00+00:00,InsightCRM,Customer Support,Email,Dubai,Consumer,1,open
FB-12081,CU-6021,Quick update: Price increase was communicated poorly and feels unjustified. The issue started last Thursday.,2026-03-04T11:51:00+00:00,InsightCloud,Finance,Call Center,Bangalore,Startup,2,closed
FB-12082,CU-5919,"To be clear, Support never called back after I reported a critical outage. Our enterprise account is affected. Please advise.",2026-01-12T02:40:00+00:00,InsightAnalytics,Customer Support,Chat,Delhi,Partner,2,open
FB-12083,CU-9210,Quick update: We cannot login to InsightCloud since the last update. This is impacting customers in Singapore. Logged by the duty manager.,2026-05-19T12:18:00+00:00,InsightMobile,Engineering,Internal,Mumbai,Startup,2,in_progress
FB-12084,CU-2233,"Hello team, Billing error created an unauthorized charge on our card. I am following up because there was no response.",2026-06-26T03:16:00+00:00,InsightSecure,Finance,Call Center,Dubai,Startup,2,in_progress
FB-12085,CU-5112,"To be clear, We are happy with the reliability of InsightCRM this quarter. I attached screenshots in the original ticket. Thanks.",2026-01-20T02:01:00+00:00,InsightCloud,Customer Support,Chat,Bangalore,SMB,5,resolved
FB-12086,CU-7377,The interface redesign is intuitive and reduced training time. Our enterprise account is affected. Logged by the duty manager.,2026-03-17T00:27:00+00:00,InsightChat,Finance,Mobile App,New York,Enterprise,4,open
FB-12087,CU-6540,Consider adding a weekly digest for managers. The team mentioned InsightAnalytics in the weekly review. Thanks.,2026-05-03T22:40:00+00:00,InsightPay,Engineering,Website,Pune,Enterprise,4,resolved
FB-12088,CU-5166,"Hello team, I am frustrated that the InsightSecure app crashes during payment. This happened after the latest update. Please advise.",2026-01-18T02:26:00+00:00,InsightPay,Engineering,Website,Mumbai,Consumer,2,open
FB-12089,CU-7093,"Hello team, Where can I find the data retention policy? A workaround exists but it is not acceptable long term.",2026-03-11T02:16:00+00:00,InsightAnalytics,Operations,Website,Dubai,Consumer,3,resolved
FB-12090,CU-1226,Where can I find the data retention policy? Our enterprise account is affected. Logged by the duty manager.,2026-02-10T08:08:00+00:00,InsightAnalytics,Engineering,Internal,Delhi,Consumer,3,open
FB-12091,CU-8709,"To be clear, Sales team prepared a thoughtful demo for our executives. I attached screenshots in the original ticket. Logged by the duty manager.",2026-05-31T19:17:00+00:00,InsightPortal,Customer Support,Chat,Delhi,Consumer,5,resolved
FB-12092,CU-8267,Quick update: Delivery to Ahmedabad was earlier than the estimated date. I attached screenshots in the original ticket. Sharing this from the field.,2026-05-14T17:54:00+00:00,InsightCRM,Operations,Chat,Ahmedabad,Consumer,5,open
FB-12093,CU-1912,"For the record, Loved the new InsightSecure dashboard, it is clean and fast. The issue started last Thursday. Sharing this from the field.",2026-06-16T08:52:00+00:00,InsightCRM,Sales,Call Center,Hyderabad,Consumer,4,resolved
FB-12094,CU-6034,"For the record, Average experience so far, we are still evaluating InsightSecure. A workaround exists but it is not acceptable long term. Looking forward to a fix.",2026-07-07T19:26:00+00:00,InsightCRM,Product,Internal,Pune,Enterprise,4,closed
FB-12095,CU-9624,"Hi, I am frustrated that the InsightMobile app crashes during payment. This happened after the latest update. Thanks.",2026-01-05T12:19:00+00:00,InsightAnalytics,Engineering,Website,Singapore,SMB,2,resolved
FB-12096,CU-8424,Quick update: Authentication failures are blocking our entire sales team. I attached screenshots in the original ticket. Please advise.,2026-06-24T08:41:00+00:00,InsightCRM,Customer Support,Survey,Ahmedabad,Consumer,1,resolved
FB-12097,CU-2245,Quick update: The interface redesign is intuitive and reduced training time. I attached screenshots in the original ticket. Please advise.,2026-03-01T23:58:00+00:00,InsightMobile,Customer Support,Email,Mumbai,Startup,5,closed
FB-12098,CU-5485,"For the record, Is there a sandbox for InsightPay chargebacks? The team mentioned InsightPay in the weekly review. Looking forward to a fix.",2026-07-07T15:37:00+00:00,InsightMobile,Sales,Chat,Hyderabad,SMB,3,open
FB-12099,CU-5296,I am delighted with the quality of the latest InsightAnalytics release. I am following up because there was no response. Thanks.,2026-02-07T01:28:00+00:00,InsightPay,Customer Support,Mobile App,Hyderabad,Partner,5,resolved
FB-12100,CU-5057,"Hi, Sharing an FYI that finance will review invoices tomorrow. I am following up because there was no response. Thanks.",2025-12-18T22:12:00+00:00,InsightPortal,Engineering,Survey,Mumbai,Partner,4,open
FB-12101,CU-2248,Package for InsightChat arrived damaged in New York. We have seen this twice already. Sharing this from the field.,2026-03-12T07:13:00+00:00,InsightAnalytics,Engineering,Mobile App,Kolkata,Partner,1,in_progress
FB-12102,CU-2080,"To be clear, I am delighted with the quality of the latest InsightMobile release. We have seen this twice already. Thanks.",2026-04-09T01:18:00+00:00,InsightCloud,Finance,Internal,Surat,Consumer,5,open
FB-12103,CU-3961,Response time from customer support is getting worse every week. I attached screenshots in the original ticket. Sharing this from the field.,2026-03-18T20:51:00+00:00,InsightChat,Customer Support,Website,London,Partner,1,closed
FB-12104,CU-8498,"To be clear, Security alert fired after suspicious admin logins. We have seen this twice already. Thanks.",2026-08-07T23:59:00+00:00,InsightChat,Engineering,Internal,Chennai,SMB,2,resolved
FB-12105,CU-5097,"Hi, Mobile users report they cannot complete signup on InsightChat. I attached screenshots in the original ticket. Sharing this from the field.",2026-07-19T16:07:00+00:00,InsightSecure,Customer Support,Call Center,Hyderabad,Internal,2,resolved
FB-12106,CU-5087,"Hi, The InsightMobile checkout failed and I was still charged. I am following up because there was no response. Please advise.",2026-04-17T19:46:00+00:00,InsightMobile,Operations,Call Center,London,Enterprise,1,open
FB-12107,CU-7923,"For the record, Customer support resolved our incident in twenty minutes. A workaround exists but it is not acceptable long term.",2026-03-07T08:01:00+00:00,InsightChat,Customer Support,Website,Pune,Consumer,5,open
FB-12108,CU-8431,"Hello team, Support never called back after I reported a critical outage. A workaround exists but it is not acceptable long term.",2026-02-01T23:16:00+00:00,InsightMobile,Customer Support,Call Center,Ahmedabad,SMB,2,in_progress
FB-12109,CU-8570,"Hello team, Search is too slow to be usable during business hours. The team mentioned InsightMobile in the weekly review. Logged by the duty manager.",2026-06-08T11:32:00+00:00,InsightCRM,Engineering,Mobile App,Mumbai,Startup,1,in_progress
FB-12110,CU-5526,"To be clear, Sales team prepared a thoughtful demo for our executives. I am following up because there was no response. Please advise.",2026-06-04T10:39:00+00:00,InsightCloud,Finance,Survey,Dubai,Consumer,4,resolved
FB-12111,CU-3559,"To be clear, Authentication failures are blocking our entire sales team. I attached screenshots in the original ticket.",2026-08-05T11:10:00+00:00,InsightAnalytics,Customer Support,Chat,Chennai,Partner,1,open
FB-12112,CU-1712,Quick update: Delivery was extremely late and customer support did not respond. I am following up because there was no response. Sharing this from the field.,2026-01-01T21:19:00+00:00,InsightChat,Operations,Call Center,Pune,Consumer,1,open
FB-12113,CU-5421,"For the record, Great improvement in mobile performance this month. We have seen this twice already. Please advise.",2026-04-03T22:02:00+00:00,InsightPortal,Operations,Chat,Ahmedabad,Internal,5,open
FB-12114,CU-6657,"For the record, The onboarding specialist made InsightAnalytics easy to adopt. The team mentioned InsightMobile in the weekly review. Logged by the duty manager.",2026-02-28T15:20:00+00:00,InsightMobile,Engineering,Social Media,London,SMB,4,resolved
FB-12115,CU-9324,"For the record, The interface redesign is intuitive and reduced training time. We have seen this twice already. Sharing this from the field.",2026-05-24T01:27:00+00:00,InsightChat,Sales,Mobile App,Hyderabad,Startup,5,resolved
FB-12116,CU-4915,Quick update: Refund for a failed InsightSecure payment is still pending. This is impacting customers in Surat. Looking forward to a fix.,2026-08-08T01:36:00+00:00,InsightCRM,Engineering,Chat,Bangalore,Consumer,2,resolved
FB-12117,CU-7085,The latest release introduced a severe performance regression. This is impacting customers in Dubai. Thanks.,2026-03-17T06:11:00+00:00,InsightMobile,Product,Mobile App,Kolkata,SMB,2,open
FB-12118,CU-5983,Quick update: Customer support resolved our incident in twenty minutes. We have seen this twice already. Logged by the duty manager.,2026-07-13T12:37:00+00:00,InsightPortal,Customer Support,Internal,Jaipur,Partner,5,resolved
FB-12119,CU-4001,Need access for two additional analysts this week. I am following up because there was no response. Please advise.,2025-12-14T08:45:00+00:00,InsightCRM,Engineering,Email,Singapore,Startup,3,resolved
FB-12120,CU-8993,"Hello team, It would help to have saved filters on the explorer table. The issue started last Thursday. Looking forward to a fix.",2026-07-23T22:49:00+00:00,InsightPay,Customer Support,Chat,Delhi,Enterprise,3,resolved
FB-12121,CU-3456,"To be clear, Price increase was communicated poorly and feels unjustified. The team mentioned InsightPay in the weekly review. Please advise.",2026-06-26T12:00:00+00:00,InsightChat,HR,Email,Delhi,Enterprise,1,in_progress
FB-12122,CU-2063,"Hi, Security alert fired after suspicious admin logins. I attached screenshots in the original ticket. Looking forward to a fix.",2026-01-12T19:33:00+00:00,InsightAnalytics,Customer Support,Website,Singapore,Startup,2,resolved
FB-12123,CU-7241,Need access for two additional analysts this week. We have seen this twice already. Thanks.,2026-01-14T22:28:00+00:00,InsightAnalytics,HR,Call Center,New York,Startup,3,open
FB-12124,CU-8033,"To be clear, The current plan is acceptable but we will compare alternatives. This is impacting customers in Surat. Sharing this from the field.",2026-08-05T07:53:00+00:00,InsightPay,Finance,Survey,Kolkata,Internal,3,closed
FB-12125,CU-8936,"For the record, Consider adding a weekly digest for managers. I attached screenshots in the original ticket.",2026-05-17T05:32:00+00:00,InsightCloud,Customer Support,Website,Singapore,SMB,3,resolved
FB-12126,CU-9444,"Hello team, Documentation update saved our engineering team hours. I am following up because there was no response. Sharing this from the field.",2026-01-10T13:54:00+00:00,InsightSecure,Sales,Social Media,Hyderabad,Enterprise,4,open
FB-12127,CU-4291,"Hello team, Feature request: webhook retries with exponential backoff. We have seen this twice already. Looking forward to a fix.",2026-05-12T22:12:00+00:00,InsightCloud,Finance,Email,New York,Startup,3,resolved
FB-12128,CU-2009,"For the record, Mobile users report they cannot complete signup on InsightSecure. The team mentioned InsightCloud in the weekly review. Please advise.",2025-12-14T11:25:00+00:00,InsightPortal,Sales,Internal,Singapore,Enterprise,1,open
FB-12129,CU-9237,"To be clear, It would help to have saved filters on the explorer table. Our enterprise account is affected. Sharing this from the field.",2026-01-10T23:38:00+00:00,InsightCRM,Sales,Email,Ahmedabad,Internal,4,open
FB-12130,CU-7781,"To be clear, Search is too slow to be usable during business hours. The team mentioned InsightChat in the weekly review.",2025-12-22T13:54:00+00:00,InsightSecure,Engineering,Survey,Mumbai,Partner,2,closed
FB-12131,CU-5317,"Hi, Package for InsightChat arrived damaged in Surat. I am following up because there was no response. Logged by the duty manager.",2026-07-16T04:36:00+00:00,InsightAnalytics,Sales,Social Media,Delhi,Internal,1,resolved
FB-12132,CU-1556,Quick update: Need access for two additional analysts this week. The team mentioned InsightChat in the weekly review.,2026-04-17T13:21:00+00:00,InsightSecure,Customer Support,Mobile App,New York,Startup,3,in_progress
FB-12133,CU-1250,"To be clear, Need access for two additional analysts this week. The issue started last Thursday. Logged by the duty manager.",2026-08-03T18:48:00+00:00,InsightCRM,Engineering,Mobile App,Jaipur,Startup,4,open
FB-12134,CU-1011,"Hello team, Loved the new InsightChat dashboard, it is clean and fast. Please treat this as high priority. Looking forward to a fix.",2026-04-06T17:02:00+00:00,InsightPortal,Operations,Email,Ahmedabad,SMB,4,closed
FB-12135,CU-4266,"To be clear, Sales team prepared a thoughtful demo for our executives. We have seen this twice already. Sharing this from the field.",2026-03-20T07:28:00+00:00,InsightMobile,Customer Support,Internal,Delhi,Startup,5,resolved
FB-12136,CU-6340,Quick update: We are happy with the reliability of InsightChat this quarter. This is impacting customers in Ahmedabad. Logged by the duty manager.,2026-05-28T00:22:00+00:00,InsightChat,Finance,Internal,Singapore,Startup,4,resolved
FB-12137,CU-1092,"Hi, Where can I find the data retention policy? The team mentioned InsightPay in the weekly review. Looking forward to a fix.",2026-02-01T02:25:00+00:00,InsightAnalytics,Finance,Survey,Bangalore,Consumer,3,closed
FB-12138,CU-3238,"To be clear, I am delighted with the quality of the latest InsightCRM release. This happened after the latest update. Looking forward to a fix.",2026-07-06T05:21:00+00:00,InsightCRM,Customer Support,Email,Pune,Consumer,5,open
FB-12139,CU-8648,Security alert fired after suspicious admin logins. This happened after the latest update. Please advise.,2026-03-09T03:53:00+00:00,InsightSecure,Engineering,Website,Ahmedabad,Enterprise,2,open
FB-12140,CU-7584,"Quick update: Loved the new InsightPay dashboard, it is clean and fast. The issue started last Thursday. Looking forward to a fix.",2026-02-18T23:31:00+00:00,InsightAnalytics,Operations,Call Center,Dubai,Partner,5,resolved
FB-12141,CU-4295,"To be clear, Duplicate invoices were sent to finance after renewal. The issue started last Thursday. Please advise.",2025-12-18T16:14:00+00:00,InsightMobile,Customer Support,Website,Hyderabad,Startup,2,open
FB-12142,CU-5918,The interface redesign is intuitive and reduced training time. We have seen this twice already.,2025-12-11T06:48:00+00:00,InsightSecure,Sales,Website,Jaipur,Startup,4,open
FB-12143,CU-9884,"To be clear, Customer support resolved our incident in twenty minutes. I am following up because there was no response. Logged by the duty manager.",2026-05-24T07:48:00+00:00,InsightMobile,Customer Support,Internal,London,Consumer,5,closed
FB-12144,CU-4480,"For the record, Documentation update saved our engineering team hours. This is impacting customers in Dubai. Sharing this from the field.",2026-07-17T06:49:00+00:00,InsightAnalytics,Customer Support,Internal,Kolkata,SMB,5,in_progress
FB-12145,CU-1139,"Hello team, Billing error created an unauthorized charge on our card. Please treat this as high priority. Thanks.",2026-01-22T20:39:00+00:00,InsightPortal,Finance,Email,Pune,Consumer,2,open
FB-12146,CU-7798,Delivery was extremely late and customer support did not respond. I attached screenshots in the original ticket. Sharing this from the field.,2026-01-27T03:04:00+00:00,InsightPortal,Operations,Website,Hyderabad,Consumer,1,resolved
FB-12147,CU-3557,"For the record, I am delighted with the quality of the latest InsightPortal release. I am following up because there was no response. Sharing this from the field.",2026-06-14T01:55:00+00:00,InsightCRM,Customer Support,Internal,Hyderabad,Consumer,5,open
FB-12148,CU-8735,Duplicate invoices were sent to finance after renewal. This happened after the latest update. Looking forward to a fix.,2026-04-03T03:38:00+00:00,InsightMobile,Product,Email,Pune,Startup,2,open
FB-12149,CU-6839,"Hi, Please confirm whether SSO is enabled for partner accounts. Our enterprise account is affected. Logged by the duty manager.",2026-06-09T09:20:00+00:00,InsightCRM,Engineering,Email,Hyderabad,Consumer,3,resolved
FB-12150,CU-2687,Quick update: Sharing an FYI that finance will review invoices tomorrow. I attached screenshots in the original ticket. Logged by the duty manager.,2026-05-31T03:52:00+00:00,InsightSecure,Customer Support,Mobile App,Hyderabad,Internal,4,in_progress
FB-12151,CU-7778,Quick update: The current plan is acceptable but we will compare alternatives. I attached screenshots in the original ticket. Looking forward to a fix.,2026-04-06T01:41:00+00:00,InsightSecure,Customer Support,Website,Jaipur,Partner,4,open
FB-12152,CU-5902,Please confirm whether SSO is enabled for partner accounts. This is impacting customers in New York. Thanks.,2026-08-01T13:03:00+00:00,InsightCRM,Finance,Survey,Pune,SMB,3,resolved
FB-12153,CU-8708,"Hi, The current plan is acceptable but we will compare alternatives. Our enterprise account is affected. Please advise.",2025-12-20T10:55:00+00:00,InsightSecure,Finance,Email,Pune,SMB,3,in_progress
FB-12154,CU-9376,Quick update: Billing error created an unauthorized charge on our card. We have seen this twice already.,2026-05-21T12:49:00+00:00,InsightMobile,Finance,Chat,Jaipur,Consumer,2,closed
FB-12155,CU-4037,"For the record, Documentation is outdated and caused a production misconfiguration. The team mentioned InsightPay in the weekly review. Sharing this from the field.",2026-03-31T17:48:00+00:00,InsightPortal,HR,Chat,Kolkata,Enterprise,2,in_progress
FB-12156,CU-9362,"For the record, Noting that the internal survey was completed by HR. I am following up because there was no response. Sharing this from the field.",2026-08-04T05:59:00+00:00,InsightCRM,Operations,Website,Dubai,Consumer,3,open
FB-12157,CU-5280,"Hi, Search is too slow to be usable during business hours. Please treat this as high priority. Please advise.",2026-05-06T05:20:00+00:00,InsightCRM,Customer Support,Website,Ahmedabad,SMB,2,open
FB-12158,CU-8258,"Hello team, Billing error created an unauthorized charge on our card. We have seen this twice already. Please advise.",2025-12-03T09:28:00+00:00,InsightChat,Product,Mobile App,Pune,Partner,2,in_progress
FB-12159,CU-4445,"To be clear, Delivery to Delhi was earlier than the estimated date. We have seen this twice already. Looking forward to a fix.",2026-07-21T17:20:00+00:00,InsightChat,Operations,Social Media,Chennai,Consumer,4,open
FB-12160,CU-8648,"Hi, Chat support was knowledgeable and patient. This happened after the latest update. Sharing this from the field.",2026-05-03T20:40:00+00:00,InsightAnalytics,Customer Support,Call Center,Pune,SMB,5,open
FB-12161,CU-7639,"Hello team, Delivery was extremely late and customer support did not respond. This happened after the latest update. Logged by the duty manager.",2026-06-15T00:15:00+00:00,InsightCRM,Operations,Social Media,Jaipur,Enterprise,2,in_progress
FB-12162,CU-2556,The current plan is acceptable but we will compare alternatives. I am following up because there was no response. Looking forward to a fix.,2026-05-31T07:54:00+00:00,InsightPay,Operations,Website,New York,Internal,3,open
FB-12163,CU-7199,"Hi, InsightSecure audit logs are exactly what compliance needed. We have seen this twice already. Please advise.",2026-02-13T00:34:00+00:00,InsightSecure,Engineering,Email,Mumbai,Partner,5,open
FB-12164,CU-7381,Please confirm whether SSO is enabled for partner accounts. Our enterprise account is affected. Looking forward to a fix.,2025-12-12T23:42:00+00:00,InsightPay,Operations,Website,Bangalore,Consumer,3,in_progress
FB-12165,CU-2189,"For the record, I am delighted with the quality of the latest InsightAnalytics release. I attached screenshots in the original ticket. Sharing this from the field.",2026-07-17T04:57:00+00:00,InsightAnalytics,Customer Support,Website,Pune,Consumer,4,resolved
FB-12166,CU-9598,Quick update: Payment reconciliation finally works without manual edits. The issue started last Thursday. Please advise.,2026-02-09T04:57:00+00:00,InsightCRM,HR,Call Center,Hyderabad,Startup,4,resolved
FB-12167,CU-1498,Quick update: The InsightPortal rollout is scheduled for next Monday in Surat. Please treat this as high priority. Thanks.,2025-12-07T05:15:00+00:00,InsightPay,Product,Chat,Pune,Consumer,4,open
FB-12168,CU-3717,The onboarding specialist made InsightCRM easy to adopt. The issue started last Thursday. Please advise.,2026-03-02T08:47:00+00:00,InsightCloud,Operations,Social Media,Singapore,Partner,5,open
FB-12169,CU-1058,"To be clear, We cannot login to InsightCloud since the last update. We have seen this twice already. Logged by the duty manager.",2026-07-05T14:55:00+00:00,InsightChat,Engineering,Mobile App,Dubai,SMB,1,in_progress
FB-12170,CU-5838,"For the record, Great improvement in mobile performance this month. I attached screenshots in the original ticket. Thanks.",2026-06-10T19:04:00+00:00,InsightCRM,Customer Support,Call Center,Ahmedabad,SMB,5,resolved
FB-12171,CU-4800,"To be clear, Delivery to Ahmedabad was earlier than the estimated date. We have seen this twice already. Looking forward to a fix.",2026-01-28T16:18:00+00:00,InsightAnalytics,Operations,Internal,London,Consumer,4,open
FB-12172,CU-2573,"To be clear, Search is too slow to be usable during business hours. A workaround exists but it is not acceptable long term.",2026-04-13T13:40:00+00:00,InsightAnalytics,HR,Social Media,Kolkata,Consumer,1,resolved
FB-12173,CU-6160,Where can I find the data retention policy? I attached screenshots in the original ticket. Please advise.,2026-05-19T03:21:00+00:00,InsightPay,Customer Support,Mobile App,Kolkata,SMB,4,closed
FB-12174,CU-2175,"Hi, Delivery to Ahmedabad was earlier than the estimated date. I am following up because there was no response. Please advise.",2026-05-26T07:36:00+00:00,InsightCloud,Operations,Internal,Surat,Consumer,5,closed
FB-12175,CU-8975,"To be clear, The InsightPay rollout is scheduled for next Monday in Delhi. Our enterprise account is affected. Logged by the duty manager.",2026-07-23T16:25:00+00:00,InsightSecure,Finance,Call Center,Chennai,Startup,4,resolved
FB-12176,CU-1109,Quick update: Documentation update saved our engineering team hours. The team mentioned InsightMobile in the weekly review. Looking forward to a fix.,2026-07-06T15:16:00+00:00,InsightCloud,Operations,Mobile App,Kolkata,Enterprise,5,open
FB-12177,CU-6383,"Hi, The onboarding specialist made InsightMobile easy to adopt. We have seen this twice already. Thanks.",2025-12-30T12:01:00+00:00,InsightMobile,Engineering,Internal,Chennai,Startup,5,open
FB-12178,CU-3448,"For the record, It would help to have saved filters on the explorer table. This happened after the latest update.",2026-03-31T16:04:00+00:00,InsightPortal,Product,Social Media,Dubai,Internal,3,in_progress
FB-12179,CU-7007,"To be clear, Response time from customer support is getting worse every week. Our enterprise account is affected. Thanks.",2026-01-23T19:48:00+00:00,InsightSecure,Customer Support,Email,New York,Internal,1,closed
FB-12180,CU-5990,"Hi, Sales team prepared a thoughtful demo for our executives. We have seen this twice already. Logged by the duty manager.",2026-02-04T19:51:00+00:00,InsightPortal,HR,Internal,Hyderabad,Startup,4,resolved
FB-12181,CU-6511,Quick update: Mobile users report they cannot complete signup on InsightPortal. Our enterprise account is affected. Looking forward to a fix.,2026-02-18T11:52:00+00:00,InsightChat,HR,Internal,Chennai,SMB,2,resolved
FB-12182,CU-1330,Quick update: The InsightCRM checkout failed and I was still charged. Our enterprise account is affected. Thanks.,2026-04-28T03:59:00+00:00,InsightPay,Sales,Social Media,Singapore,Enterprise,2,resolved
FB-12183,CU-8437,We are happy with the reliability of InsightSecure this quarter. I am following up because there was no response. Looking forward to a fix.,2026-07-18T21:32:00+00:00,InsightPortal,Finance,Mobile App,London,Internal,5,in_progress
FB-12184,CU-7874,"Hello team, Where can I find the data retention policy? I attached screenshots in the original ticket. Looking forward to a fix.",2025-12-31T01:16:00+00:00,InsightSecure,Customer Support,Internal,Surat,SMB,3,in_progress
FB-12185,CU-3696,"To be clear, Need access for two additional analysts this week. Please treat this as high priority.",2026-05-09T20:54:00+00:00,InsightSecure,Finance,Social Media,Jaipur,Internal,3,in_progress
FB-12186,CU-8621,"For the record, Documentation update saved our engineering team hours. A workaround exists but it is not acceptable long term. Logged by the duty manager.",2026-06-18T10:56:00+00:00,InsightSecure,Operations,Call Center,Ahmedabad,Internal,5,resolved
FB-12187,CU-9969,"To be clear, Documentation is outdated and caused a production misconfiguration. A workaround exists but it is not acceptable long term. Looking forward to a fix.",2026-06-29T03:27:00+00:00,InsightAnalytics,Product,Mobile App,Bangalore,Internal,2,open
FB-12188,CU-8967,The courier missed the delivery window three times in Singapore. The team mentioned InsightSecure in the weekly review. Thanks.,2026-06-05T13:19:00+00:00,InsightPay,Operations,Email,Jaipur,Consumer,1,in_progress
FB-12189,CU-7141,"Hello team, Call center agents read from a script and did not understand the issue. Our enterprise account is affected. Logged by the duty manager.",2026-06-01T15:36:00+00:00,InsightMobile,HR,Mobile App,Singapore,Internal,2,closed
FB-12190,CU-8935,"For the record, The onboarding specialist made InsightChat easy to adopt. I attached screenshots in the original ticket. Please advise.",2026-05-29T21:46:00+00:00,InsightCRM,Customer Support,Mobile App,Ahmedabad,Internal,5,open
FB-12191,CU-2750,Quick update: Need access for two additional analysts this week. I am following up because there was no response. Logged by the duty manager.,2026-04-22T10:12:00+00:00,InsightChat,Customer Support,Internal,Bangalore,SMB,3,resolved
FB-12192,CU-8869,We cannot login to InsightSecure since the last update. This happened after the latest update. Thanks.,2026-03-12T15:29:00+00:00,InsightSecure,Engineering,Website,Chennai,Enterprise,2,closed
FB-12193,CU-1385,"For the record, Where can I find the data retention policy? The team mentioned InsightChat in the weekly review. Please advise.",2026-01-15T22:29:00+00:00,InsightMobile,Sales,Social Media,Delhi,Partner,3,in_progress
FB-12194,CU-4803,Quick update: Documentation is outdated and caused a production misconfiguration. We have seen this twice already.,2026-02-18T07:04:00+00:00,InsightChat,Finance,Mobile App,Hyderabad,Partner,2,open
FB-12195,CU-1351,"Hi, We are happy with the reliability of InsightPortal this quarter. I attached screenshots in the original ticket. Looking forward to a fix.",2026-05-17T01:43:00+00:00,InsightCRM,Customer Support,Chat,New York,Enterprise,5,open
FB-12196,CU-3212,"Hello team, Can you schedule a training session for the operations team? We have seen this twice already. Please advise.",2026-07-11T15:14:00+00:00,InsightCloud,HR,Email,Singapore,Internal,4,open
FB-12197,CU-2866,"Hi, It would help to have saved filters on the explorer table. This is impacting customers in Hyderabad. Logged by the duty manager.",2026-06-07T20:11:00+00:00,InsightAnalytics,Operations,Chat,Jaipur,Startup,3,open
FB-12198,CU-2896,"To be clear, We cannot login to InsightChat since the last update. The team mentioned InsightPay in the weekly review.",2026-08-02T10:28:00+00:00,InsightCRM,Engineering,Call Center,Pune,Consumer,1,resolved
FB-12199,CU-6698,"Hi, Noting that the internal survey was completed by HR. I attached screenshots in the original ticket. Thanks.",2025-12-31T00:28:00+00:00,InsightPay,Customer Support,Survey,Chennai,Enterprise,3,open
FB-DUP-1,CU-2000,Delivery was extremely late and customer support did not respond. This happened after the latest update.,2026-07-29T00:00:00+00:00,InsightPortal,Customer Support,Email,Ahmedabad,Enterprise,1,open
FB-DUP-2,CU-2001,Delivery was extremely late and customer support did not respond. We have seen this twice already.,2026-07-30T00:00:00+00:00,InsightPortal,Customer Support,Chat,Ahmedabad,Enterprise,1,open
FB-DUP-3,CU-2002,Delivery was extremely late and the support team did not respond to my follow-up.,2026-07-31T00:00:00+00:00,InsightPortal,Customer Support,Email,Ahmedabad,Enterprise,1,open
FB-DUP-4,CU-2003,I cannot login to InsightPay since the last update. Please treat this as high priority.,2026-08-01T00:00:00+00:00,InsightPay,Engineering,Chat,Mumbai,Enterprise,1,open
FB-DUP-5,CU-2004,We cannot login to InsightPay since the last update. Please treat this as high priority.,2026-08-02T00:00:00+00:00,InsightPay,Engineering,Email,Mumbai,Enterprise,1,open
FB-DUP-6,CU-2005,Authentication failures are blocking our entire sales team. The issue started last Thursday.,2026-08-03T00:00:00+00:00,InsightPay,Engineering,Chat,Mumbai,Enterprise,2,open
FB-DUP-7,CU-2006,Authentication failures have been blocking the sales team since last Thursday.,2026-08-04T00:00:00+00:00,InsightPay,Engineering,Email,Mumbai,Enterprise,2,open
