feedback_id,customer_id,date,text,product,department,channel,location,segment,rating,status,sentiment,emotion,category,intent,priority,severity
FB-6A5C3A3B,CU-LIVE,2026-09-06T07:15:29.270708,"I love the new InsightPay dashboard, it is clean and fast.",InsightPay,Product,Website,Mumbai,Enterprise,5,open,positive,joy,UX/UI,Praise,low,2
FB-10008,CU-8787,2026-08-08T17:49:00,Is there a sandbox for InsightPay chargebacks? This happened after the latest update.,InsightMobile,Operations,Email,Bangalore,Partner,3,resolved,negative,disappointment,Technical Issue,Complaint,critical,5
FB-11463,CU-6131,2026-08-08T12:53:00,"Hello team, Consider adding a weekly digest for managers. A workaround exists but it is not acceptable long term. Looking forward to a fix.",InsightAnalytics,Sales,Call Center,Mumbai,Enterprise,3,resolved,neutral,neutral,UX/UI,Suggestion,low,1
FB-10402,CU-1673,2026-08-08T12:42:00,"Hi, Response time from customer support is getting worse every week. I am following up because there was no response. Sharing this from the field.",InsightSecure,Customer Support,Email,Bangalore,SMB,2,in_progress,neutral,frustration,Customer Support,Request,medium,2
FB-10119,CU-7214,2026-08-08T09:29:00,"Hello team, How do I export department analytics for last quarter? We have seen this twice already. Logged by the duty manager.",InsightChat,Sales,Call Center,Delhi,Consumer,3,open,neutral,anger,Technical Issue,Bug Report,medium,1
FB-11146,CU-8773,2026-08-08T05:27:00,"Hello team, Support never called back after I reported a critical outage. Please treat this as high priority. Thanks.",InsightPay,Customer Support,Email,Singapore,Partner,2,open,negative,frustration,Customer Support,Bug Report,critical,4
FB-12116,CU-4915,2026-08-08T01:36:00,Quick update: Refund for a failed InsightSecure payment is still pending. This is impacting customers in Surat. Looking forward to a fix.,InsightCRM,Engineering,Chat,Bangalore,Consumer,2,resolved,negative,anger,Payment,Complaint,critical,5
FB-10850,CU-6046,2026-08-08T00:21:00,Quick update: We are happy with the reliability of InsightCloud this quarter. I attached screenshots in the original ticket. Looking forward to a fix.,InsightSecure,Customer Support,Call Center,Chennai,Consumer,4,closed,positive,joy,Product,Praise,low,1
FB-12104,CU-8498,2026-08-07T23:59:00,"To be clear, Security alert fired after suspicious admin logins. We have seen this twice already. Thanks.",InsightChat,Engineering,Internal,Chennai,SMB,2,resolved,negative,anger,Security,Bug Report,critical,5
FB-11320,CU-3142,2026-08-07T18:16:00,"Hello team, We may add twenty more seats if the trial goes well. This is impacting customers in Bangalore. Thanks.",InsightChat,Customer Support,Mobile App,Mumbai,Internal,4,in_progress,neutral,anger,Product,Suggestion,low,1
FB-10505,CU-9444,2026-08-07T15:11:00,"For the record, Where can I find the data retention policy? We have seen this twice already. Thanks.",InsightPay,Customer Support,Survey,Jaipur,Consumer,3,closed,neutral,confusion,Other,Question,low,1
FB-10316,CU-8672,2026-08-07T14:36:00,"Hello team, We are happy with the reliability of InsightPortal this quarter. I attached screenshots in the original ticket. Logged by the duty manager.",InsightMobile,Customer Support,Mobile App,Chennai,Startup,5,resolved,positive,joy,Product,Praise,low,1
FB-11620,CU-6530,2026-08-07T12:23:00,Quick update: Billing error created an unauthorized charge on our card. I attached screenshots in the original ticket. Sharing this from the field.,InsightPortal,Customer Support,Chat,Singapore,Internal,2,resolved,negative,anger,Customer Support,Complaint,critical,5
FB-11083,CU-9128,2026-08-07T05:42:00,"Hello team, InsightSecure audit logs are exactly what compliance needed. The team mentioned InsightPay in the weekly review.",InsightPay,Customer Support,Mobile App,Mumbai,Internal,5,resolved,positive,joy,Product,Praise,low,1
FB-10361,CU-5842,2026-08-06T23:34:00,"Hello team, Average experience so far, we are still evaluating InsightAnalytics. This happened after the latest update. Looking forward to a fix.",InsightSecure,Finance,Internal,Bangalore,Partner,3,resolved,negative,disappointment,Product,Complaint,critical,3
FB-11734,CU-5997,2026-08-06T21:16:00,"To be clear, Is there a sandbox for InsightPay chargebacks? A workaround exists but it is not acceptable long term. Thanks.",InsightAnalytics,Engineering,Chat,Ahmedabad,Startup,3,open,neutral,satisfaction,UX/UI,Suggestion,low,2
FB-10242,CU-5644,2026-08-06T18:40:00,"Hi, Price increase was communicated poorly and feels unjustified. We have seen this twice already. Thanks.",InsightPay,Finance,Mobile App,Delhi,Consumer,2,resolved,negative,anger,Technical Issue,Bug Report,high,4
FB-11587,CU-3365,2026-08-06T17:15:00,"For the record, Payment reconciliation finally works without manual edits. This happened after the latest update. Logged by the duty manager.",InsightPortal,Engineering,Survey,Ahmedabad,Consumer,5,in_progress,negative,neutral,Customer Support,Complaint,medium,3
FB-11199,CU-5637,2026-08-06T12:42:00,"Hi, Refund for a failed InsightChat payment is still pending. Our enterprise account is affected. Please advise.",InsightAnalytics,HR,Mobile App,Singapore,Enterprise,1,open,negative,anger,Account,Request,critical,5
FB-10794,CU-6629,2026-08-06T11:21:00,"Hello team, We are happy with the reliability of InsightCloud this quarter. We have seen this twice already. Logged by the duty manager.",InsightCloud,Engineering,Mobile App,Chennai,Consumer,4,in_progress,positive,joy,Product,Praise,low,1
FB-12000,CU-6917,2026-08-06T10:13:00,"To be clear, Delivery to Bangalore was earlier than the estimated date. The issue started last Thursday. Looking forward to a fix.",InsightPortal,Operations,Survey,Chennai,SMB,5,open,positive,satisfaction,Delivery,Praise,low,1
FB-10192,CU-8259,2026-08-06T07:08:00,"Hi, Payment reconciliation finally works without manual edits. I attached screenshots in the original ticket. Looking forward to a fix.",InsightAnalytics,Customer Support,Survey,Bangalore,Internal,5,in_progress,negative,frustration,Customer Support,Complaint,medium,2
FB-11240,CU-5167,2026-08-06T02:32:00,"For the record, The interface redesign is intuitive and reduced training time. The team mentioned InsightMobile in the weekly review. Logged by the duty manager.",InsightCRM,Finance,Survey,New York,Partner,5,resolved,positive,joy,UX/UI,Praise,low,1
FB-11654,CU-5602,2026-08-06T01:14:00,"To be clear, Delivery to New York was earlier than the estimated date. The team mentioned InsightChat in the weekly review. Logged by the duty manager.",InsightAnalytics,Operations,Mobile App,Delhi,Enterprise,4,in_progress,positive,satisfaction,Product,Praise,low,1
FB-10798,CU-4028,2026-08-05T20:42:00,"Hi, Billing error created an unauthorized charge on our card. This is impacting customers in London. Looking forward to a fix.",InsightChat,Operations,Mobile App,Ahmedabad,Consumer,2,resolved,negative,anger,Payment,Complaint,critical,5
FB-11072,CU-4565,2026-08-05T18:44:00,Quick update: Authentication failures are blocking our entire sales team. The team mentioned InsightCRM in the weekly review.,InsightCloud,HR,Chat,Kolkata,Internal,1,resolved,positive,joy,Product,Praise,low,2
FB-12030,CU-8887,2026-08-05T18:29:00,Quick update: Where can I find the data retention policy? A workaround exists but it is not acceptable long term. Sharing this from the field.,InsightCRM,Engineering,Website,Surat,Enterprise,3,open,neutral,confusion,Other,Question,low,1
FB-10489,CU-6045,2026-08-05T17:42:00,Quick update: It would help to have saved filters on the explorer table. The issue started last Thursday. Please advise.,InsightChat,Sales,Chat,Singapore,Internal,3,resolved,neutral,neutral,Technical Issue,Suggestion,low,1
FB-12111,CU-3559,2026-08-05T11:10:00,"To be clear, Authentication failures are blocking our entire sales team. I attached screenshots in the original ticket.",InsightAnalytics,Customer Support,Chat,Chennai,Partner,1,open,positive,joy,Product,Praise,low,2
FB-12124,CU-8033,2026-08-05T07:53:00,"To be clear, The current plan is acceptable but we will compare alternatives. This is impacting customers in Surat. Sharing this from the field.",InsightPay,Finance,Survey,Kolkata,Internal,3,closed,neutral,neutral,Performance,Information,low,1
FB-11436,CU-4120,2026-08-05T07:00:00,"To be clear, Need access for two additional analysts this week. I attached screenshots in the original ticket. Please advise.",InsightPortal,Customer Support,Website,Kolkata,Partner,3,closed,neutral,neutral,Customer Support,Request,low,1
FB-11917,CU-8750,2026-08-05T02:55:00,"Hi, Response time from customer support is getting worse every week. I attached screenshots in the original ticket. Logged by the duty manager.",InsightChat,Customer Support,Website,Chennai,Partner,2,open,neutral,neutral,Customer Support,Request,medium,2
FB-10860,CU-4783,2026-08-05T02:30:00,"Hi, Appreciate the proactive outage communication. The team mentioned InsightPay in the weekly review.",InsightChat,Engineering,Survey,Dubai,Partner,5,open,positive,joy,Product,Praise,low,2
FB-11448,CU-5565,2026-08-05T01:11:00,Refund was issued quickly and with a clear explanation. A workaround exists but it is not acceptable long term. Logged by the duty manager.,InsightCRM,Product,Mobile App,Hyderabad,Partner,4,closed,positive,satisfaction,Payment,Suggestion,low,2
FB-11399,CU-2890,2026-08-05T00:43:00,"Hi, I am frustrated that the InsightCRM app crashes during payment. This is impacting customers in Singapore. Looking forward to a fix.",InsightCRM,Engineering,Email,Surat,SMB,2,resolved,negative,neutral,Technical Issue,Praise,high,5
FB-10414,CU-5958,2026-08-04T22:43:00,"To be clear, Security alert fired after suspicious admin logins. This is impacting customers in Bangalore. Sharing this from the field.",InsightChat,Engineering,Mobile App,Mumbai,SMB,2,open,neutral,anger,Security,Bug Report,high,3
FB-11085,CU-9924,2026-08-04T16:34:00,Duplicate invoices were sent to finance after renewal. The team mentioned InsightChat in the weekly review. Looking forward to a fix.,InsightPortal,Finance,Chat,Hyderabad,SMB,2,resolved,positive,satisfaction,Product,Praise,low,3
FB-10152,CU-3078,2026-08-04T13:58:00,"Hi, Delivery to New York was earlier than the estimated date. Our enterprise account is affected. Sharing this from the field.",InsightPay,Operations,Email,Delhi,SMB,5,resolved,negative,satisfaction,Account,Request,low,1
FB-11277,CU-7288,2026-08-04T13:36:00,"To be clear, Noting that the internal survey was completed by HR. This happened after the latest update. Sharing this from the field.",InsightMobile,Customer Support,Chat,Pune,Enterprise,3,closed,neutral,neutral,Technical Issue,Complaint,medium,1
FB-10118,CU-7184,2026-08-04T13:23:00,"Hello team, The InsightCloud checkout failed and I was still charged. This happened after the latest update. Thanks.",InsightChat,Engineering,Chat,Surat,Internal,2,closed,negative,anger,Product,Complaint,critical,5
FB-11195,CU-9761,2026-08-04T13:05:00,"Hello team, Security alert fired after suspicious admin logins. Our enterprise account is affected. Please advise.",InsightPortal,Engineering,Email,Mumbai,Startup,2,resolved,neutral,anger,Security,Request,high,3
FB-12156,CU-9362,2026-08-04T05:59:00,"For the record, Noting that the internal survey was completed by HR. I am following up because there was no response. Sharing this from the field.",InsightCRM,Operations,Website,Dubai,Consumer,3,open,neutral,neutral,Other,Information,low,1
FB-10801,CU-4527,2026-08-04T05:06:00,"Hi, Where can I find the data retention policy? This happened after the latest update. Looking forward to a fix.",InsightPay,Product,Call Center,Pune,Internal,4,resolved,negative,confusion,Other,Question,medium,1
FB-12054,CU-3897,2026-08-04T01:46:00,"For the record, How do I export department analytics for last quarter? Our enterprise account is affected. Sharing this from the field.",InsightAnalytics,Engineering,Call Center,Singapore,Internal,3,resolved,neutral,confusion,Account,Request,low,1
FB-10935,CU-6848,2026-08-04T01:44:00,"Quick update: Average experience so far, we are still evaluating InsightCloud. Please treat this as high priority. Logged by the duty manager.",InsightPortal,Customer Support,Email,Delhi,Partner,4,in_progress,negative,neutral,Technical Issue,Bug Report,medium,3
FB-DUP-7,CU-2006,2026-08-04T00:00:00,Authentication failures have been blocking the sales team since last Thursday.,InsightPay,Engineering,Email,Mumbai,Enterprise,2,open,negative,frustration,Technical Issue,Bug Report,high,3
FB-12133,CU-1250,2026-08-03T18:48:00,"To be clear, Need access for two additional analysts this week. The issue started last Thursday. Logged by the duty manager.",InsightCRM,Engineering,Mobile App,Jaipur,Startup,4,open,neutral,neutral,Customer Support,Request,low,1
FB-11640,CU-7559,2026-08-03T17:14:00,"Hello team, Great improvement in mobile performance this month. This happened after the latest update. Logged by the duty manager.",InsightPay,HR,Internal,Kolkata,Partner,5,in_progress,negative,disappointment,Technical Issue,Complaint,high,3
FB-11157,CU-3202,2026-08-03T17:08:00,"Hello team, I am angry that the ticket was closed without a resolution. Please treat this as high priority. Sharing this from the field.",InsightPortal,Customer Support,Survey,Hyderabad,Enterprise,1,open,neutral,neutral,Customer Support,Praise,medium,2
FB-11011,CU-9828,2026-08-03T16:32:00,"To be clear, Sales team prepared a thoughtful demo for our executives. I attached screenshots in the original ticket.",InsightAnalytics,Customer Support,Chat,Singapore,Partner,4,in_progress,positive,satisfaction,Product,Praise,low,1
FB-10630,CU-9284,2026-08-03T13:23:00,Response time from customer support is getting worse every week. The team mentioned InsightSecure in the weekly review. Logged by the duty manager.,InsightCloud,Customer Support,Mobile App,Hyderabad,Internal,2,in_progress,positive,neutral,Customer Support,Request,low,2
FB-10130,CU-4700,2026-08-03T12:29:00,"Hi, Package for InsightCRM arrived damaged in Delhi. I am following up because there was no response. Please advise.",InsightCRM,Finance,Social Media,London,Enterprise,2,resolved,neutral,neutral,Customer Support,Praise,medium,2
FB-11835,CU-7393,2026-08-03T12:05:00,"For the record, Price increase was communicated poorly and feels unjustified. This happened after the latest update. Looking forward to a fix.",InsightCloud,HR,Chat,Mumbai,Internal,2,in_progress,negative,disappointment,Product,Complaint,critical,4
FB-10711,CU-4519,2026-08-03T11:57:00,Price increase was communicated poorly and feels unjustified. This happened after the latest update. Logged by the duty manager.,InsightPortal,Finance,Email,Hyderabad,Consumer,2,open,negative,disappointment,Technical Issue,Complaint,critical,5
FB-10782,CU-6227,2026-08-03T02:36:00,"Hi, Please confirm whether SSO is enabled for partner accounts. Please treat this as high priority. Logged by the duty manager.",InsightAnalytics,Finance,Internal,Hyderabad,Internal,4,resolved,neutral,neutral,Security,Request,low,1
FB-10363,CU-9035,2026-08-03T02:32:00,Price increase was communicated poorly and feels unjustified. Our enterprise account is affected. Sharing this from the field.,InsightChat,Operations,Survey,Jaipur,Partner,2,in_progress,negative,satisfaction,Account,Request,medium,3
FB-DUP-6,CU-2005,2026-08-03T00:00:00,Authentication failures are blocking our entire sales team. The issue started last Thursday.,InsightPay,Engineering,Chat,Mumbai,Enterprise,2,open,negative,frustration,Technical Issue,Bug Report,critical,4
FB-11669,CU-6278,2026-08-02T23:37:00,Response time from customer support is getting worse every week. We have seen this twice already. Logged by the duty manager.,InsightMobile,Customer Support,Email,Jaipur,Internal,2,open,negative,anger,Customer Support,Request,medium,2
FB-11600,CU-8365,2026-08-02T18:30:00,Great improvement in mobile performance this month. The team mentioned InsightChat in the weekly review.,InsightChat,Product,Survey,Bangalore,Internal,4,resolved,positive,joy,Performance,Praise,low,1
FB-11086,CU-4820,2026-08-02T16:43:00,Quick update: Consider adding a weekly digest for managers. Please treat this as high priority. Please advise.,InsightSecure,Operations,Mobile App,Mumbai,Enterprise,3,open,neutral,neutral,Technical Issue,Suggestion,low,1
FB-11497,CU-3916,2026-08-02T11:53:00,"Hello team, Chat support was knowledgeable and patient. The issue started last Thursday.",InsightSecure,Customer Support,Chat,Surat,Consumer,4,in_progress,positive,satisfaction,Customer Support,Praise,low,1
FB-11824,CU-2661,2026-08-02T11:01:00,"Hello team, Sales team prepared a thoughtful demo for our executives. Our enterprise account is affected. Logged by the duty manager.",InsightPortal,Finance,Chat,Surat,SMB,4,closed,positive,joy,Account,Request,low,1
FB-11221,CU-5216,2026-08-02T10:38:00,"Hello team, The latest release introduced a severe performance regression. A workaround exists but it is not acceptable long term. Sharing this from the field.",InsightPortal,Engineering,Website,Hyderabad,SMB,1,resolved,neutral,disappointment,UX/UI,Suggestion,medium,2
FB-12198,CU-2896,2026-08-02T10:28:00,"To be clear, We cannot login to InsightChat since the last update. The team mentioned InsightPay in the weekly review.",InsightCRM,Engineering,Call Center,Pune,Consumer,1,resolved,positive,frustration,Technical Issue,Bug Report,medium,2
FB-10847,CU-6349,2026-08-02T08:36:00,"Hi, We cannot login to InsightPortal since the last update. Please treat this as high priority. Sharing this from the field.",InsightSecure,Engineering,Email,London,Internal,2,resolved,negative,frustration,Technical Issue,Bug Report,critical,4
FB-10750,CU-9768,2026-08-02T05:12:00,Price increase was communicated poorly and feels unjustified. I attached screenshots in the original ticket. Sharing this from the field.,InsightPortal,Customer Support,Call Center,Hyderabad,Enterprise,1,resolved,negative,satisfaction,Customer Support,Praise,medium,3
FB-10716,CU-4421,2026-08-02T02:20:00,"To be clear, We may add twenty more seats if the trial goes well. Please treat this as high priority.",InsightSecure,Operations,Call Center,Bangalore,SMB,4,in_progress,neutral,neutral,Product,Suggestion,low,1
FB-DUP-5,CU-2004,2026-08-02T00:00:00,We cannot login to InsightPay since the last update. Please treat this as high priority.,InsightPay,Engineering,Email,Mumbai,Enterprise,1,open,negative,frustration,Technical Issue,Bug Report,critical,4
FB-11619,CU-8114,2026-08-01T15:46:00,Package for InsightSecure arrived damaged in Jaipur. Please treat this as high priority. Thanks.,InsightPortal,Operations,Internal,Chennai,SMB,2,closed,negative,neutral,Technical Issue,Suggestion,medium,3
FB-12152,CU-5902,2026-08-01T13:03:00,Please confirm whether SSO is enabled for partner accounts. This is impacting customers in New York. Thanks.,InsightCRM,Finance,Survey,Pune,SMB,3,resolved,neutral,neutral,Security,Request,low,1
FB-10215,CU-4652,2026-08-01T10:23:00,"To be clear, Chat support was knowledgeable and patient. I am following up because there was no response. Thanks.",InsightPay,Customer Support,Internal,Hyderabad,Partner,5,resolved,positive,satisfaction,Customer Support,Praise,low,1
FB-DUP-4,CU-2003,2026-08-01T00:00:00,I cannot login to InsightPay since the last update. Please treat this as high priority.,InsightPay,Engineering,Chat,Mumbai,Enterprise,1,open,negative,frustration,Technical Issue,Bug Report,critical,4
FB-10254,CU-4271,2026-07-31T23:43:00,"Hi, Can you schedule a training session for the operations team? We have seen this twice already. Thanks.",InsightCRM,Engineering,Call Center,New York,SMB,3,resolved,neutral,neutral,Customer Support,Request,low,1
FB-11426,CU-2405,2026-07-31T16:10:00,Quick update: The current plan is acceptable but we will compare alternatives. The issue started last Thursday. Logged by the duty manager.,InsightChat,Engineering,Call Center,Pune,Enterprise,3,resolved,neutral,neutral,Performance,Information,low,1
FB-10079,CU-3538,2026-07-31T15:12:00,"Hi, Need access for two additional analysts this week. This is impacting customers in Ahmedabad. Please advise.",InsightCRM,Operations,Mobile App,Bangalore,Enterprise,3,in_progress,neutral,neutral,Customer Support,Request,low,1
FB-11062,CU-1943,2026-07-31T14:11:00,"Hi, The interface redesign is intuitive and reduced training time. The issue started last Thursday. Thanks.",InsightSecure,Finance,Survey,Kolkata,SMB,4,open,negative,frustration,UX/UI,Praise,medium,1
FB-11107,CU-4074,2026-07-31T07:31:00,"Hi, Search is too slow to be usable during business hours. This is impacting customers in New York. Sharing this from the field.",InsightCRM,Finance,Internal,Jaipur,Enterprise,1,resolved,positive,joy,Performance,Praise,low,2
FB-10351,CU-1724,2026-07-31T04:58:00,"Hi, Sharing an FYI that finance will review invoices tomorrow. This is impacting customers in Delhi. Looking forward to a fix.",InsightPay,Engineering,Website,Chennai,Internal,3,resolved,neutral,neutral,Other,Information,low,2
FB-DUP-3,CU-2002,2026-07-31T00:00:00,Delivery was extremely late and the support team did not respond to my follow-up.,InsightPortal,Customer Support,Email,Ahmedabad,Enterprise,1,open,negative,frustration,Customer Support,Complaint,critical,3
FB-10391,CU-2833,2026-07-30T23:53:00,"Hi, I am frustrated that the InsightSecure app crashes during payment. Our enterprise account is affected. Logged by the duty manager.",InsightMobile,Engineering,Mobile App,Kolkata,Internal,2,resolved,negative,joy,Account,Request,high,4
FB-11774,CU-4782,2026-07-30T22:17:00,"Hi, I am delighted with the quality of the latest InsightSecure release. Our enterprise account is affected. Sharing this from the field.",InsightCloud,Engineering,Internal,Singapore,Enterprise,5,open,positive,joy,Product,Praise,low,1
FB-11597,CU-4820,2026-07-30T20:53:00,Quick update: Feature request: webhook retries with exponential backoff. This is impacting customers in Ahmedabad. Please advise.,InsightPortal,Finance,Mobile App,London,Consumer,3,resolved,negative,neutral,Customer Support,Request,low,1
FB-10398,CU-4747,2026-07-30T18:14:00,Quick update: We cannot login to InsightSecure since the last update. Our enterprise account is affected. Please advise.,InsightPay,Engineering,Mobile App,Chennai,SMB,2,open,negative,frustration,Account,Request,high,2
FB-10292,CU-6599,2026-07-30T17:17:00,Great improvement in mobile performance this month. A workaround exists but it is not acceptable long term. Logged by the duty manager.,InsightCRM,Operations,Chat,London,SMB,5,open,neutral,neutral,Performance,Suggestion,low,1
FB-11412,CU-8395,2026-07-30T11:12:00,I am angry that the ticket was closed without a resolution. Our enterprise account is affected. Logged by the duty manager.,InsightCloud,Customer Support,Internal,Pune,Consumer,2,resolved,negative,neutral,Customer Support,Request,medium,2
FB-10594,CU-9520,2026-07-30T08:19:00,"Hi, Call center agents read from a script and did not understand the issue. We have seen this twice already. Please advise.",InsightCRM,Customer Support,Survey,Dubai,Partner,2,open,negative,anger,Customer Support,Bug Report,critical,3
FB-10909,CU-4934,2026-07-30T06:38:00,Quick update: Price increase was communicated poorly and feels unjustified. This happened after the latest update. Thanks.,InsightMobile,Customer Support,Internal,Bangalore,Startup,1,open,negative,disappointment,Technical Issue,Complaint,critical,5
FB-11006,CU-9802,2026-07-30T06:09:00,"Hello team, Payment reconciliation finally works without manual edits. The team mentioned InsightSecure in the weekly review. Thanks.",InsightPortal,Product,Internal,London,Partner,4,resolved,positive,joy,Product,Praise,low,2
FB-10379,CU-1865,2026-07-30T04:01:00,"Hi, I am delighted with the quality of the latest InsightAnalytics release. The team mentioned InsightCloud in the weekly review. Looking forward to a fix.",InsightCloud,Finance,Mobile App,Chennai,Internal,5,open,positive,joy,Product,Praise,low,1
FB-11540,CU-9724,2026-07-30T03:37:00,"To be clear, Is there a sandbox for InsightPay chargebacks? The team mentioned InsightSecure in the weekly review. Thanks.",InsightCRM,Product,Mobile App,Kolkata,Internal,4,resolved,positive,joy,Product,Praise,low,2
FB-10968,CU-3307,2026-07-30T02:56:00,"Hi, Documentation is outdated and caused a production misconfiguration. I attached screenshots in the original ticket. Thanks.",InsightMobile,Customer Support,Internal,Ahmedabad,Consumer,2,open,negative,confusion,Documentation,Praise,medium,2
FB-DUP-2,CU-2001,2026-07-30T00:00:00,Delivery was extremely late and customer support did not respond. We have seen this twice already.,InsightPortal,Customer Support,Chat,Ahmedabad,Enterprise,1,open,negative,frustration,Customer Support,Complaint,critical,3
FB-11513,CU-5168,2026-07-29T23:33:00,"Hi, The onboarding specialist made InsightAnalytics easy to adopt. A workaround exists but it is not acceptable long term. Thanks.",InsightChat,Engineering,Website,Kolkata,Consumer,5,resolved,positive,joy,UX/UI,Praise,low,1
FB-11165,CU-5417,2026-07-29T19:32:00,"Hello team, It would help to have saved filters on the explorer table. Our enterprise account is affected. Thanks.",InsightPortal,HR,Survey,Singapore,Startup,4,open,neutral,neutral,Account,Suggestion,low,1
FB-11862,CU-4787,2026-07-29T18:24:00,"For the record, Duplicate invoices were sent to finance after renewal. The team mentioned InsightCRM in the weekly review.",InsightPortal,Finance,Chat,Chennai,SMB,2,closed,positive,neutral,Product,Praise,low,3
FB-10872,CU-6473,2026-07-29T17:57:00,"To be clear, Customer support resolved our incident in twenty minutes. The team mentioned InsightSecure in the weekly review.",InsightCRM,Customer Support,Email,Mumbai,Internal,5,closed,positive,joy,Customer Support,Praise,low,1
FB-11120,CU-8717,2026-07-29T16:58:00,"Hello team, I am frustrated that the InsightPay app crashes during payment. We have seen this twice already.",InsightCloud,Engineering,Internal,Mumbai,Consumer,2,in_progress,negative,anger,Technical Issue,Bug Report,critical,5
FB-10458,CU-2071,2026-07-29T16:51:00,"Hello team, We are happy with the reliability of InsightCloud this quarter. The issue started last Thursday. Please advise.",InsightChat,Finance,Mobile App,Mumbai,SMB,5,resolved,positive,joy,Product,Praise,low,1
FB-10848,CU-7630,2026-07-29T16:19:00,The interface redesign is intuitive and reduced training time. I am following up because there was no response. Looking forward to a fix.,InsightPortal,Finance,Website,Jaipur,Startup,5,resolved,positive,joy,UX/UI,Praise,low,1
FB-10278,CU-1955,2026-07-29T13:52:00,"For the record, Billing error created an unauthorized charge on our card. Please treat this as high priority.",InsightSecure,HR,Social Media,Kolkata,Enterprise,2,resolved,neutral,anger,Technical Issue,Suggestion,critical,5
FB-11834,CU-7567,2026-07-29T09:31:00,"Hi, Payment reconciliation finally works without manual edits. This is impacting customers in Jaipur. Thanks.",InsightMobile,Sales,Mobile App,Chennai,Startup,4,resolved,negative,anger,Customer Support,Bug Report,medium,2
FB-11250,CU-6717,2026-07-29T06:45:00,"For the record, We may add twenty more seats if the trial goes well. This happened after the latest update.",InsightCloud,Engineering,Social Media,Dubai,Startup,3,open,neutral,neutral,Product,Complaint,medium,1
FB-12036,CU-4614,2026-07-29T04:48:00,"For the record, The InsightPortal rollout is scheduled for next Monday in Chennai. Please treat this as high priority. Please advise.",InsightPortal,Engineering,Internal,Pune,Startup,4,open,neutral,neutral,Technical Issue,Suggestion,low,1
FB-11837,CU-3937,2026-07-29T04:20:00,Quick update: Is there a sandbox for InsightPay chargebacks? We have seen this twice already. Thanks.,InsightMobile,Product,Call Center,Hyderabad,SMB,3,open,negative,anger,Technical Issue,Bug Report,high,4
FB-11273,CU-5073,2026-07-29T04:14:00,Quick update: Sharing an FYI that finance will review invoices tomorrow. We have seen this twice already. Sharing this from the field.,InsightPortal,Product,Website,Mumbai,Partner,4,closed,neutral,anger,Technical Issue,Information,low,2
FB-10428,CU-1085,2026-07-29T03:28:00,"To be clear, Please confirm whether SSO is enabled for partner accounts. I attached screenshots in the original ticket. Please advise.",InsightAnalytics,Customer Support,Internal,Hyderabad,SMB,3,resolved,neutral,neutral,Security,Request,low,1
FB-11635,CU-3520,2026-07-29T02:20:00,"Hello team, Please confirm whether SSO is enabled for partner accounts. This is impacting customers in Hyderabad.",InsightPay,Product,Website,Hyderabad,Partner,3,in_progress,neutral,neutral,Security,Request,low,1
FB-DUP-1,CU-2000,2026-07-29T00:00:00,Delivery was extremely late and customer support did not respond. This happened after the latest update.,InsightPortal,Customer Support,Email,Ahmedabad,Enterprise,1,open,negative,frustration,Customer Support,Complaint,critical,3
FB-11390,CU-9613,2026-07-28T22:29:00,"Hi, Security alert fired after suspicious admin logins. This happened after the latest update. Please advise.",InsightAnalytics,Engineering,Survey,Pune,Consumer,1,resolved,negative,anger,Security,Complaint,critical,5
FB-11387,CU-8805,2026-07-28T22:04:00,"For the record, I am frustrated that the InsightCloud app crashes during payment. A workaround exists but it is not acceptable long term. Please advise.",InsightCRM,Engineering,Survey,Chennai,Consumer,2,open,neutral,neutral,UX/UI,Suggestion,medium,4
FB-12056,CU-9521,2026-07-28T20:43:00,"To be clear, Appreciate the proactive outage communication. We have seen this twice already. Please advise.",InsightSecure,Customer Support,Chat,Jaipur,Internal,4,open,neutral,anger,Technical Issue,Bug Report,high,2
FB-10100,CU-3610,2026-07-28T18:46:00,"To be clear, Response time from customer support is getting worse every week. This happened after the latest update. Looking forward to a fix.",InsightSecure,Customer Support,Internal,Kolkata,Consumer,2,in_progress,negative,frustration,Customer Support,Request,high,2
FB-11185,CU-1732,2026-07-28T14:47:00,"Hello team, The InsightCloud rollout is scheduled for next Monday in Pune. I am following up because there was no response. Thanks.",InsightPortal,Finance,Chat,Ahmedabad,Partner,3,resolved,positive,frustration,Delivery,Praise,low,1
FB-11487,CU-7478,2026-07-28T11:26:00,"Hi, The latest release introduced a severe performance regression. Please treat this as high priority. Logged by the duty manager.",InsightPortal,Operations,Survey,Hyderabad,Consumer,2,resolved,negative,disappointment,Product,Suggestion,high,2
FB-10338,CU-1904,2026-07-28T11:21:00,"For the record, The current plan is acceptable but we will compare alternatives. The issue started last Thursday. Looking forward to a fix.",InsightAnalytics,Engineering,Mobile App,Hyderabad,Partner,4,resolved,neutral,neutral,Performance,Information,low,1
FB-11952,CU-7945,2026-07-28T08:10:00,"Hello team, Documentation update saved our engineering team hours. Please treat this as high priority.",InsightCRM,Sales,Internal,Singapore,Enterprise,4,resolved,neutral,joy,Product,Praise,low,1
FB-10502,CU-3933,2026-07-28T07:44:00,"Hi, The onboarding specialist made InsightPortal easy to adopt. This is impacting customers in Singapore. Thanks.",InsightPay,HR,Internal,New York,Consumer,5,open,positive,joy,Product,Praise,low,1
FB-10500,CU-7476,2026-07-28T04:33:00,"Quick update: Loved the new InsightAnalytics dashboard, it is clean and fast. I am following up because there was no response. Looking forward to a fix.",InsightCRM,Customer Support,Website,Kolkata,Consumer,5,open,positive,satisfaction,UX/UI,Praise,low,1
FB-10144,CU-3623,2026-07-27T23:15:00,"Hi, Great improvement in mobile performance this month. This happened after the latest update. Logged by the duty manager.",InsightMobile,Sales,Survey,Kolkata,Consumer,4,closed,negative,disappointment,Technical Issue,Complaint,high,3
FB-10639,CU-1583,2026-07-27T22:50:00,"For the record, Payment reconciliation finally works without manual edits. A workaround exists but it is not acceptable long term. Please advise.",InsightSecure,Operations,Website,Delhi,SMB,4,in_progress,neutral,neutral,UX/UI,Suggestion,low,2
FB-11311,CU-9764,2026-07-27T22:10:00,"Hello team, Feature request: webhook retries with exponential backoff. I am following up because there was no response. Looking forward to a fix.",InsightCRM,Finance,Survey,London,SMB,3,open,positive,neutral,Customer Support,Praise,low,1
FB-10273,CU-3521,2026-07-27T20:03:00,Quick update: Refund was issued quickly and with a clear explanation. Please treat this as high priority.,InsightPay,Product,Mobile App,Mumbai,Consumer,5,open,negative,satisfaction,Payment,Suggestion,low,3
FB-11630,CU-8514,2026-07-27T08:01:00,We may add twenty more seats if the trial goes well. The issue started last Thursday. Thanks.,InsightSecure,Operations,Email,Ahmedabad,SMB,3,open,neutral,anger,Customer Support,Complaint,medium,1
FB-11058,CU-6925,2026-07-27T04:05:00,We are happy with the reliability of InsightSecure this quarter. This is impacting customers in Chennai. Looking forward to a fix.,InsightChat,Product,Website,Bangalore,Partner,4,open,positive,joy,Product,Praise,low,1
FB-10354,CU-2818,2026-07-27T01:32:00,"For the record, Documentation is outdated and caused a production misconfiguration. I am following up because there was no response.",InsightSecure,Customer Support,Chat,Hyderabad,Consumer,2,resolved,neutral,confusion,Documentation,Praise,low,2
FB-10331,CU-1672,2026-07-26T14:24:00,"Hello team, Average experience so far, we are still evaluating InsightCRM. This is impacting customers in Bangalore. Sharing this from the field.",InsightSecure,Sales,Mobile App,Kolkata,Internal,3,open,negative,anger,Product,Information,medium,1
FB-10979,CU-4664,2026-07-26T12:50:00,"To be clear, We cannot login to InsightPay since the last update. I am following up because there was no response. Please advise.",InsightPortal,Engineering,Mobile App,Delhi,Consumer,2,in_progress,negative,frustration,Technical Issue,Bug Report,high,3
FB-11924,CU-6473,2026-07-26T11:52:00,"Hi, Appreciate the proactive outage communication. Our enterprise account is affected. Logged by the duty manager.",InsightMobile,Finance,Call Center,Dubai,Startup,5,in_progress,neutral,neutral,Account,Request,low,2
FB-10824,CU-4133,2026-07-26T10:58:00,"Hi, Refund was issued quickly and with a clear explanation. Our enterprise account is affected. Sharing this from the field.",InsightCRM,Sales,Survey,Bangalore,SMB,5,resolved,positive,satisfaction,Account,Request,low,2
FB-10032,CU-4249,2026-07-26T09:36:00,"Hello team, The courier missed the delivery window three times in Mumbai. I am following up because there was no response. Please advise.",InsightChat,Operations,Mobile App,Jaipur,Internal,1,resolved,positive,frustration,Customer Support,Praise,low,2
FB-12037,CU-3944,2026-07-26T03:18:00,"Hello team, Customer support resolved our incident in twenty minutes. The team mentioned InsightSecure in the weekly review. Please advise.",InsightPortal,Customer Support,Chat,Pune,Consumer,5,open,neutral,neutral,Customer Support,Request,low,1
FB-10926,CU-3691,2026-07-26T02:29:00,"Hi, Customer support resolved our incident in twenty minutes. I attached screenshots in the original ticket. Looking forward to a fix.",InsightPay,Customer Support,Mobile App,Surat,Partner,4,open,positive,anger,Customer Support,Praise,low,1
FB-11095,CU-1894,2026-07-26T02:09:00,"Hi, Package for InsightPay arrived damaged in Delhi. This happened after the latest update. Sharing this from the field.",InsightCRM,Sales,Website,Mumbai,Internal,2,resolved,negative,frustration,Customer Support,Complaint,critical,3
FB-11317,CU-3619,2026-07-26T00:53:00,Quick update: Documentation update saved our engineering team hours. I attached screenshots in the original ticket. Looking forward to a fix.,InsightChat,Customer Support,Website,Dubai,Enterprise,4,open,positive,joy,Product,Praise,low,1
FB-11365,CU-3936,2026-07-25T23:04:00,Quick update: Is there a sandbox for InsightPay chargebacks? A workaround exists but it is not acceptable long term. Sharing this from the field.,InsightSecure,Product,Call Center,Ahmedabad,Consumer,3,open,negative,frustration,UX/UI,Information,medium,2
FB-10089,CU-7955,2026-07-25T16:17:00,"Hello team, The latest release introduced a severe performance regression. The team mentioned InsightChat in the weekly review. Looking forward to a fix.",InsightCloud,Finance,Mobile App,Pune,Partner,2,closed,positive,disappointment,Product,Praise,medium,2
FB-11315,CU-6922,2026-07-25T14:00:00,Quick update: I am frustrated that the InsightChat app crashes during payment. A workaround exists but it is not acceptable long term. Please advise.,InsightCRM,Engineering,Website,Delhi,Consumer,1,resolved,neutral,neutral,UX/UI,Information,medium,4
FB-11088,CU-4298,2026-07-25T09:56:00,"Hi, Payment reconciliation finally works without manual edits. This is impacting customers in Pune. Sharing this from the field.",InsightCloud,Engineering,Chat,Hyderabad,Consumer,5,resolved,negative,anger,Customer Support,Information,low,2
FB-10621,CU-1448,2026-07-25T08:51:00,"To be clear, We cannot login to InsightChat since the last update. This happened after the latest update. Please advise.",InsightCRM,Engineering,Survey,New York,Partner,2,in_progress,negative,frustration,Technical Issue,Bug Report,critical,4
FB-10612,CU-3586,2026-07-25T08:24:00,"To be clear, Customer support resolved our incident in twenty minutes. The issue started last Thursday. Please advise.",InsightSecure,Customer Support,Social Media,Surat,Partner,4,in_progress,neutral,neutral,Customer Support,Request,low,1
FB-11014,CU-1733,2026-07-25T06:10:00,"To be clear, Documentation update saved our engineering team hours. The issue started last Thursday.",InsightMobile,Customer Support,Mobile App,Ahmedabad,SMB,5,open,positive,joy,Product,Praise,low,1
FB-10341,CU-1312,2026-07-25T02:02:00,"To be clear, Support never called back after I reported a critical outage. A workaround exists but it is not acceptable long term. Thanks.",InsightMobile,Customer Support,Internal,Jaipur,Enterprise,1,open,negative,frustration,Customer Support,Complaint,critical,4
FB-10161,CU-5693,2026-07-25T01:50:00,Delivery to Singapore was earlier than the estimated date. Please treat this as high priority.,InsightChat,Operations,Chat,Pune,Internal,5,in_progress,negative,neutral,Technical Issue,Bug Report,low,2
FB-10802,CU-3860,2026-07-24T20:47:00,"Hello team, Documentation is outdated and caused a production misconfiguration. This happened after the latest update. Please advise.",InsightPay,Engineering,Website,Surat,Enterprise,1,resolved,negative,disappointment,Documentation,Complaint,critical,3
FB-10800,CU-5071,2026-07-24T15:30:00,"Hi, We cannot login to InsightSecure since the last update. The team mentioned InsightChat in the weekly review. Looking forward to a fix.",InsightAnalytics,Engineering,Mobile App,Jaipur,Enterprise,1,closed,negative,frustration,Technical Issue,Bug Report,critical,4
FB-10998,CU-8125,2026-07-24T12:24:00,"To be clear, The interface redesign is intuitive and reduced training time. We have seen this twice already. Please advise.",InsightAnalytics,HR,Chat,Chennai,Consumer,4,open,negative,anger,UX/UI,Praise,medium,1
FB-10741,CU-2346,2026-07-24T12:06:00,"Hi, I am frustrated that the InsightChat app crashes during payment. Our enterprise account is affected. Sharing this from the field.",InsightAnalytics,Engineering,Survey,Delhi,Consumer,1,resolved,negative,frustration,Account,Request,critical,5
FB-11189,CU-8319,2026-07-24T04:41:00,"To be clear, The InsightMobile checkout failed and I was still charged. This happened after the latest update.",InsightCRM,Sales,Social Media,Ahmedabad,SMB,1,closed,negative,anger,Payment,Complaint,critical,5
FB-12040,CU-2467,2026-07-24T02:18:00,"For the record, Customer support resolved our incident in twenty minutes. I attached screenshots in the original ticket. Please advise.",InsightMobile,Customer Support,Chat,London,SMB,5,closed,neutral,neutral,Customer Support,Request,low,1
FB-10406,CU-2545,2026-07-24T02:15:00,Price increase was communicated poorly and feels unjustified. I am following up because there was no response. Sharing this from the field.,InsightPortal,Finance,Survey,Ahmedabad,Startup,2,resolved,positive,satisfaction,Customer Support,Praise,low,3
FB-10770,CU-6844,2026-07-24T01:21:00,Package for InsightPortal arrived damaged in Hyderabad. I am following up because there was no response.,InsightCloud,Product,Call Center,New York,SMB,1,closed,positive,frustration,Customer Support,Praise,low,2
FB-12120,CU-8993,2026-07-23T22:49:00,"Hello team, It would help to have saved filters on the explorer table. The issue started last Thursday. Looking forward to a fix.",InsightPay,Customer Support,Chat,Delhi,Enterprise,3,resolved,neutral,neutral,Other,Suggestion,low,1
FB-11283,CU-7062,2026-07-23T18:52:00,"Hi, Security alert fired after suspicious admin logins. I am following up because there was no response. Sharing this from the field.",InsightPay,Engineering,Chat,Kolkata,SMB,1,resolved,negative,anger,Security,Bug Report,critical,5
FB-12175,CU-8975,2026-07-23T16:25:00,"To be clear, The InsightPay rollout is scheduled for next Monday in Delhi. Our enterprise account is affected. Logged by the duty manager.",InsightSecure,Finance,Call Center,Chennai,Startup,4,resolved,neutral,frustration,Account,Request,low,1
FB-11906,CU-7952,2026-07-23T12:40:00,"Hi, Is there a sandbox for InsightPay chargebacks? This is impacting customers in Ahmedabad. Please advise.",InsightPortal,Finance,Social Media,London,Startup,4,closed,negative,neutral,Documentation,Suggestion,low,2
FB-10661,CU-5473,2026-07-23T08:32:00,"To be clear, We may add twenty more seats if the trial goes well. A workaround exists but it is not acceptable long term. Please advise.",InsightPay,Sales,Website,London,Startup,3,resolved,neutral,neutral,Performance,Suggestion,low,1
FB-11855,CU-5540,2026-07-23T08:13:00,Documentation update saved our engineering team hours. A workaround exists but it is not acceptable long term. Thanks.,InsightSecure,Sales,Mobile App,Surat,Partner,4,resolved,neutral,joy,UX/UI,Suggestion,low,1
FB-10846,CU-1613,2026-07-23T06:00:00,"Hello team, Package for InsightCRM arrived damaged in Pune. I am following up because there was no response. Looking forward to a fix.",InsightCloud,Operations,Social Media,New York,Consumer,2,resolved,positive,frustration,Customer Support,Praise,low,2
FB-11331,CU-7187,2026-07-23T01:29:00,"Hi, The courier missed the delivery window three times in Delhi. I attached screenshots in the original ticket. Sharing this from the field.",InsightCRM,Operations,Internal,Bangalore,Partner,2,closed,negative,satisfaction,Customer Support,Complaint,high,2
FB-11135,CU-1752,2026-07-23T00:03:00,"Hello team, Appreciate the proactive outage communication. Please treat this as high priority.",InsightPay,Operations,Survey,New York,Consumer,4,resolved,neutral,neutral,Technical Issue,Bug Report,medium,2
FB-10189,CU-7358,2026-07-22T23:58:00,"For the record, Documentation is outdated and caused a production misconfiguration. This is impacting customers in Dubai. Thanks.",InsightCloud,Customer Support,Chat,Kolkata,Startup,2,resolved,neutral,confusion,Documentation,Suggestion,low,2
FB-10223,CU-9955,2026-07-22T20:45:00,"Hi, Documentation update saved our engineering team hours. This happened after the latest update. Thanks.",InsightSecure,HR,Call Center,Singapore,Internal,5,closed,negative,joy,Product,Complaint,medium,1
FB-11213,CU-3547,2026-07-22T15:26:00,We may add twenty more seats if the trial goes well. Our enterprise account is affected. Please advise.,InsightAnalytics,HR,Internal,Kolkata,Partner,3,resolved,neutral,neutral,Account,Request,low,1
FB-10645,CU-1806,2026-07-22T11:49:00,Where can I find the data retention policy? I am following up because there was no response. Looking forward to a fix.,InsightCloud,Finance,Call Center,Hyderabad,Partner,4,open,neutral,confusion,Other,Question,low,1
FB-10422,CU-8233,2026-07-22T11:10:00,Please confirm whether SSO is enabled for partner accounts. A workaround exists but it is not acceptable long term. Thanks.,InsightAnalytics,Finance,Internal,New York,Enterprise,3,open,neutral,neutral,UX/UI,Suggestion,low,1
FB-11882,CU-5337,2026-07-22T07:22:00,"Hello team, The InsightMobile checkout failed and I was still charged. I am following up because there was no response. Thanks.",InsightChat,Product,Website,Delhi,Enterprise,1,in_progress,positive,anger,Payment,Praise,high,4
FB-11212,CU-6975,2026-07-22T02:24:00,"Hello team, InsightSecure audit logs are exactly what compliance needed. This happened after the latest update.",InsightPortal,Finance,Chat,New York,Startup,4,in_progress,negative,disappointment,Product,Complaint,high,2
FB-11840,CU-1507,2026-07-21T22:41:00,"For the record, Loved the new InsightCloud dashboard, it is clean and fast. I am following up because there was no response. Thanks.",InsightCloud,Product,Internal,Kolkata,SMB,5,open,positive,satisfaction,UX/UI,Praise,low,1
FB-10245,CU-3193,2026-07-21T22:36:00,Quick update: Great improvement in mobile performance this month. A workaround exists but it is not acceptable long term. Looking forward to a fix.,InsightCloud,Engineering,Social Media,Chennai,SMB,5,closed,negative,frustration,Performance,Suggestion,low,1
FB-10058,CU-3290,2026-07-21T22:19:00,"Hello team, Response time from customer support is getting worse every week. I am following up because there was no response. Logged by the duty manager.",InsightChat,Customer Support,Website,Ahmedabad,Startup,2,closed,positive,neutral,Customer Support,Request,low,2
FB-11709,CU-1432,2026-07-21T17:41:00,Quick update: Is there a sandbox for InsightPay chargebacks? This happened after the latest update.,InsightCRM,Finance,Survey,Pune,Startup,3,open,negative,disappointment,Technical Issue,Complaint,critical,5
FB-12159,CU-4445,2026-07-21T17:20:00,"To be clear, Delivery to Delhi was earlier than the estimated date. We have seen this twice already. Looking forward to a fix.",InsightChat,Operations,Social Media,Chennai,Consumer,4,open,negative,anger,Technical Issue,Bug Report,medium,2
FB-10740,CU-9818,2026-07-21T16:44:00,Great improvement in mobile performance this month. We have seen this twice already.,InsightAnalytics,HR,Email,Pune,Partner,4,resolved,negative,anger,Technical Issue,Bug Report,high,2
FB-11854,CU-8059,2026-07-21T09:46:00,"Hello team, Payment reconciliation finally works without manual edits. This is impacting customers in New York. Sharing this from the field.",InsightSecure,Finance,Email,London,Enterprise,4,closed,negative,anger,Customer Support,Information,medium,2
FB-11594,CU-2421,2026-07-21T02:09:00,"Hello team, Search is too slow to be usable during business hours. I attached screenshots in the original ticket. Logged by the duty manager.",InsightCRM,Customer Support,Survey,Hyderabad,Partner,1,closed,positive,joy,Product,Praise,low,2
FB-10236,CU-9842,2026-07-21T01:35:00,"To be clear, Please confirm whether SSO is enabled for partner accounts. A workaround exists but it is not acceptable long term. Sharing this from the field.",InsightAnalytics,Sales,Internal,London,SMB,4,open,neutral,neutral,UX/UI,Request,low,1
FB-11282,CU-9496,2026-07-21T00:21:00,"For the record, The interface redesign is intuitive and reduced training time. This is impacting customers in Mumbai. Logged by the duty manager.",InsightMobile,Customer Support,Email,Delhi,Startup,5,resolved,negative,neutral,UX/UI,Praise,low,1
FB-10736,CU-1653,2026-07-20T19:26:00,"Hello team, Consider adding a weekly digest for managers. Please treat this as high priority. Please advise.",InsightChat,Finance,Survey,London,Consumer,4,resolved,neutral,neutral,Other,Suggestion,low,1
FB-12012,CU-4613,2026-07-20T18:08:00,Quick update: Documentation update saved our engineering team hours. A workaround exists but it is not acceptable long term. Sharing this from the field.,InsightPay,HR,Email,Chennai,SMB,4,closed,neutral,frustration,UX/UI,Suggestion,low,1
FB-10425,CU-7586,2026-07-20T18:03:00,Quick update: Refund for a failed InsightChat payment is still pending. We have seen this twice already.,InsightAnalytics,Engineering,Social Media,New York,Internal,1,open,negative,anger,Technical Issue,Bug Report,critical,5
FB-10417,CU-1311,2026-07-20T15:14:00,"To be clear, Sales team prepared a thoughtful demo for our executives. The team mentioned InsightChat in the weekly review. Sharing this from the field.",InsightPay,Sales,Chat,Jaipur,Startup,5,in_progress,positive,joy,Product,Praise,low,1
FB-11214,CU-2613,2026-07-20T14:58:00,"For the record, Please confirm whether SSO is enabled for partner accounts. The issue started last Thursday.",InsightPortal,Product,Email,Delhi,Partner,4,open,neutral,neutral,Security,Request,low,1
FB-10337,CU-9039,2026-07-20T12:36:00,Quick update: The InsightPortal rollout is scheduled for next Monday in Mumbai. This happened after the latest update. Please advise.,InsightPay,Sales,Internal,Pune,Consumer,4,resolved,negative,frustration,Technical Issue,Complaint,high,2
FB-11609,CU-4421,2026-07-20T10:35:00,Quick update: Response time from customer support is getting worse every week. Please treat this as high priority.,InsightChat,Customer Support,Email,Kolkata,Consumer,2,in_progress,neutral,neutral,Customer Support,Request,low,2
FB-10568,CU-4784,2026-07-20T10:33:00,"For the record, I am angry that the ticket was closed without a resolution. I am following up because there was no response. Looking forward to a fix.",InsightMobile,Customer Support,Mobile App,New York,SMB,2,in_progress,negative,satisfaction,Customer Support,Praise,medium,2
FB-11193,CU-9155,2026-07-20T08:34:00,"Hi, We cannot login to InsightCRM since the last update. I am following up because there was no response.",InsightSecure,Engineering,Chat,Pune,Startup,2,open,negative,frustration,Technical Issue,Bug Report,critical,4
FB-10350,CU-7745,2026-07-20T05:36:00,"Hi, Mobile users report they cannot complete signup on InsightPortal. We have seen this twice already. Sharing this from the field.",InsightCRM,Customer Support,Internal,Dubai,SMB,2,in_progress,negative,anger,Technical Issue,Bug Report,critical,4
FB-11502,CU-4078,2026-07-20T03:52:00,"For the record, Appreciate the proactive outage communication. A workaround exists but it is not acceptable long term. Please advise.",InsightMobile,Finance,Chat,Singapore,Enterprise,5,open,neutral,neutral,UX/UI,Suggestion,medium,2
FB-10084,CU-3449,2026-07-20T02:01:00,"For the record, How do I export department analytics for last quarter? The team mentioned InsightMobile in the weekly review. Looking forward to a fix.",InsightAnalytics,Operations,Chat,Surat,Startup,4,open,neutral,confusion,Product,Praise,low,1
FB-11031,CU-5224,2026-07-19T23:49:00,"Hello team, Security alert fired after suspicious admin logins. Please treat this as high priority. Please advise.",InsightCloud,Engineering,Survey,Ahmedabad,SMB,1,open,neutral,anger,Security,Bug Report,critical,4
FB-10060,CU-5520,2026-07-19T20:22:00,"Hi, The latest release introduced a severe performance regression. The team mentioned InsightCRM in the weekly review.",InsightPay,Engineering,Call Center,Surat,Consumer,2,open,positive,disappointment,Product,Praise,medium,2
FB-10167,CU-1104,2026-07-19T17:48:00,"Hi, Billing error created an unauthorized charge on our card. Our enterprise account is affected. Sharing this from the field.",InsightCRM,Operations,Chat,Ahmedabad,SMB,2,in_progress,neutral,anger,Account,Request,high,4
FB-11094,CU-7763,2026-07-19T16:22:00,Quick update: Noting that the internal survey was completed by HR. This happened after the latest update.,InsightCRM,Product,Survey,Hyderabad,Consumer,3,resolved,negative,neutral,Technical Issue,Complaint,medium,2
FB-12105,CU-5097,2026-07-19T16:07:00,"Hi, Mobile users report they cannot complete signup on InsightChat. I attached screenshots in the original ticket. Sharing this from the field.",InsightSecure,Customer Support,Call Center,Hyderabad,Internal,2,resolved,negative,frustration,Technical Issue,Bug Report,critical,4
FB-11521,CU-5926,2026-07-19T10:51:00,Quick update: Sharing an FYI that finance will review invoices tomorrow. A workaround exists but it is not acceptable long term. Logged by the duty manager.,InsightPortal,Customer Support,Website,Dubai,SMB,4,open,neutral,neutral,Other,Information,low,2
FB-11920,CU-5317,2026-07-19T09:07:00,"For the record, Security alert fired after suspicious admin logins. Our enterprise account is affected.",InsightChat,Engineering,Call Center,Chennai,Consumer,2,open,neutral,anger,Security,Request,high,3
FB-11153,CU-9669,2026-07-19T02:29:00,"To be clear, The interface redesign is intuitive and reduced training time. We have seen this twice already. Thanks.",InsightPay,Product,Social Media,Bangalore,Startup,5,resolved,negative,anger,UX/UI,Praise,low,1
FB-10523,CU-5354,2026-07-19T01:10:00,"Hello team, Great improvement in mobile performance this month. The issue started last Thursday. Looking forward to a fix.",InsightCRM,Engineering,Mobile App,Pune,Consumer,5,in_progress,negative,frustration,Performance,Praise,low,1
FB-11556,CU-4577,2026-07-19T00:48:00,"Hello team, Refund was issued quickly and with a clear explanation. A workaround exists but it is not acceptable long term. Sharing this from the field.",InsightCloud,Sales,Email,Delhi,Startup,4,open,positive,satisfaction,Payment,Praise,low,2
FB-10552,CU-3460,2026-07-18T23:32:00,"For the record, Average experience so far, we are still evaluating InsightCRM. This is impacting customers in Mumbai. Logged by the duty manager.",InsightCloud,Sales,Website,Jaipur,Consumer,3,in_progress,negative,neutral,Product,Information,low,1
FB-12183,CU-8437,2026-07-18T21:32:00,We are happy with the reliability of InsightSecure this quarter. I am following up because there was no response. Looking forward to a fix.,InsightPortal,Finance,Mobile App,London,Internal,5,in_progress,positive,joy,Product,Praise,low,1
FB-10635,CU-6288,2026-07-18T16:37:00,Quick update: We cannot login to InsightAnalytics since the last update. Please treat this as high priority. Please advise.,InsightChat,Engineering,Chat,Hyderabad,SMB,2,closed,negative,frustration,Technical Issue,Bug Report,critical,4
FB-11045,CU-5002,2026-07-18T13:53:00,"For the record, Response time from customer support is getting worse every week. Please treat this as high priority.",InsightPay,Customer Support,Website,London,Partner,2,in_progress,neutral,neutral,Customer Support,Request,medium,2
FB-11598,CU-1005,2026-07-18T08:55:00,"For the record, Response time from customer support is getting worse every week. I am following up because there was no response. Logged by the duty manager.",InsightSecure,Customer Support,Social Media,Kolkata,Startup,2,closed,neutral,neutral,Customer Support,Request,low,2
FB-11509,CU-6096,2026-07-18T06:29:00,"To be clear, Sharing an FYI that finance will review invoices tomorrow. The team mentioned InsightSecure in the weekly review. Sharing this from the field.",InsightPay,Product,Email,Bangalore,Startup,4,closed,neutral,neutral,Product,Information,low,2
FB-10461,CU-4581,2026-07-18T06:28:00,"To be clear, I am delighted with the quality of the latest InsightPortal release. Our enterprise account is affected. Logged by the duty manager.",InsightCRM,Engineering,Social Media,Pune,Consumer,4,in_progress,positive,joy,Product,Praise,low,1
FB-11069,CU-5375,2026-07-18T05:27:00,"Hello team, Feature request: webhook retries with exponential backoff. Our enterprise account is affected. Please advise.",InsightPortal,Product,Internal,Ahmedabad,Enterprise,3,in_progress,neutral,neutral,Account,Request,low,1
FB-12019,CU-1390,2026-07-18T05:07:00,"For the record, Search is too slow to be usable during business hours. We have seen this twice already. Thanks.",InsightSecure,Sales,Website,Chennai,Internal,2,resolved,negative,anger,Technical Issue,Bug Report,high,3
FB-10421,CU-1826,2026-07-18T04:54:00,"Hi, Response time from customer support is getting worse every week. The issue started last Thursday. Please advise.",InsightCloud,Customer Support,Internal,Singapore,Consumer,2,closed,neutral,neutral,Customer Support,Request,low,2
FB-11099,CU-1821,2026-07-18T04:36:00,"To be clear, Documentation update saved our engineering team hours. A workaround exists but it is not acceptable long term. Logged by the duty manager.",InsightAnalytics,Engineering,Email,Singapore,Internal,5,open,positive,joy,Product,Praise,low,1
FB-10883,CU-1718,2026-07-18T04:14:00,"Average experience so far, we are still evaluating InsightSecure. The issue started last Thursday. Logged by the duty manager.",InsightChat,HR,Call Center,Chennai,Consumer,3,in_progress,negative,anger,Product,Complaint,high,2
FB-10658,CU-8728,2026-07-18T01:08:00,"Hello team, Billing error created an unauthorized charge on our card. I am following up because there was no response. Looking forward to a fix.",InsightPortal,Engineering,Survey,Bangalore,Partner,1,resolved,negative,anger,Payment,Praise,critical,5
FB-10324,CU-3945,2026-07-17T22:38:00,Delivery was extremely late and customer support did not respond. The team mentioned InsightChat in the weekly review. Thanks.,InsightChat,Operations,Internal,Kolkata,Consumer,2,in_progress,negative,frustration,Customer Support,Complaint,critical,3
FB-11757,CU-2217,2026-07-17T21:49:00,"For the record, Refund was issued quickly and with a clear explanation. I attached screenshots in the original ticket. Please advise.",InsightMobile,Customer Support,Chat,London,Startup,4,open,positive,satisfaction,Payment,Praise,low,2
FB-10259,CU-8972,2026-07-17T20:33:00,Chat support was knowledgeable and patient. We have seen this twice already. Thanks.,InsightSecure,Customer Support,Social Media,Bangalore,Partner,5,resolved,negative,anger,Customer Support,Bug Report,medium,1
FB-11891,CU-6087,2026-07-17T11:38:00,Quick update: We may add twenty more seats if the trial goes well. The team mentioned InsightPay in the weekly review.,InsightAnalytics,Sales,Chat,Chennai,Startup,3,closed,neutral,joy,Product,Praise,low,1
FB-11033,CU-5974,2026-07-17T09:59:00,"To be clear, Call center agents read from a script and did not understand the issue. This is impacting customers in Delhi. Sharing this from the field.",InsightCRM,Sales,Email,Hyderabad,SMB,2,in_progress,negative,anger,Customer Support,Complaint,high,2
FB-11629,CU-4808,2026-07-17T07:15:00,Quick update: The latest release introduced a severe performance regression. The team mentioned InsightCRM in the weekly review. Thanks.,InsightPay,Engineering,Social Media,Hyderabad,SMB,1,resolved,negative,disappointment,Product,Complaint,critical,3
FB-12144,CU-4480,2026-07-17T06:49:00,"For the record, Documentation update saved our engineering team hours. This is impacting customers in Dubai. Sharing this from the field.",InsightAnalytics,Customer Support,Internal,Kolkata,SMB,5,in_progress,neutral,neutral,Documentation,Praise,low,1
FB-11964,CU-4372,2026-07-17T06:04:00,"Hi, Package for InsightCloud arrived damaged in Surat. We have seen this twice already. Sharing this from the field.",InsightCloud,Product,Call Center,Surat,Enterprise,2,closed,negative,anger,Technical Issue,Bug Report,critical,4
FB-12165,CU-2189,2026-07-17T04:57:00,"For the record, I am delighted with the quality of the latest InsightAnalytics release. I attached screenshots in the original ticket. Sharing this from the field.",InsightAnalytics,Customer Support,Website,Pune,Consumer,4,resolved,positive,joy,Service,Praise,low,1
FB-11401,CU-7181,2026-07-17T04:33:00,"For the record, Search is too slow to be usable during business hours. This is impacting customers in Jaipur.",InsightChat,Customer Support,Mobile App,New York,Enterprise,2,in_progress,negative,neutral,Performance,Praise,medium,2
FB-11353,CU-5480,2026-07-17T03:14:00,"To be clear, We cannot login to InsightMobile since the last update. A workaround exists but it is not acceptable long term. Sharing this from the field.",InsightAnalytics,Engineering,Internal,Pune,Internal,2,closed,negative,frustration,Technical Issue,Bug Report,high,3
FB-10995,CU-5279,2026-07-17T02:20:00,"To be clear, We may add twenty more seats if the trial goes well. I am following up because there was no response. Looking forward to a fix.",InsightSecure,Sales,Survey,Singapore,Internal,3,open,positive,anger,Product,Praise,low,1
FB-11641,CU-5316,2026-07-17T02:16:00,"To be clear, Can you schedule a training session for the operations team? Our enterprise account is affected. Sharing this from the field.",InsightChat,Engineering,Website,Pune,Consumer,3,in_progress,neutral,neutral,Account,Request,low,1
FB-11776,CU-7245,2026-07-17T02:04:00,"Hi, I am frustrated that the InsightSecure app crashes during payment. We have seen this twice already. Logged by the duty manager.",InsightChat,Engineering,Mobile App,Surat,Startup,2,in_progress,negative,anger,Technical Issue,Bug Report,critical,5
FB-10999,CU-6054,2026-07-17T00:36:00,"Hi, Sharing an FYI that finance will review invoices tomorrow. Our enterprise account is affected. Looking forward to a fix.",InsightPortal,HR,Survey,Delhi,SMB,3,resolved,neutral,neutral,Account,Information,low,2
FB-10610,CU-9955,2026-07-17T00:23:00,"For the record, Sales team prepared a thoughtful demo for our executives. I am following up because there was no response.",InsightChat,Sales,Mobile App,Hyderabad,SMB,4,resolved,positive,joy,Service,Praise,low,1
FB-11117,CU-6352,2026-07-17T00:06:00,Quick update: Please confirm whether SSO is enabled for partner accounts. We have seen this twice already. Sharing this from the field.,InsightCloud,Sales,Social Media,Kolkata,Partner,3,open,negative,anger,Technical Issue,Request,medium,2
FB-12131,CU-5317,2026-07-16T04:36:00,"Hi, Package for InsightChat arrived damaged in Surat. I am following up because there was no response. Logged by the duty manager.",InsightAnalytics,Sales,Social Media,Delhi,Internal,1,resolved,positive,frustration,Delivery,Praise,low,2
FB-10870,CU-2291,2026-07-16T03:11:00,We cannot login to InsightCloud since the last update. We have seen this twice already.,InsightCRM,Engineering,Call Center,Ahmedabad,Startup,2,open,negative,anger,Technical Issue,Bug Report,critical,4
FB-10261,CU-3373,2026-07-16T02:24:00,"For the record, We may add twenty more seats if the trial goes well. Our enterprise account is affected. Sharing this from the field.",InsightAnalytics,Engineering,Email,London,Startup,4,in_progress,neutral,neutral,Account,Request,low,1
FB-11788,CU-9596,2026-07-15T23:46:00,The courier missed the delivery window three times in New York. The team mentioned InsightCloud in the weekly review. Please advise.,InsightCloud,Operations,Internal,Ahmedabad,Internal,1,closed,positive,frustration,Customer Support,Praise,low,2
FB-10659,CU-5550,2026-07-15T19:53:00,"Hi, I am angry that the ticket was closed without a resolution. This is impacting customers in Hyderabad. Sharing this from the field.",InsightCRM,Customer Support,Email,Dubai,Consumer,1,in_progress,negative,anger,Customer Support,Information,high,2
FB-10844,CU-9420,2026-07-15T14:48:00,"Hi, Great improvement in mobile performance this month. I am following up because there was no response.",InsightPortal,Engineering,Website,London,Partner,5,resolved,positive,anger,Performance,Suggestion,low,1
FB-10002,CU-2139,2026-07-15T11:36:00,InsightSecure audit logs are exactly what compliance needed. The team mentioned InsightCloud in the weekly review. Sharing this from the field.,InsightCRM,Finance,Website,London,SMB,5,resolved,positive,joy,Product,Praise,low,1
FB-12044,CU-7769,2026-07-15T10:18:00,"For the record, Documentation is outdated and caused a production misconfiguration. We have seen this twice already. Looking forward to a fix.",InsightChat,Product,Mobile App,Chennai,SMB,2,in_progress,negative,anger,Documentation,Bug Report,high,2
FB-12034,CU-6677,2026-07-15T09:33:00,"For the record, Great improvement in mobile performance this month. I am following up because there was no response. Please advise.",InsightAnalytics,Operations,Website,Chennai,Startup,4,open,neutral,neutral,Performance,Suggestion,low,1
FB-10944,CU-9593,2026-07-15T06:52:00,"Hello team, Support never called back after I reported a critical outage. I attached screenshots in the original ticket. Logged by the duty manager.",InsightChat,Customer Support,Mobile App,Delhi,Consumer,2,in_progress,negative,frustration,Customer Support,Complaint,critical,4
FB-10911,CU-2448,2026-07-15T06:23:00,"Average experience so far, we are still evaluating InsightCloud. We have seen this twice already.",InsightChat,Engineering,Website,Pune,SMB,3,resolved,negative,anger,Technical Issue,Bug Report,high,3
FB-10858,CU-4313,2026-07-15T04:15:00,Search is too slow to be usable during business hours. We have seen this twice already. Looking forward to a fix.,InsightPortal,Product,Email,Pune,Enterprise,1,resolved,negative,anger,Technical Issue,Bug Report,critical,4
FB-11477,CU-8926,2026-07-15T01:43:00,Quick update: The onboarding specialist made InsightCloud easy to adopt. The issue started last Thursday. Sharing this from the field.,InsightMobile,Finance,Internal,Surat,Internal,5,resolved,negative,joy,Technical Issue,Praise,low,2
FB-11704,CU-1418,2026-07-14T21:40:00,"For the record, I am delighted with the quality of the latest InsightCRM release. The team mentioned InsightCloud in the weekly review. Looking forward to a fix.",InsightCRM,Product,Website,Chennai,Partner,5,in_progress,positive,joy,Product,Praise,low,1
FB-10472,CU-2093,2026-07-14T20:34:00,"For the record, Feature request: webhook retries with exponential backoff. We have seen this twice already.",InsightAnalytics,Finance,Call Center,Chennai,Consumer,3,closed,negative,anger,Technical Issue,Bug Report,medium,2
FB-10448,CU-4696,2026-07-14T18:51:00,Response time from customer support is getting worse every week. This is impacting customers in Hyderabad. Looking forward to a fix.,InsightPay,Customer Support,Chat,Surat,SMB,1,open,neutral,neutral,Customer Support,Request,medium,2
FB-11238,CU-3251,2026-07-14T17:57:00,"To be clear, Customer support resolved our incident in twenty minutes. The issue started last Thursday. Sharing this from the field.",InsightAnalytics,Customer Support,Social Media,Ahmedabad,SMB,4,open,neutral,anger,Customer Support,Request,low,1
FB-10300,CU-3686,2026-07-14T14:05:00,"Hello team, Delivery to Pune was earlier than the estimated date. I attached screenshots in the original ticket. Looking forward to a fix.",InsightAnalytics,Operations,Mobile App,Surat,Enterprise,5,resolved,positive,satisfaction,Delivery,Praise,low,1
FB-11819,CU-3906,2026-07-14T02:27:00,"For the record, I am angry that the ticket was closed without a resolution. Our enterprise account is affected. Sharing this from the field.",InsightCloud,Customer Support,Mobile App,Singapore,Startup,2,open,neutral,neutral,Customer Support,Request,low,2
FB-11778,CU-6537,2026-07-13T21:17:00,It would help to have saved filters on the explorer table. The issue started last Thursday. Please advise.,InsightSecure,Product,Survey,London,Consumer,3,resolved,neutral,neutral,Other,Suggestion,low,1
FB-11660,CU-5134,2026-07-13T17:24:00,"To be clear, Authentication failures are blocking our entire sales team. Our enterprise account is affected. Looking forward to a fix.",InsightAnalytics,Sales,Mobile App,Chennai,Enterprise,2,closed,negative,joy,Account,Request,medium,2
FB-10199,CU-8713,2026-07-13T17:11:00,"Hi, Refund was issued quickly and with a clear explanation. The issue started last Thursday. Sharing this from the field.",InsightAnalytics,Customer Support,Email,New York,Startup,5,resolved,positive,satisfaction,Customer Support,Praise,low,2
FB-10929,CU-4168,2026-07-13T15:57:00,Noting that the internal survey was completed by HR. The team mentioned InsightMobile in the weekly review.,InsightMobile,Customer Support,Social Media,Kolkata,Consumer,4,open,neutral,neutral,Other,Praise,low,1
FB-11421,CU-4791,2026-07-13T13:45:00,"For the record, Documentation update saved our engineering team hours. Please treat this as high priority.",InsightPortal,Operations,Survey,New York,Enterprise,5,resolved,neutral,neutral,Technical Issue,Suggestion,low,1
FB-11257,CU-2100,2026-07-13T12:48:00,"Hi, Documentation update saved our engineering team hours. The team mentioned InsightSecure in the weekly review. Looking forward to a fix.",InsightCRM,Engineering,Survey,London,Startup,5,closed,positive,joy,Product,Praise,low,1
FB-12118,CU-5983,2026-07-13T12:37:00,Quick update: Customer support resolved our incident in twenty minutes. We have seen this twice already. Logged by the duty manager.,InsightPortal,Customer Support,Internal,Jaipur,Partner,5,resolved,negative,anger,Customer Support,Bug Report,medium,1
FB-12058,CU-7316,2026-07-13T05:10:00,"To be clear, Consider adding a weekly digest for managers. The team mentioned InsightCRM in the weekly review. Sharing this from the field.",InsightPay,Customer Support,Call Center,Surat,Partner,3,resolved,positive,satisfaction,Product,Suggestion,low,1
FB-11458,CU-9309,2026-07-13T04:21:00,"Hello team, Loved the new InsightCRM dashboard, it is clean and fast. This happened after the latest update.",InsightPay,Customer Support,Chat,Dubai,Internal,4,open,negative,satisfaction,UX/UI,Praise,medium,1
FB-10542,CU-7047,2026-07-13T03:17:00,"For the record, Refund was issued quickly and with a clear explanation. This is impacting customers in London. Please advise.",InsightPortal,Finance,Social Media,Singapore,Internal,5,resolved,neutral,satisfaction,Payment,Suggestion,low,2
FB-11054,CU-4177,2026-07-13T03:15:00,Quick update: Package for InsightCRM arrived damaged in Dubai. We have seen this twice already. Looking forward to a fix.,InsightSecure,Finance,Website,Singapore,SMB,2,in_progress,negative,anger,Technical Issue,Bug Report,high,3
FB-11838,CU-6930,2026-07-13T02:28:00,"To be clear, Is there a sandbox for InsightPay chargebacks? A workaround exists but it is not acceptable long term. Sharing this from the field.",InsightMobile,Customer Support,Website,Hyderabad,SMB,4,open,neutral,satisfaction,Performance,Praise,low,2
FB-10111,CU-2758,2026-07-13T01:00:00,Quick update: The InsightMobile checkout failed and I was still charged. We have seen this twice already. Looking forward to a fix.,InsightAnalytics,Sales,Survey,Bangalore,Consumer,2,closed,negative,anger,Technical Issue,Bug Report,critical,5
FB-10961,CU-3444,2026-07-12T23:36:00,Quick update: Authentication failures are blocking our entire sales team. Please treat this as high priority.,InsightCloud,Customer Support,Email,Singapore,Internal,1,closed,negative,frustration,Technical Issue,Bug Report,high,3
FB-11828,CU-3222,2026-07-12T23:32:00,Need access for two additional analysts this week. I am following up because there was no response. Thanks.,InsightPortal,Sales,Website,Pune,SMB,3,open,negative,neutral,Customer Support,Request,low,1
FB-11134,CU-8904,2026-07-12T21:51:00,"To be clear, Payment reconciliation finally works without manual edits. Please treat this as high priority. Sharing this from the field.",InsightPay,Product,Social Media,London,Partner,5,in_progress,neutral,neutral,Customer Support,Bug Report,low,2
FB-11921,CU-4476,2026-07-12T19:10:00,Customer support resolved our incident in twenty minutes. Our enterprise account is affected. Thanks.,InsightCRM,Customer Support,Internal,Surat,Consumer,5,resolved,neutral,anger,Customer Support,Request,low,1
FB-11450,CU-2446,2026-07-12T11:58:00,Quick update: Documentation is outdated and caused a production misconfiguration. I am following up because there was no response. Logged by the duty manager.,InsightCRM,Customer Support,Website,Hyderabad,Internal,1,in_progress,negative,confusion,Documentation,Praise,medium,2
FB-11825,CU-4493,2026-07-12T08:02:00,"Hi, Package for InsightCloud arrived damaged in Singapore. The issue started last Thursday. Thanks.",InsightPay,HR,Internal,Dubai,Internal,2,open,negative,frustration,Delivery,Complaint,high,2
FB-10357,CU-7824,2026-07-12T06:33:00,Delivery to Surat was earlier than the estimated date. Please treat this as high priority. Logged by the duty manager.,InsightPay,Operations,Email,Chennai,Startup,4,in_progress,negative,neutral,Delivery,Bug Report,medium,1
FB-12003,CU-5575,2026-07-12T05:48:00,"To be clear, Loved the new InsightPay dashboard, it is clean and fast. We have seen this twice already. Logged by the duty manager.",InsightCloud,Sales,Survey,Mumbai,SMB,5,in_progress,positive,anger,UX/UI,Praise,low,1
FB-10209,CU-6123,2026-07-12T01:54:00,"Hi, Noting that the internal survey was completed by HR. The issue started last Thursday. Looking forward to a fix.",InsightAnalytics,Product,Chat,New York,Enterprise,3,open,neutral,neutral,Other,Information,low,1
FB-10495,CU-8279,2026-07-12T01:51:00,"For the record, The interface redesign is intuitive and reduced training time. This is impacting customers in Ahmedabad. Please advise.",InsightSecure,Finance,Call Center,Jaipur,Consumer,4,in_progress,negative,neutral,UX/UI,Praise,low,1
FB-12064,CU-2246,2026-07-11T22:13:00,"For the record, Delivery to Mumbai was earlier than the estimated date. Please treat this as high priority.",InsightMobile,Operations,Call Center,Mumbai,Internal,4,resolved,negative,neutral,Delivery,Suggestion,low,1
FB-11422,CU-3414,2026-07-11T21:23:00,"Hello team, The onboarding specialist made InsightAnalytics easy to adopt. Our enterprise account is affected. Sharing this from the field.",InsightPay,Operations,Call Center,Bangalore,Consumer,4,in_progress,positive,joy,Account,Request,low,1
FB-11310,CU-4933,2026-07-11T17:58:00,Quick update: Duplicate invoices were sent to finance after renewal. We have seen this twice already. Please advise.,InsightMobile,Product,Email,Dubai,Consumer,1,closed,negative,anger,Technical Issue,Bug Report,critical,5
FB-12196,CU-3212,2026-07-11T15:14:00,"Hello team, Can you schedule a training session for the operations team? We have seen this twice already. Please advise.",InsightCloud,HR,Email,Singapore,Internal,4,open,neutral,neutral,Customer Support,Request,low,1
FB-12075,CU-3499,2026-07-11T14:48:00,Quick update: Security alert fired after suspicious admin logins. We have seen this twice already. Please advise.,InsightPay,Engineering,Call Center,Kolkata,Enterprise,2,open,negative,anger,Security,Bug Report,critical,5
FB-11818,CU-7998,2026-07-11T09:26:00,"To be clear, Chat support was knowledgeable and patient. The team mentioned InsightCloud in the weekly review. Sharing this from the field.",InsightAnalytics,Customer Support,Website,Bangalore,Partner,4,resolved,positive,satisfaction,Customer Support,Praise,low,1
FB-10213,CU-4946,2026-07-11T05:04:00,"For the record, The interface redesign is intuitive and reduced training time. A workaround exists but it is not acceptable long term. Thanks.",InsightPortal,Product,Survey,Bangalore,Enterprise,5,in_progress,neutral,satisfaction,UX/UI,Information,low,1
FB-10228,CU-9810,2026-07-10T21:27:00,Support never called back after I reported a critical outage. A workaround exists but it is not acceptable long term. Thanks.,InsightCloud,Customer Support,Chat,London,Enterprise,1,resolved,negative,frustration,Customer Support,Complaint,critical,4
FB-10906,CU-4028,2026-07-10T16:57:00,Quick update: Noting that the internal survey was completed by HR. I attached screenshots in the original ticket. Sharing this from the field.,InsightPay,Customer Support,Call Center,Dubai,Enterprise,4,closed,neutral,neutral,Other,Information,low,1
FB-11423,CU-1396,2026-07-10T16:18:00,"To be clear, Need access for two additional analysts this week. I attached screenshots in the original ticket. Looking forward to a fix.",InsightPay,Customer Support,Call Center,Delhi,Internal,3,resolved,neutral,neutral,Customer Support,Request,low,1
FB-10297,CU-7633,2026-07-10T14:56:00,Quick update: We may add twenty more seats if the trial goes well. The issue started last Thursday. Sharing this from the field.,InsightCRM,Engineering,Website,Jaipur,Internal,4,resolved,neutral,anger,Customer Support,Bug Report,medium,1
FB-11872,CU-4578,2026-07-10T13:47:00,"For the record, The onboarding specialist made InsightCRM easy to adopt. This is impacting customers in Bangalore. Looking forward to a fix.",InsightPay,Operations,Email,Chennai,SMB,5,resolved,positive,joy,Product,Praise,low,1
FB-10384,CU-1334,2026-07-10T13:36:00,"To be clear, I am frustrated that the InsightAnalytics app crashes during payment. I attached screenshots in the original ticket. Please advise.",InsightChat,Customer Support,Internal,Jaipur,Enterprise,2,closed,neutral,neutral,Technical Issue,Praise,medium,4
FB-10898,CU-9671,2026-07-10T12:16:00,I am delighted with the quality of the latest InsightSecure release. This happened after the latest update.,InsightCloud,Sales,Website,Bangalore,Internal,5,resolved,positive,joy,Product,Praise,low,1
FB-10573,CU-6366,2026-07-10T11:07:00,Price increase was communicated poorly and feels unjustified. The issue started last Thursday. Sharing this from the field.,InsightCRM,Customer Support,Email,Delhi,Enterprise,1,resolved,negative,satisfaction,Customer Support,Praise,high,3
FB-11303,CU-3020,2026-07-10T05:38:00,"Hi, Appreciate the proactive outage communication. I attached screenshots in the original ticket. Please advise.",InsightSecure,Customer Support,Internal,Jaipur,Consumer,5,open,neutral,neutral,Customer Support,Praise,low,2
FB-12031,CU-9847,2026-07-10T04:53:00,"To be clear, Is there a sandbox for InsightPay chargebacks? Please treat this as high priority. Please advise.",InsightPay,Operations,Internal,Mumbai,Enterprise,4,closed,neutral,neutral,Documentation,Suggestion,low,2
FB-11970,CU-2252,2026-07-10T02:13:00,Quick update: Please confirm whether SSO is enabled for partner accounts. A workaround exists but it is not acceptable long term. Looking forward to a fix.,InsightPortal,Engineering,Email,Singapore,SMB,3,resolved,neutral,neutral,UX/UI,Request,low,1
FB-10831,CU-4496,2026-07-09T19:54:00,"Hello team, Delivery to Delhi was earlier than the estimated date. Our enterprise account is affected. Logged by the duty manager.",InsightChat,Operations,Call Center,Surat,Enterprise,5,in_progress,negative,satisfaction,Account,Request,low,1
FB-11787,CU-3042,2026-07-09T12:42:00,"For the record, Noting that the internal survey was completed by HR. The issue started last Thursday. Sharing this from the field.",InsightPortal,Sales,Call Center,Ahmedabad,SMB,4,in_progress,neutral,neutral,Other,Information,low,1
FB-10099,CU-7070,2026-07-09T11:25:00,"Hello team, Documentation is outdated and caused a production misconfiguration. The issue started last Thursday. Please advise.",InsightMobile,HR,Mobile App,Hyderabad,SMB,2,in_progress,neutral,confusion,Documentation,Request,low,2
FB-11889,CU-2015,2026-07-09T10:32:00,"Hi, Refund for a failed InsightPay payment is still pending. This is impacting customers in Hyderabad. Sharing this from the field.",InsightCloud,HR,Email,London,SMB,2,in_progress,negative,anger,Payment,Complaint,critical,5
FB-11354,CU-4954,2026-07-09T04:34:00,Payment reconciliation finally works without manual edits. The team mentioned InsightPortal in the weekly review. Logged by the duty manager.,InsightChat,Product,Call Center,Singapore,Enterprise,4,resolved,positive,neutral,Product,Praise,low,2
FB-11251,CU-5789,2026-07-08T22:13:00,"Hi, Feature request: webhook retries with exponential backoff. The team mentioned InsightChat in the weekly review. Looking forward to a fix.",InsightAnalytics,Sales,Email,Jaipur,Enterprise,3,resolved,positive,neutral,Product,Praise,low,1
FB-10891,CU-9831,2026-07-08T19:34:00,"Hello team, Appreciate the proactive outage communication. A workaround exists but it is not acceptable long term. Thanks.",InsightCloud,Operations,Mobile App,Hyderabad,Partner,4,in_progress,neutral,anger,UX/UI,Suggestion,medium,2
FB-10648,CU-9394,2026-07-08T09:50:00,"For the record, It would help to have saved filters on the explorer table. A workaround exists but it is not acceptable long term. Sharing this from the field.",InsightSecure,Engineering,Website,Bangalore,Startup,3,in_progress,neutral,neutral,Other,Suggestion,low,1
FB-11512,CU-7957,2026-07-08T04:18:00,"Hi, Consider adding a weekly digest for managers. This happened after the latest update. Thanks.",InsightPay,Engineering,Email,Kolkata,Internal,4,open,negative,disappointment,Technical Issue,Suggestion,medium,3
FB-11618,CU-5899,2026-07-08T03:50:00,Quick update: Customer support resolved our incident in twenty minutes. We have seen this twice already. Please advise.,InsightAnalytics,Customer Support,Internal,Dubai,SMB,5,in_progress,neutral,anger,Customer Support,Request,low,1
FB-11570,CU-4948,2026-07-08T01:31:00,"For the record, Customer support resolved our incident in twenty minutes. This is impacting customers in Mumbai.",InsightChat,Customer Support,Social Media,Dubai,Enterprise,5,open,neutral,anger,Customer Support,Request,low,1
FB-11079,CU-7501,2026-07-07T20:07:00,"For the record, Can you schedule a training session for the operations team? This happened after the latest update. Logged by the duty manager.",InsightPay,Product,Internal,Bangalore,Enterprise,3,resolved,neutral,neutral,Customer Support,Request,medium,1
FB-12094,CU-6034,2026-07-07T19:26:00,"For the record, Average experience so far, we are still evaluating InsightSecure. A workaround exists but it is not acceptable long term. Looking forward to a fix.",InsightCRM,Product,Internal,Pune,Enterprise,4,closed,neutral,neutral,Product,Information,low,1
FB-10459,CU-5049,2026-07-07T17:18:00,"Hello team, I am angry that the ticket was closed without a resolution. I am following up because there was no response.",InsightMobile,Customer Support,Website,London,Startup,1,resolved,positive,anger,Customer Support,Praise,low,2
FB-12098,CU-5485,2026-07-07T15:37:00,"For the record, Is there a sandbox for InsightPay chargebacks? The team mentioned InsightPay in the weekly review. Looking forward to a fix.",InsightMobile,Sales,Chat,Hyderabad,SMB,3,open,positive,joy,Product,Praise,low,2
FB-11866,CU-1836,2026-07-07T13:17:00,"To be clear, The onboarding specialist made InsightSecure easy to adopt. This is impacting customers in Dubai. Please advise.",InsightAnalytics,Engineering,Email,Pune,SMB,4,open,positive,joy,Product,Praise,low,1
FB-10447,CU-2994,2026-07-07T10:27:00,Quick update: Consider adding a weekly digest for managers. A workaround exists but it is not acceptable long term. Logged by the duty manager.,InsightChat,Product,Internal,Chennai,Startup,4,in_progress,neutral,neutral,UX/UI,Suggestion,low,1
FB-11444,CU-3552,2026-07-07T09:43:00,"For the record, I am delighted with the quality of the latest InsightCloud release. Our enterprise account is affected. Sharing this from the field.",InsightCRM,HR,Website,Delhi,Enterprise,5,closed,positive,joy,Product,Praise,low,1
FB-11695,CU-8359,2026-07-07T02:06:00,"Hi, The InsightSecure rollout is scheduled for next Monday in New York. I attached screenshots in the original ticket. Looking forward to a fix.",InsightCRM,Customer Support,Call Center,Ahmedabad,Internal,4,open,neutral,frustration,Delivery,Praise,low,1
FB-11480,CU-4219,2026-07-06T19:47:00,Please confirm whether SSO is enabled for partner accounts. We have seen this twice already. Looking forward to a fix.,InsightCloud,Product,Website,Bangalore,Startup,3,open,negative,anger,Security,Bug Report,high,2
FB-10237,CU-9423,2026-07-06T19:43:00,"Hi, Search is too slow to be usable during business hours. The team mentioned InsightCloud in the weekly review. Sharing this from the field.",InsightMobile,HR,Email,Chennai,SMB,1,open,positive,joy,Product,Praise,low,2
FB-10091,CU-3068,2026-07-06T19:43:00,"For the record, The interface redesign is intuitive and reduced training time. This is impacting customers in Kolkata. Logged by the duty manager.",InsightPortal,Customer Support,Mobile App,Delhi,Internal,4,open,negative,neutral,UX/UI,Praise,low,1
FB-10807,CU-7493,2026-07-06T18:08:00,"Hi, Sales team prepared a thoughtful demo for our executives. I attached screenshots in the original ticket. Sharing this from the field.",InsightCRM,Customer Support,Mobile App,Dubai,Consumer,5,closed,positive,satisfaction,Customer Support,Praise,low,1
FB-11091,CU-7446,2026-07-06T17:53:00,"Hi, The interface redesign is intuitive and reduced training time. Our enterprise account is affected. Sharing this from the field.",InsightSecure,Sales,Survey,Bangalore,Consumer,5,resolved,negative,joy,Account,Request,low,1
FB-10930,CU-1477,2026-07-06T16:11:00,Quick update: Appreciate the proactive outage communication. I am following up because there was no response. Thanks.,InsightSecure,Engineering,Survey,Delhi,Partner,5,resolved,negative,anger,Customer Support,Praise,high,2
FB-12176,CU-1109,2026-07-06T15:16:00,Quick update: Documentation update saved our engineering team hours. The team mentioned InsightMobile in the weekly review. Looking forward to a fix.,InsightCloud,Operations,Mobile App,Kolkata,Enterprise,5,open,positive,joy,Product,Praise,low,1
FB-10780,CU-7466,2026-07-06T10:48:00,Billing error created an unauthorized charge on our card. A workaround exists but it is not acceptable long term. Logged by the duty manager.,InsightCRM,Operations,Social Media,Jaipur,Consumer,1,in_progress,neutral,anger,Payment,Suggestion,critical,5
FB-10328,CU-5603,2026-07-06T08:16:00,Quick update: The interface redesign is intuitive and reduced training time. I am following up because there was no response.,InsightMobile,Sales,Social Media,Dubai,Startup,4,open,positive,joy,UX/UI,Praise,low,1
FB-10774,CU-1384,2026-07-06T08:12:00,"To be clear, Payment reconciliation finally works without manual edits. I am following up because there was no response. Sharing this from the field.",InsightAnalytics,Sales,Internal,Hyderabad,SMB,5,open,positive,satisfaction,Customer Support,Praise,low,2
FB-12138,CU-3238,2026-07-06T05:21:00,"To be clear, I am delighted with the quality of the latest InsightCRM release. This happened after the latest update. Looking forward to a fix.",InsightCRM,Customer Support,Email,Pune,Consumer,5,open,positive,joy,Product,Praise,low,1
FB-11116,CU-2249,2026-07-06T04:06:00,"Hello team, Call center agents read from a script and did not understand the issue. Our enterprise account is affected.",InsightMobile,HR,Survey,New York,Startup,1,in_progress,negative,anger,Account,Request,high,2
FB-11717,CU-7989,2026-07-05T18:26:00,"For the record, Documentation is outdated and caused a production misconfiguration. A workaround exists but it is not acceptable long term. Please advise.",InsightPay,Finance,Social Media,Chennai,SMB,1,resolved,neutral,neutral,UX/UI,Suggestion,medium,2
FB-10067,CU-5564,2026-07-05T17:23:00,"For the record, Authentication failures are blocking our entire sales team. I am following up because there was no response. Looking forward to a fix.",InsightCloud,HR,Call Center,Singapore,Consumer,2,resolved,positive,joy,Product,Bug Report,low,2
FB-10699,CU-4318,2026-07-05T16:57:00,Quick update: The current plan is acceptable but we will compare alternatives. The issue started last Thursday. Sharing this from the field.,InsightCRM,Finance,Survey,London,Enterprise,3,in_progress,neutral,frustration,Customer Support,Information,medium,1
FB-10082,CU-2374,2026-07-05T16:54:00,Quick update: Billing error created an unauthorized charge on our card. Our enterprise account is affected. Please advise.,InsightCloud,Product,Email,Bangalore,Consumer,2,closed,neutral,anger,Account,Request,high,4
FB-12169,CU-1058,2026-07-05T14:55:00,"To be clear, We cannot login to InsightCloud since the last update. We have seen this twice already. Logged by the duty manager.",InsightChat,Engineering,Mobile App,Dubai,SMB,1,in_progress,negative,anger,Technical Issue,Bug Report,critical,4
FB-11783,CU-3761,2026-07-05T13:08:00,"For the record, Refund was issued quickly and with a clear explanation. We have seen this twice already. Looking forward to a fix.",InsightPortal,Product,Website,Ahmedabad,Enterprise,5,in_progress,positive,anger,Payment,Praise,low,2
FB-10748,CU-6818,2026-07-05T10:11:00,Quick update: Can you schedule a training session for the operations team? This is impacting customers in Singapore. Looking forward to a fix.,InsightCloud,Product,Email,New York,Consumer,3,resolved,neutral,neutral,Customer Support,Request,low,1
FB-11676,CU-4031,2026-07-05T05:59:00,"Hi, How do I export department analytics for last quarter? The issue started last Thursday. Sharing this from the field.",InsightMobile,Product,Chat,Singapore,Startup,4,open,neutral,confusion,Customer Support,Question,low,1
FB-10838,CU-5575,2026-07-05T04:15:00,"Hello team, We cannot login to InsightAnalytics since the last update. This happened after the latest update. Thanks.",InsightSecure,Engineering,Internal,Delhi,Consumer,1,open,negative,frustration,Technical Issue,Bug Report,critical,4
FB-10828,CU-9769,2026-07-05T02:17:00,"Hello team, I am delighted with the quality of the latest InsightChat release. I attached screenshots in the original ticket.",InsightCloud,Customer Support,Social Media,Mumbai,Enterprise,5,closed,positive,joy,Product,Praise,low,1
FB-11684,CU-9925,2026-07-05T00:35:00,"Hello team, Authentication failures are blocking our entire sales team. We have seen this twice already.",InsightAnalytics,Operations,Internal,Bangalore,Internal,2,open,negative,anger,Technical Issue,Bug Report,high,3
FB-11954,CU-4582,2026-07-04T22:03:00,Quick update: We are happy with the reliability of InsightPortal this quarter. We have seen this twice already. Logged by the duty manager.,InsightPay,Operations,Website,Singapore,Startup,5,resolved,positive,joy,Product,Praise,low,1
FB-10415,CU-5930,2026-07-04T20:54:00,"For the record, Delivery was extremely late and customer support did not respond. This happened after the latest update. Thanks.",InsightCRM,Operations,Internal,Mumbai,Consumer,2,in_progress,negative,frustration,Customer Support,Complaint,critical,3
FB-11152,CU-2170,2026-07-04T18:03:00,"To be clear, Security alert fired after suspicious admin logins. I am following up because there was no response. Thanks.",InsightMobile,Engineering,Internal,New York,Partner,1,in_progress,positive,anger,Security,Praise,high,3
FB-11552,CU-4170,2026-07-04T18:01:00,Where can I find the data retention policy? The issue started last Thursday. Looking forward to a fix.,InsightCloud,Customer Support,Chat,Ahmedabad,Startup,3,in_progress,neutral,confusion,Other,Question,low,1
FB-10567,CU-3792,2026-07-04T16:52:00,The current plan is acceptable but we will compare alternatives. The issue started last Thursday.,InsightSecure,Product,Chat,Delhi,Partner,3,closed,neutral,neutral,Performance,Information,low,1
FB-11275,CU-6771,2026-07-04T16:34:00,I am frustrated that the InsightPortal app crashes during payment. I attached screenshots in the original ticket. Thanks.,InsightMobile,Customer Support,Internal,Chennai,SMB,2,in_progress,negative,joy,Customer Support,Praise,high,4
FB-10185,CU-1062,2026-07-04T15:09:00,Sales team prepared a thoughtful demo for our executives. Our enterprise account is affected.,InsightPay,Product,Chat,Surat,Startup,5,resolved,neutral,joy,Account,Request,low,1
FB-11979,CU-9685,2026-07-04T12:42:00,Mobile users report they cannot complete signup on InsightPay. Our enterprise account is affected. Looking forward to a fix.,InsightChat,HR,Internal,London,Startup,2,resolved,negative,frustration,Account,Bug Report,critical,3
FB-10852,CU-2433,2026-07-04T11:43:00,Quick update: I am delighted with the quality of the latest InsightCloud release. We have seen this twice already. Thanks.,InsightSecure,Finance,Website,Mumbai,Startup,4,open,positive,joy,Product,Praise,low,1
FB-11523,CU-3315,2026-07-04T02:01:00,"To be clear, Sales team prepared a thoughtful demo for our executives. This is impacting customers in Hyderabad. Please advise.",InsightCloud,HR,Internal,Kolkata,Partner,4,open,neutral,neutral,Product,Praise,low,1
FB-11559,CU-9077,2026-07-03T23:41:00,"Hello team, Please confirm whether SSO is enabled for partner accounts. Our enterprise account is affected. Looking forward to a fix.",InsightCloud,HR,Chat,Bangalore,Startup,3,open,neutral,neutral,Account,Request,low,1
FB-12048,CU-3137,2026-07-03T23:12:00,"Hi, Delivery to Hyderabad was earlier than the estimated date. Please treat this as high priority. Looking forward to a fix.",InsightPortal,Operations,Call Center,Chennai,Consumer,5,in_progress,negative,satisfaction,Technical Issue,Bug Report,low,2
FB-11263,CU-2966,2026-07-03T19:05:00,"Hello team, The InsightCloud checkout failed and I was still charged. We have seen this twice already. Sharing this from the field.",InsightMobile,Engineering,Email,Pune,Internal,2,open,negative,anger,Technical Issue,Bug Report,critical,5
FB-11012,CU-8363,2026-07-03T15:06:00,"Hi, Refund was issued quickly and with a clear explanation. I am following up because there was no response. Looking forward to a fix.",InsightAnalytics,HR,Email,Bangalore,Consumer,5,open,positive,satisfaction,Payment,Praise,low,2
FB-11207,CU-2737,2026-07-03T07:02:00,Consider adding a weekly digest for managers. The team mentioned InsightPortal in the weekly review. Sharing this from the field.,InsightPortal,Engineering,Website,Mumbai,Startup,3,in_progress,positive,neutral,Other,Suggestion,low,1
FB-11754,CU-1346,2026-07-03T06:20:00,"Hi, Average experience so far, we are still evaluating InsightCloud. A workaround exists but it is not acceptable long term. Thanks.",InsightChat,Engineering,Email,London,Internal,3,in_progress,negative,anger,Product,Information,medium,1
FB-10519,CU-7925,2026-07-03T04:32:00,"To be clear, We may add twenty more seats if the trial goes well. The team mentioned InsightMobile in the weekly review. Thanks.",InsightSecure,Customer Support,Internal,Pune,SMB,3,open,positive,joy,Product,Praise,low,1
FB-10793,CU-1645,2026-07-03T01:41:00,"Hi, Refund for a failed InsightChat payment is still pending. This happened after the latest update. Looking forward to a fix.",InsightAnalytics,Product,Website,New York,Internal,2,resolved,negative,anger,Payment,Complaint,critical,5
FB-10600,CU-2753,2026-07-03T01:05:00,"For the record, Duplicate invoices were sent to finance after renewal. This is impacting customers in Pune.",InsightPay,Product,Survey,Jaipur,Enterprise,2,resolved,negative,neutral,Payment,Complaint,high,4
FB-10031,CU-3068,2026-07-03T00:39:00,"For the record, Delivery was extremely late and customer support did not respond. The issue started last Thursday.",InsightMobile,Operations,Internal,London,Enterprise,1,in_progress,negative,frustration,Customer Support,Complaint,critical,3
FB-11653,CU-3051,2026-07-02T23:07:00,"Hi, Search is too slow to be usable during business hours. This is impacting customers in Ahmedabad. Looking forward to a fix.",InsightCloud,HR,Survey,Dubai,Consumer,2,closed,negative,frustration,Performance,Praise,medium,2
FB-11252,CU-5911,2026-07-02T15:39:00,"To be clear, The current plan is acceptable but we will compare alternatives. I attached screenshots in the original ticket. Sharing this from the field.",InsightCRM,Customer Support,Email,Ahmedabad,SMB,3,open,neutral,neutral,Performance,Information,low,1
FB-10047,CU-3369,2026-07-02T15:30:00,"Hi, Feature request: webhook retries with exponential backoff. We have seen this twice already. Sharing this from the field.",InsightCRM,Engineering,Chat,Delhi,Partner,3,in_progress,negative,anger,Technical Issue,Bug Report,high,2
FB-12038,CU-2609,2026-07-02T04:04:00,"Hi, We may add twenty more seats if the trial goes well. I am following up because there was no response. Thanks.",InsightSecure,Customer Support,Call Center,Bangalore,SMB,4,resolved,neutral,anger,Customer Support,Praise,low,1
FB-11371,CU-7623,2026-07-02T02:21:00,"To be clear, I am delighted with the quality of the latest InsightCRM release. I am following up because there was no response. Looking forward to a fix.",InsightMobile,Engineering,Survey,Dubai,Startup,4,in_progress,positive,joy,Product,Praise,low,1
FB-11885,CU-9622,2026-07-01T22:21:00,"To be clear, Price increase was communicated poorly and feels unjustified. The team mentioned InsightPortal in the weekly review. Sharing this from the field.",InsightSecure,Operations,Mobile App,Hyderabad,Enterprise,2,in_progress,positive,satisfaction,Product,Praise,low,3
FB-10140,CU-9180,2026-07-01T22:04:00,Quick update: We may add twenty more seats if the trial goes well. A workaround exists but it is not acceptable long term. Logged by the duty manager.,InsightChat,Finance,Email,London,Startup,3,open,neutral,neutral,UX/UI,Suggestion,low,1
FB-10216,CU-9552,2026-07-01T20:51:00,"For the record, Appreciate the proactive outage communication. The team mentioned InsightCloud in the weekly review. Thanks.",InsightAnalytics,Sales,Survey,New York,Enterprise,4,open,positive,joy,Product,Praise,low,2
FB-10299,CU-9202,2026-07-01T20:28:00,Authentication failures are blocking our entire sales team. This is impacting customers in Jaipur. Logged by the duty manager.,InsightCloud,Finance,Mobile App,Mumbai,Partner,2,closed,negative,neutral,Technical Issue,Bug Report,high,3
FB-11141,CU-5081,2026-07-01T19:03:00,"Hi, Security alert fired after suspicious admin logins. Our enterprise account is affected. Thanks.",InsightPay,Engineering,Chat,Mumbai,Internal,2,open,negative,anger,Security,Request,high,4
FB-11241,CU-3787,2026-07-01T18:12:00,Appreciate the proactive outage communication. A workaround exists but it is not acceptable long term. Looking forward to a fix.,InsightCRM,Operations,Chat,Hyderabad,Enterprise,5,open,neutral,anger,UX/UI,Suggestion,medium,2
FB-10547,CU-3295,2026-07-01T13:09:00,I am delighted with the quality of the latest InsightMobile release. We have seen this twice already. Thanks.,InsightMobile,Engineering,Social Media,Chennai,Consumer,4,resolved,positive,joy,Product,Praise,low,1
FB-10311,CU-2838,2026-07-01T09:13:00,Need access for two additional analysts this week. This happened after the latest update. Looking forward to a fix.,InsightAnalytics,Operations,Survey,Singapore,Enterprise,3,resolved,negative,neutral,Customer Support,Request,medium,2
FB-12072,CU-2272,2026-07-01T08:54:00,We cannot login to InsightAnalytics since the last update. This is impacting customers in Surat. Logged by the duty manager.,InsightPortal,Engineering,Mobile App,Chennai,Enterprise,2,resolved,negative,frustration,Technical Issue,Bug Report,critical,4
FB-11746,CU-1118,2026-07-01T08:28:00,"To be clear, Documentation update saved our engineering team hours. The issue started last Thursday. Looking forward to a fix.",InsightCloud,Finance,Chat,Mumbai,Internal,5,in_progress,positive,joy,Product,Praise,low,1
FB-11197,CU-1984,2026-07-01T02:42:00,"Hi, Duplicate invoices were sent to finance after renewal. A workaround exists but it is not acceptable long term. Sharing this from the field.",InsightMobile,Sales,Call Center,Hyderabad,Enterprise,2,open,neutral,satisfaction,Payment,Complaint,medium,3
FB-12073,CU-5878,2026-07-01T01:28:00,"For the record, The latest release introduced a severe performance regression. This is impacting customers in Delhi. Logged by the duty manager.",InsightPay,Product,Mobile App,Delhi,Partner,2,closed,neutral,disappointment,Product,Complaint,high,2
FB-11299,CU-9698,2026-07-01T00:23:00,"Loved the new InsightSecure dashboard, it is clean and fast. This happened after the latest update. Looking forward to a fix.",InsightPay,Operations,Mobile App,London,Internal,5,in_progress,negative,satisfaction,UX/UI,Complaint,medium,2
FB-10468,CU-4058,2026-06-30T22:38:00,Great improvement in mobile performance this month. Our enterprise account is affected. Logged by the duty manager.,InsightPortal,Customer Support,Call Center,Surat,Consumer,5,open,neutral,frustration,Account,Request,low,1
FB-10576,CU-1490,2026-06-30T20:33:00,"Hi, Great improvement in mobile performance this month. We have seen this twice already. Sharing this from the field.",InsightSecure,Engineering,Mobile App,Mumbai,Startup,5,in_progress,negative,anger,Technical Issue,Bug Report,medium,2
FB-11732,CU-4434,2026-06-30T18:26:00,"Hello team, Sharing an FYI that finance will review invoices tomorrow. This is impacting customers in Jaipur. Thanks.",InsightCloud,Sales,Website,Dubai,Internal,3,in_progress,neutral,neutral,Other,Information,low,2
FB-10664,CU-3827,2026-06-30T16:09:00,"For the record, We cannot login to InsightSecure since the last update. This happened after the latest update. Logged by the duty manager.",InsightAnalytics,Engineering,Internal,Ahmedabad,Startup,1,resolved,negative,frustration,Technical Issue,Bug Report,critical,4
FB-11576,CU-8538,2026-06-30T12:06:00,The onboarding specialist made InsightPortal easy to adopt. I attached screenshots in the original ticket. Looking forward to a fix.,InsightPay,Customer Support,Survey,Jaipur,Internal,4,open,positive,joy,Product,Praise,low,1
FB-10592,CU-8935,2026-06-30T11:19:00,Quick update: Refund for a failed InsightPortal payment is still pending. I attached screenshots in the original ticket. Please advise.,InsightSecure,Customer Support,Mobile App,Bangalore,Internal,1,in_progress,negative,anger,Payment,Complaint,critical,5
FB-11396,CU-8258,2026-06-30T10:12:00,I am delighted with the quality of the latest InsightCloud release. I attached screenshots in the original ticket. Thanks.,InsightSecure,Customer Support,Email,Mumbai,Internal,5,in_progress,positive,joy,Product,Praise,low,1
FB-10942,CU-6023,2026-06-30T08:14:00,"To be clear, Security alert fired after suspicious admin logins. A workaround exists but it is not acceptable long term. Please advise.",InsightPay,Engineering,Mobile App,London,Partner,2,resolved,neutral,anger,Security,Suggestion,high,3
FB-11649,CU-9304,2026-06-30T08:06:00,"Hi, Feature request: webhook retries with exponential backoff. I attached screenshots in the original ticket. Sharing this from the field.",InsightMobile,Customer Support,Website,Hyderabad,Enterprise,4,in_progress,negative,neutral,Customer Support,Praise,low,1
FB-11176,CU-3158,2026-06-30T07:48:00,"Hi, We cannot login to InsightCloud since the last update. This happened after the latest update. Thanks.",InsightAnalytics,Engineering,Email,Hyderabad,SMB,1,open,negative,frustration,Technical Issue,Bug Report,critical,4
FB-10115,CU-2341,2026-06-30T06:48:00,"For the record, Feature request: webhook retries with exponential backoff. I am following up because there was no response. Sharing this from the field.",InsightCRM,Finance,Internal,Kolkata,Internal,4,open,positive,neutral,Customer Support,Request,low,1
FB-10154,CU-5646,2026-06-30T06:31:00,Is there a sandbox for InsightPay chargebacks? The team mentioned InsightSecure in the weekly review. Sharing this from the field.,InsightAnalytics,Product,Survey,Kolkata,Partner,3,open,positive,satisfaction,Product,Praise,low,2
FB-11470,CU-2536,2026-06-29T20:05:00,"Hi, The interface redesign is intuitive and reduced training time. Our enterprise account is affected. Logged by the duty manager.",InsightCRM,Product,Mobile App,Chennai,Internal,5,closed,negative,joy,Account,Request,low,1
FB-11895,CU-2501,2026-06-29T19:22:00,Quick update: Sales team prepared a thoughtful demo for our executives. I attached screenshots in the original ticket. Looking forward to a fix.,InsightPay,Customer Support,Website,Kolkata,Consumer,5,resolved,positive,satisfaction,Product,Praise,low,1
FB-11760,CU-3699,2026-06-29T17:57:00,"Hi, InsightSecure audit logs are exactly what compliance needed. Our enterprise account is affected.",InsightPay,Product,Survey,Chennai,Partner,4,open,negative,confusion,Account,Request,low,1
FB-10805,CU-7082,2026-06-29T15:34:00,"Hi, It would help to have saved filters on the explorer table. The issue started last Thursday.",InsightMobile,Product,Email,Hyderabad,Internal,3,resolved,neutral,neutral,Other,Suggestion,low,1
FB-10685,CU-9175,2026-06-29T14:09:00,Documentation update saved our engineering team hours. This is impacting customers in Kolkata. Please advise.,InsightPortal,HR,Call Center,Kolkata,Internal,5,open,neutral,neutral,Technical Issue,Suggestion,low,1
FB-10656,CU-7607,2026-06-29T13:37:00,"For the record, Delivery to Hyderabad was earlier than the estimated date. A workaround exists but it is not acceptable long term.",InsightAnalytics,Operations,Social Media,Kolkata,Partner,4,resolved,negative,satisfaction,UX/UI,Suggestion,low,1
FB-10227,CU-1718,2026-06-29T11:32:00,"To be clear, Loved the new InsightSecure dashboard, it is clean and fast. Please treat this as high priority. Logged by the duty manager.",InsightPortal,Engineering,Social Media,London,SMB,5,open,positive,satisfaction,UX/UI,Praise,low,1
FB-10322,CU-1510,2026-06-29T11:07:00,"To be clear, Chat support was knowledgeable and patient. Our enterprise account is affected.",InsightAnalytics,Customer Support,Call Center,Pune,Internal,4,in_progress,neutral,satisfaction,Customer Support,Request,low,1
FB-10827,CU-5353,2026-06-29T08:32:00,"Hi, I am angry that the ticket was closed without a resolution. Please treat this as high priority. Looking forward to a fix.",InsightChat,Customer Support,Website,Pune,Internal,2,closed,negative,neutral,Customer Support,Complaint,medium,2
FB-10229,CU-7357,2026-06-29T07:58:00,"Hello team, Mobile users report they cannot complete signup on InsightSecure. Please treat this as high priority. Please advise.",InsightAnalytics,Engineering,Internal,London,Consumer,2,in_progress,negative,frustration,Technical Issue,Bug Report,critical,4
FB-10760,CU-3082,2026-06-29T06:05:00,"To be clear, We are happy with the reliability of InsightChat this quarter. A workaround exists but it is not acceptable long term. Please advise.",InsightPortal,Operations,Website,Chennai,Consumer,4,open,positive,joy,Product,Praise,low,1
FB-12187,CU-9969,2026-06-29T03:27:00,"To be clear, Documentation is outdated and caused a production misconfiguration. A workaround exists but it is not acceptable long term. Looking forward to a fix.",InsightAnalytics,Product,Mobile App,Bangalore,Internal,2,open,neutral,satisfaction,UX/UI,Praise,low,2
FB-10675,CU-4769,2026-06-29T00:39:00,"Hello team, Refund was issued quickly and with a clear explanation. I am following up because there was no response. Please advise.",InsightChat,Customer Support,Email,Chennai,SMB,5,open,positive,satisfaction,Payment,Praise,low,2
FB-11638,CU-1749,2026-06-28T21:22:00,"To be clear, Price increase was communicated poorly and feels unjustified. A workaround exists but it is not acceptable long term. Logged by the duty manager.",InsightChat,Sales,Survey,London,Enterprise,2,resolved,positive,satisfaction,UX/UI,Suggestion,low,3
FB-11010,CU-2080,2026-06-28T17:56:00,"Hi, We cannot login to InsightAnalytics since the last update. Our enterprise account is affected. Looking forward to a fix.",InsightSecure,Engineering,Internal,Jaipur,Partner,1,open,negative,frustration,Account,Request,critical,3
FB-11348,CU-1354,2026-06-28T13:46:00,Quick update: Great improvement in mobile performance this month. Our enterprise account is affected. Sharing this from the field.,InsightChat,Product,Mobile App,Pune,SMB,5,closed,neutral,frustration,Account,Request,low,1
FB-10537,CU-3351,2026-06-28T12:43:00,"Hi, We cannot login to InsightCRM since the last update. The team mentioned InsightMobile in the weekly review.",InsightCRM,Engineering,Mobile App,Pune,SMB,1,in_progress,negative,frustration,Technical Issue,Bug Report,critical,4
FB-11848,CU-8387,2026-06-28T07:56:00,Billing error created an unauthorized charge on our card. I am following up because there was no response. Logged by the duty manager.,InsightAnalytics,HR,Email,Jaipur,Consumer,1,resolved,neutral,anger,Other,Complaint,critical,5
FB-10303,CU-1902,2026-06-28T06:03:00,"To be clear, Documentation update saved our engineering team hours. I am following up because there was no response. Please advise.",InsightMobile,Operations,Survey,Ahmedabad,SMB,5,resolved,positive,joy,Product,Praise,low,1
FB-11963,CU-6033,2026-06-27T19:41:00,"To be clear, We cannot login to InsightCRM since the last update. A workaround exists but it is not acceptable long term.",InsightCRM,Engineering,Internal,New York,Internal,2,resolved,negative,frustration,Technical Issue,Bug Report,critical,4
FB-10396,CU-1448,2026-06-27T17:47:00,Documentation is outdated and caused a production misconfiguration. We have seen this twice already. Please advise.,InsightSecure,Engineering,Website,London,Internal,2,open,neutral,anger,Technical Issue,Bug Report,medium,2
FB-12059,CU-2090,2026-06-27T12:40:00,"Hello team, Delivery was extremely late and customer support did not respond. I am following up because there was no response. Thanks.",InsightCRM,Operations,Social Media,Singapore,Enterprise,1,in_progress,negative,frustration,Customer Support,Complaint,critical,3
FB-10757,CU-4741,2026-06-27T10:11:00,Refund was issued quickly and with a clear explanation. This is impacting customers in New York. Please advise.,InsightChat,HR,Survey,Dubai,Consumer,4,open,positive,satisfaction,Payment,Praise,low,2
FB-11002,CU-1100,2026-06-27T08:34:00,"For the record, Documentation update saved our engineering team hours. Please treat this as high priority.",InsightChat,Customer Support,Website,Surat,Consumer,4,in_progress,neutral,neutral,Technical Issue,Suggestion,low,1
FB-11127,CU-3087,2026-06-27T08:15:00,"For the record, The interface redesign is intuitive and reduced training time. I am following up because there was no response. Sharing this from the field.",InsightCloud,Sales,Internal,Jaipur,Consumer,5,closed,positive,satisfaction,UX/UI,Praise,low,1
FB-11821,CU-1005,2026-06-27T07:32:00,"For the record, The latest release introduced a severe performance regression. A workaround exists but it is not acceptable long term. Logged by the duty manager.",InsightSecure,Product,Website,Mumbai,Partner,1,open,neutral,disappointment,UX/UI,Suggestion,high,2
FB-11575,CU-6722,2026-06-26T22:15:00,Quick update: Refund was issued quickly and with a clear explanation. Please treat this as high priority. Logged by the duty manager.,InsightAnalytics,Customer Support,Survey,Jaipur,Startup,5,closed,negative,satisfaction,Customer Support,Suggestion,low,2
FB-11030,CU-4495,2026-06-26T20:09:00,"For the record, Security alert fired after suspicious admin logins. Please treat this as high priority. Please advise.",InsightPortal,Engineering,Chat,Hyderabad,SMB,1,in_progress,neutral,anger,Security,Bug Report,critical,4
FB-10388,CU-1981,2026-06-26T19:54:00,"For the record, Price increase was communicated poorly and feels unjustified. The team mentioned InsightCRM in the weekly review. Looking forward to a fix.",InsightChat,Sales,Call Center,Hyderabad,Consumer,2,open,positive,satisfaction,Product,Praise,low,3
FB-10670,CU-7542,2026-06-26T19:29:00,Quick update: Great improvement in mobile performance this month. I attached screenshots in the original ticket. Sharing this from the field.,InsightChat,Customer Support,Internal,Dubai,SMB,4,open,negative,frustration,Customer Support,Bug Report,medium,1
FB-11281,CU-9905,2026-06-26T18:31:00,"Hi, Chat support was knowledgeable and patient. Our enterprise account is affected.",InsightSecure,Customer Support,Internal,Mumbai,Enterprise,4,in_progress,neutral,satisfaction,Customer Support,Request,low,1
FB-12001,CU-4433,2026-06-26T18:23:00,"To be clear, We cannot login to InsightPay since the last update. I am following up because there was no response. Looking forward to a fix.",InsightPay,Engineering,Call Center,Chennai,Consumer,2,resolved,negative,frustration,Technical Issue,Bug Report,critical,4
FB-11234,CU-9820,2026-06-26T17:01:00,"Hello team, We may add twenty more seats if the trial goes well. Our enterprise account is affected. Sharing this from the field.",InsightSecure,Sales,Call Center,Surat,SMB,3,resolved,neutral,anger,Account,Request,low,1
FB-11196,CU-7556,2026-06-26T12:59:00,How do I export department analytics for last quarter? We have seen this twice already. Sharing this from the field.,InsightSecure,Finance,Email,Dubai,SMB,3,open,neutral,anger,Technical Issue,Bug Report,medium,1
FB-12121,CU-3456,2026-06-26T12:00:00,"To be clear, Price increase was communicated poorly and feels unjustified. The team mentioned InsightPay in the weekly review. Please advise.",InsightChat,HR,Email,Delhi,Enterprise,1,in_progress,positive,satisfaction,Product,Praise,low,3
FB-11801,CU-1871,2026-06-26T07:45:00,"To be clear, Response time from customer support is getting worse every week. We have seen this twice already. Thanks.",InsightPortal,Customer Support,Website,Kolkata,Internal,1,in_progress,neutral,anger,Customer Support,Request,medium,2
FB-11198,CU-7869,2026-06-26T06:19:00,"Hello team, Please confirm whether SSO is enabled for partner accounts. I am following up because there was no response. Thanks.",InsightPay,Product,Chat,Kolkata,SMB,3,closed,neutral,neutral,Security,Request,low,1
FB-12084,CU-2233,2026-06-26T03:16:00,"Hello team, Billing error created an unauthorized charge on our card. I am following up because there was no response.",InsightSecure,Finance,Call Center,Dubai,Startup,2,in_progress,neutral,anger,Payment,Praise,high,4
FB-11478,CU-3649,2026-06-26T02:58:00,Quick update: Documentation is outdated and caused a production misconfiguration. I am following up because there was no response. Sharing this from the field.,InsightPortal,Operations,Mobile App,Dubai,Consumer,2,open,negative,frustration,Documentation,Praise,medium,2
FB-10177,CU-1462,2026-06-25T23:44:00,"Hello team, The InsightCRM rollout is scheduled for next Monday in Jaipur. This is impacting customers in Dubai. Thanks.",InsightSecure,Sales,Survey,Jaipur,Partner,4,open,neutral,frustration,Delivery,Information,low,1
FB-10553,CU-3638,2026-06-25T21:41:00,"For the record, The InsightAnalytics rollout is scheduled for next Monday in Mumbai. We have seen this twice already.",InsightMobile,HR,Survey,Chennai,SMB,3,open,neutral,anger,Technical Issue,Bug Report,medium,1
FB-11515,CU-6353,2026-06-25T19:55:00,"For the record, The current plan is acceptable but we will compare alternatives. Our enterprise account is affected.",InsightChat,Product,Call Center,Hyderabad,Partner,4,open,neutral,disappointment,Account,Information,low,1
FB-10034,CU-8136,2026-06-25T17:49:00,"For the record, Chat support was knowledgeable and patient. We have seen this twice already. Sharing this from the field.",InsightPortal,Customer Support,Social Media,Hyderabad,SMB,5,resolved,neutral,anger,Customer Support,Bug Report,low,1
FB-12028,CU-9801,2026-06-25T17:45:00,"To be clear, Consider adding a weekly digest for managers. I attached screenshots in the original ticket. Looking forward to a fix.",InsightSecure,Customer Support,Chat,London,Startup,4,open,positive,satisfaction,Product,Suggestion,low,1
FB-11956,CU-4140,2026-06-25T17:10:00,"Hello team, The current plan is acceptable but we will compare alternatives. A workaround exists but it is not acceptable long term. Thanks.",InsightCRM,Engineering,Email,Singapore,Consumer,4,in_progress,neutral,neutral,UX/UI,Information,low,1
FB-10712,CU-9657,2026-06-25T15:51:00,Billing error created an unauthorized charge on our card. I am following up because there was no response. Logged by the duty manager.,InsightPay,HR,Website,Kolkata,Startup,2,open,neutral,anger,Other,Complaint,critical,5
FB-11549,CU-1469,2026-06-25T12:02:00,"Hello team, Loved the new InsightSecure dashboard, it is clean and fast. A workaround exists but it is not acceptable long term. Logged by the duty manager.",InsightAnalytics,Sales,Email,Singapore,SMB,5,open,positive,satisfaction,UX/UI,Praise,low,1
FB-10234,CU-6131,2026-06-25T10:27:00,"To be clear, Can you schedule a training session for the operations team? I attached screenshots in the original ticket. Thanks.",InsightMobile,Customer Support,Call Center,Singapore,SMB,4,resolved,positive,neutral,Customer Support,Request,low,1
FB-11162,CU-7753,2026-06-25T08:16:00,"Hi, Documentation update saved our engineering team hours. This happened after the latest update. Thanks.",InsightCloud,HR,Mobile App,Ahmedabad,Enterprise,5,resolved,negative,joy,Product,Complaint,medium,1
FB-10951,CU-3190,2026-06-25T05:45:00,"Hi, Delivery was extremely late and customer support did not respond. A workaround exists but it is not acceptable long term. Thanks.",InsightCloud,Operations,Call Center,Dubai,Enterprise,1,open,negative,frustration,Customer Support,Complaint,critical,3
FB-11803,CU-2862,2026-06-24T22:41:00,"Hello team, The latest release introduced a severe performance regression. This happened after the latest update. Looking forward to a fix.",InsightSecure,HR,Internal,Pune,Partner,2,resolved,negative,disappointment,Product,Complaint,critical,3
FB-10692,CU-3609,2026-06-24T19:53:00,"Hello team, Search is too slow to be usable during business hours. The issue started last Thursday. Looking forward to a fix.",InsightSecure,HR,Call Center,Chennai,Internal,1,closed,positive,joy,Product,Praise,low,2
FB-11021,CU-8430,2026-06-24T18:27:00,"To be clear, The interface redesign is intuitive and reduced training time. A workaround exists but it is not acceptable long term.",InsightMobile,Product,Mobile App,Jaipur,Consumer,5,closed,positive,satisfaction,UX/UI,Praise,low,1
FB-11051,CU-1875,2026-06-24T16:17:00,"Hello team, Chat support was knowledgeable and patient. A workaround exists but it is not acceptable long term. Sharing this from the field.",InsightSecure,Customer Support,Mobile App,Kolkata,SMB,5,open,neutral,satisfaction,Customer Support,Praise,low,1
FB-10672,CU-8546,2026-06-24T11:29:00,"Hi, Need access for two additional analysts this week. We have seen this twice already.",InsightChat,Operations,Website,London,SMB,3,open,negative,neutral,Customer Support,Request,low,1
FB-11418,CU-5797,2026-06-24T11:10:00,Noting that the internal survey was completed by HR. We have seen this twice already. Please advise.,InsightChat,Engineering,Email,Pune,Consumer,3,resolved,neutral,neutral,Technical Issue,Bug Report,low,1
FB-12096,CU-8424,2026-06-24T08:41:00,Quick update: Authentication failures are blocking our entire sales team. I attached screenshots in the original ticket. Please advise.,InsightCRM,Customer Support,Survey,Ahmedabad,Consumer,1,resolved,negative,frustration,Technical Issue,Bug Report,high,3
FB-10386,CU-2552,2026-06-24T07:39:00,"Hi, The current plan is acceptable but we will compare alternatives. A workaround exists but it is not acceptable long term.",InsightCloud,Finance,Survey,Bangalore,Enterprise,4,in_progress,neutral,neutral,Performance,Information,low,1
FB-11758,CU-7319,2026-06-24T06:02:00,"For the record, We cannot login to InsightCloud since the last update. I attached screenshots in the original ticket. Please advise.",InsightMobile,Customer Support,Social Media,Chennai,SMB,1,open,negative,frustration,Technical Issue,Bug Report,critical,4
FB-10611,CU-7162,2026-06-24T02:28:00,"Hi, Need access for two additional analysts this week. The issue started last Thursday. Please advise.",InsightChat,Finance,Mobile App,Jaipur,Enterprise,4,open,neutral,neutral,Customer Support,Request,low,1
FB-11468,CU-3330,2026-06-23T23:46:00,Quick update: Mobile users report they cannot complete signup on InsightAnalytics. The issue started last Thursday. Sharing this from the field.,InsightCloud,Customer Support,Call Center,London,Startup,1,in_progress,negative,frustration,Technical Issue,Bug Report,critical,4
FB-11344,CU-2663,2026-06-23T15:28:00,"Hi, Refund was issued quickly and with a clear explanation. A workaround exists but it is not acceptable long term. Please advise.",InsightCRM,Finance,Email,Dubai,Internal,5,closed,neutral,satisfaction,Payment,Suggestion,low,2
FB-10404,CU-1894,2026-06-23T14:03:00,Quick update: The courier missed the delivery window three times in Pune. We have seen this twice already. Thanks.,InsightCRM,Operations,Call Center,Mumbai,Enterprise,2,in_progress,negative,anger,Technical Issue,Bug Report,critical,4
FB-10256,CU-6689,2026-06-23T13:30:00,"Hello team, Noting that the internal survey was completed by HR. We have seen this twice already. Sharing this from the field.",InsightPay,Sales,Chat,Dubai,Internal,3,resolved,neutral,anger,Technical Issue,Bug Report,medium,1
FB-11651,CU-9793,2026-06-23T08:44:00,"Hi, Refund was issued quickly and with a clear explanation. A workaround exists but it is not acceptable long term. Thanks.",InsightMobile,Product,Chat,Delhi,Internal,4,open,positive,satisfaction,Payment,Suggestion,low,2
FB-10419,CU-2412,2026-06-23T05:39:00,"For the record, Chat support was knowledgeable and patient. Our enterprise account is affected. Logged by the duty manager.",InsightCRM,Customer Support,Internal,Mumbai,SMB,5,open,neutral,satisfaction,Customer Support,Request,low,1
FB-11047,CU-7062,2026-06-23T00:56:00,"Hello team, Search is too slow to be usable during business hours. We have seen this twice already. Thanks.",InsightMobile,Engineering,Survey,Kolkata,SMB,1,open,negative,anger,Technical Issue,Bug Report,high,3
FB-12066,CU-3223,2026-06-22T23:34:00,"To be clear, Feature request: webhook retries with exponential backoff. Please treat this as high priority.",InsightChat,Finance,Website,Mumbai,Startup,3,open,neutral,neutral,Customer Support,Suggestion,low,1
FB-11233,CU-7632,2026-06-22T22:43:00,"For the record, Refund for a failed InsightSecure payment is still pending. This happened after the latest update. Thanks.",InsightPay,Operations,Social Media,New York,SMB,2,resolved,negative,anger,Payment,Complaint,critical,5
FB-10890,CU-9741,2026-06-22T22:08:00,"To be clear, The current plan is acceptable but we will compare alternatives. This is impacting customers in Pune. Looking forward to a fix.",InsightPay,Operations,Mobile App,Kolkata,Consumer,4,in_progress,neutral,neutral,Performance,Information,low,1
FB-10424,CU-3385,2026-06-22T21:23:00,"Quick update: Average experience so far, we are still evaluating InsightChat. The issue started last Thursday. Looking forward to a fix.",InsightPay,Engineering,Website,New York,Partner,3,closed,negative,anger,Product,Complaint,high,2
FB-11155,CU-2726,2026-06-22T19:42:00,"Hi, I am frustrated that the InsightCRM app crashes during payment. The team mentioned InsightCloud in the weekly review. Sharing this from the field.",InsightMobile,Engineering,Internal,Chennai,Partner,2,open,positive,joy,Technical Issue,Praise,medium,4
FB-11055,CU-8530,2026-06-22T19:14:00,We are happy with the reliability of InsightPay this quarter. Our enterprise account is affected. Logged by the duty manager.,InsightPortal,Engineering,Survey,Pune,Partner,4,open,positive,joy,Product,Praise,low,1
FB-11225,CU-4020,2026-06-22T17:00:00,Where can I find the data retention policy? I am following up because there was no response. Thanks.,InsightCloud,Product,Chat,Bangalore,Consumer,3,resolved,neutral,confusion,Other,Question,low,1
FB-10743,CU-7065,2026-06-22T11:51:00,"To be clear, Sales team prepared a thoughtful demo for our executives. We have seen this twice already. Looking forward to a fix.",InsightAnalytics,Engineering,Survey,Delhi,Startup,5,in_progress,positive,anger,Product,Praise,low,1
FB-10153,CU-7046,2026-06-22T02:25:00,Quick update: The current plan is acceptable but we will compare alternatives. We have seen this twice already. Looking forward to a fix.,InsightAnalytics,Finance,Internal,Chennai,Startup,3,in_progress,neutral,anger,Technical Issue,Information,low,1
FB-10175,CU-9921,2026-06-22T00:24:00,"For the record, Customer support resolved our incident in twenty minutes. We have seen this twice already. Sharing this from the field.",InsightSecure,Customer Support,Internal,Hyderabad,Partner,4,in_progress,neutral,anger,Customer Support,Request,low,1
FB-11665,CU-9618,2026-06-21T23:51:00,Quick update: Payment reconciliation finally works without manual edits. We have seen this twice already. Logged by the duty manager.,InsightSecure,HR,Chat,Dubai,Startup,5,closed,negative,anger,Technical Issue,Bug Report,medium,4
FB-10077,CU-6401,2026-06-21T20:41:00,"Quick update: Average experience so far, we are still evaluating InsightMobile. I attached screenshots in the original ticket. Please advise.",InsightSecure,Customer Support,Mobile App,Kolkata,Internal,4,in_progress,negative,neutral,Product,Complaint,medium,1
FB-12035,CU-5420,2026-06-21T14:01:00,Need access for two additional analysts this week. The issue started last Thursday. Sharing this from the field.,InsightMobile,Product,Website,Bangalore,SMB,4,open,negative,neutral,Customer Support,Request,low,1
FB-11728,CU-8328,2026-06-21T13:50:00,"Hello team, I am delighted with the quality of the latest InsightAnalytics release. I attached screenshots in the original ticket. Looking forward to a fix.",InsightChat,Customer Support,Chat,Kolkata,Enterprise,5,resolved,positive,joy,Product,Praise,low,1
FB-11578,CU-6833,2026-06-21T13:31:00,Quick update: Customer support resolved our incident in twenty minutes. The issue started last Thursday. Logged by the duty manager.,InsightCRM,Customer Support,Chat,Ahmedabad,Consumer,4,open,negative,frustration,Customer Support,Request,medium,1
FB-11190,CU-6104,2026-06-21T11:40:00,"For the record, Loved the new InsightSecure dashboard, it is clean and fast. Please treat this as high priority. Please advise.",InsightCRM,Engineering,Email,Delhi,Startup,4,closed,neutral,neutral,UX/UI,Suggestion,low,1
FB-10353,CU-1022,2026-06-21T11:40:00,Quick update: Delivery to Dubai was earlier than the estimated date. I am following up because there was no response. Thanks.,InsightPortal,Operations,Mobile App,Pune,Internal,5,open,positive,satisfaction,Customer Support,Praise,low,1
FB-11781,CU-5507,2026-06-21T08:54:00,Duplicate invoices were sent to finance after renewal. I attached screenshots in the original ticket.,InsightPay,Customer Support,Social Media,Kolkata,Startup,2,open,negative,satisfaction,Product,Complaint,medium,3
FB-10452,CU-9337,2026-06-21T06:57:00,Feature request: webhook retries with exponential backoff. The issue started last Thursday. Sharing this from the field.,InsightMobile,Finance,Social Media,Hyderabad,Consumer,3,in_progress,negative,neutral,Customer Support,Request,low,1
FB-11522,CU-5085,2026-06-21T02:40:00,"For the record, Consider adding a weekly digest for managers. I attached screenshots in the original ticket. Thanks.",InsightChat,Customer Support,Social Media,Jaipur,SMB,3,resolved,neutral,neutral,Customer Support,Suggestion,low,1
FB-10531,CU-3112,2026-06-21T00:10:00,The current plan is acceptable but we will compare alternatives. The team mentioned InsightCloud in the weekly review. Looking forward to a fix.,InsightAnalytics,Finance,Social Media,Ahmedabad,Partner,4,open,neutral,neutral,Product,Information,low,1
FB-10036,CU-7625,2026-06-21T00:05:00,Quick update: Response time from customer support is getting worse every week. A workaround exists but it is not acceptable long term. Logged by the duty manager.,InsightAnalytics,Customer Support,Call Center,Bangalore,Internal,2,in_progress,neutral,neutral,Customer Support,Request,low,2
FB-10319,CU-2276,2026-06-20T10:34:00,"For the record, We cannot login to InsightPortal since the last update. Please treat this as high priority. Sharing this from the field.",InsightCRM,Engineering,Internal,Surat,Partner,2,in_progress,negative,frustration,Technical Issue,Bug Report,critical,4
FB-10200,CU-5817,2026-06-20T10:23:00,"Hi, We are happy with the reliability of InsightMobile this quarter. I attached screenshots in the original ticket. Thanks.",InsightAnalytics,Customer Support,Internal,Dubai,Enterprise,5,in_progress,positive,joy,Product,Praise,low,1
FB-11830,CU-1218,2026-06-20T08:49:00,Quick update: I am frustrated that the InsightMobile app crashes during payment. This happened after the latest update.,InsightCloud,Engineering,Social Media,Bangalore,Internal,2,resolved,negative,frustration,Technical Issue,Complaint,critical,5
FB-10182,CU-7323,2026-06-20T03:46:00,"Hello team, I am frustrated that the InsightSecure app crashes during payment. This happened after the latest update. Logged by the duty manager.",InsightPay,Engineering,Internal,New York,Consumer,2,closed,negative,neutral,Technical Issue,Complaint,critical,5
FB-10454,CU-8794,2026-06-20T02:21:00,"Hi, Average experience so far, we are still evaluating InsightMobile. The issue started last Thursday. Thanks.",InsightCRM,Finance,Internal,Jaipur,Internal,4,open,negative,anger,Product,Complaint,medium,2
FB-11780,CU-8388,2026-06-20T01:37:00,"To be clear, Appreciate the proactive outage communication. The issue started last Thursday. Thanks.",InsightSecure,HR,Website,Singapore,Partner,5,open,negative,satisfaction,Product,Praise,medium,2
FB-10566,CU-4668,2026-06-19T23:25:00,"Hi, Mobile users report they cannot complete signup on InsightChat. The issue started last Thursday. Looking forward to a fix.",InsightPay,Product,Social Media,Bangalore,Internal,2,open,negative,frustration,Technical Issue,Bug Report,critical,4
FB-10857,CU-3177,2026-06-19T22:55:00,"Hello team, Great improvement in mobile performance this month. This happened after the latest update. Looking forward to a fix.",InsightSecure,Engineering,Survey,New York,Internal,5,in_progress,negative,disappointment,Technical Issue,Complaint,medium,3
FB-11884,CU-6678,2026-06-19T22:02:00,"Hello team, Call center agents read from a script and did not understand the issue. This happened after the latest update.",InsightCRM,Customer Support,Social Media,Kolkata,Startup,1,resolved,negative,anger,Customer Support,Complaint,critical,3
FB-11037,CU-3587,2026-06-19T18:22:00,"For the record, The courier missed the delivery window three times in London. We have seen this twice already. Thanks.",InsightPay,Operations,Chat,Singapore,Internal,2,closed,negative,anger,Delivery,Complaint,high,2
FB-10752,CU-5034,2026-06-19T14:07:00,"Hi, Delivery to Chennai was earlier than the estimated date. The issue started last Thursday. Looking forward to a fix.",InsightCloud,Operations,Survey,Mumbai,SMB,5,closed,negative,satisfaction,Delivery,Praise,low,1
FB-10309,CU-9537,2026-06-19T13:59:00,"For the record, I am delighted with the quality of the latest InsightPay release. We have seen this twice already. Looking forward to a fix.",InsightPay,HR,Social Media,Jaipur,Internal,5,resolved,positive,joy,Product,Praise,low,1
FB-11520,CU-6622,2026-06-19T13:26:00,"Hi, Where can I find the data retention policy? A workaround exists but it is not acceptable long term. Please advise.",InsightCRM,Engineering,Social Media,Ahmedabad,SMB,4,resolved,neutral,confusion,Other,Question,low,1
FB-10373,CU-4277,2026-06-19T03:58:00,"Average experience so far, we are still evaluating InsightPay. Please treat this as high priority. Please advise.",InsightCRM,Sales,Email,London,Startup,3,open,neutral,neutral,Product,Bug Report,low,1
FB-10514,CU-9021,2026-06-19T03:11:00,Refund for a failed InsightAnalytics payment is still pending. The issue started last Thursday. Looking forward to a fix.,InsightAnalytics,Sales,Mobile App,Kolkata,Startup,1,resolved,negative,anger,Payment,Complaint,critical,5
FB-10628,CU-7206,2026-06-18T23:32:00,"To be clear, The InsightAnalytics checkout failed and I was still charged. I am following up because there was no response. Thanks.",InsightSecure,Operations,Website,London,Internal,2,open,positive,anger,Payment,Praise,medium,4
FB-10967,CU-1279,2026-06-18T22:37:00,"For the record, I am angry that the ticket was closed without a resolution. This happened after the latest update. Sharing this from the field.",InsightPortal,Customer Support,Mobile App,Delhi,Consumer,1,open,negative,disappointment,Customer Support,Complaint,critical,3
FB-10837,CU-3931,2026-06-18T14:35:00,Delivery to Ahmedabad was earlier than the estimated date. The issue started last Thursday. Please advise.,InsightSecure,Operations,Email,Kolkata,SMB,4,open,negative,satisfaction,Delivery,Complaint,medium,1
FB-12186,CU-8621,2026-06-18T10:56:00,"For the record, Documentation update saved our engineering team hours. A workaround exists but it is not acceptable long term. Logged by the duty manager.",InsightSecure,Operations,Call Center,Ahmedabad,Internal,5,resolved,neutral,neutral,UX/UI,Suggestion,low,1
FB-11360,CU-7542,2026-06-18T09:59:00,The current plan is acceptable but we will compare alternatives. We have seen this twice already. Logged by the duty manager.,InsightAnalytics,Sales,Internal,Mumbai,SMB,3,in_progress,neutral,anger,Technical Issue,Information,low,1
FB-11287,CU-8273,2026-06-18T08:31:00,Quick update: We cannot login to InsightAnalytics since the last update. Our enterprise account is affected. Please advise.,InsightChat,Engineering,Chat,Dubai,SMB,1,resolved,negative,frustration,Account,Request,high,2
FB-10864,CU-8393,2026-06-18T08:11:00,"Hello team, Authentication failures are blocking our entire sales team. A workaround exists but it is not acceptable long term.",InsightCloud,HR,Survey,Surat,Partner,1,resolved,negative,frustration,UX/UI,Bug Report,critical,3
FB-10913,CU-8813,2026-06-18T06:21:00,"Hi, Billing error created an unauthorized charge on our card. This happened after the latest update. Sharing this from the field.",InsightAnalytics,Operations,Email,Pune,Enterprise,2,open,negative,anger,Technical Issue,Complaint,critical,5
FB-10073,CU-9355,2026-06-18T05:04:00,"Hi, Search is too slow to be usable during business hours. Please treat this as high priority. Logged by the duty manager.",InsightCloud,Sales,Call Center,Singapore,Startup,2,open,negative,neutral,Performance,Suggestion,medium,2
FB-10813,CU-7727,2026-06-17T22:54:00,Quick update: Support never called back after I reported a critical outage. I attached screenshots in the original ticket.,InsightPortal,Customer Support,Mobile App,Ahmedabad,Internal,2,open,negative,frustration,Customer Support,Complaint,critical,4
FB-11939,CU-2739,2026-06-17T18:41:00,Documentation update saved our engineering team hours. A workaround exists but it is not acceptable long term. Looking forward to a fix.,InsightAnalytics,Product,Website,Singapore,Internal,5,open,neutral,joy,UX/UI,Praise,low,1
FB-10069,CU-3549,2026-06-17T18:38:00,"Hello team, Price increase was communicated poorly and feels unjustified. This is impacting customers in Hyderabad. Please advise.",InsightCloud,Customer Support,Email,Singapore,Partner,2,open,negative,disappointment,Technical Issue,Suggestion,high,4
FB-11258,CU-8445,2026-06-17T16:19:00,"For the record, The latest release introduced a severe performance regression. We have seen this twice already. Thanks.",InsightSecure,Customer Support,Chat,Ahmedabad,Startup,1,closed,negative,anger,Technical Issue,Bug Report,critical,4
FB-10312,CU-9456,2026-06-17T10:09:00,"Hi, Feature request: webhook retries with exponential backoff. The team mentioned InsightMobile in the weekly review. Looking forward to a fix.",InsightCloud,HR,Email,Delhi,Internal,4,open,positive,joy,Product,Praise,low,1
FB-10671,CU-1467,2026-06-17T08:36:00,"Hello team, Refund for a failed InsightPortal payment is still pending. This is impacting customers in Ahmedabad. Sharing this from the field.",InsightChat,Sales,Email,Kolkata,SMB,2,closed,negative,anger,Payment,Complaint,critical,5
FB-11328,CU-8699,2026-06-17T07:53:00,Quick update: Payment reconciliation finally works without manual edits. The issue started last Thursday. Sharing this from the field.,InsightSecure,HR,Website,New York,Enterprise,5,in_progress,negative,frustration,Customer Support,Complaint,medium,3
FB-10615,CU-1296,2026-06-17T06:34:00,"Hi, Price increase was communicated poorly and feels unjustified. I attached screenshots in the original ticket. Thanks.",InsightChat,Customer Support,Internal,Ahmedabad,Consumer,1,resolved,negative,satisfaction,Customer Support,Praise,medium,3
FB-10923,CU-8263,2026-06-17T05:55:00,"For the record, The courier missed the delivery window three times in Bangalore. I am following up because there was no response. Please advise.",InsightCRM,Operations,Chat,London,SMB,2,open,negative,neutral,Customer Support,Praise,medium,2
FB-11511,CU-4796,2026-06-17T05:36:00,"To be clear, We cannot login to InsightCRM since the last update. This is impacting customers in Pune. Logged by the duty manager.",InsightSecure,Engineering,Chat,Surat,Partner,1,open,negative,frustration,Technical Issue,Bug Report,critical,4
FB-11779,CU-8726,2026-06-17T04:14:00,Quick update: Response time from customer support is getting worse every week. Please treat this as high priority. Logged by the duty manager.,InsightChat,Customer Support,Social Media,London,SMB,2,resolved,neutral,neutral,Customer Support,Request,low,2
FB-10487,CU-7032,2026-06-16T23:22:00,"To be clear, Search is too slow to be usable during business hours. This happened after the latest update. Thanks.",InsightPortal,Finance,Website,London,Consumer,2,closed,negative,disappointment,Product,Complaint,critical,3
FB-10121,CU-5944,2026-06-16T21:52:00,"For the record, The current plan is acceptable but we will compare alternatives. A workaround exists but it is not acceptable long term. Sharing this from the field.",InsightSecure,Operations,Email,London,Partner,4,open,neutral,neutral,Performance,Information,low,1
FB-10660,CU-4129,2026-06-16T21:22:00,"Hi, InsightSecure audit logs are exactly what compliance needed. Please treat this as high priority. Thanks.",InsightChat,Operations,Chat,Hyderabad,SMB,4,closed,negative,neutral,Technical Issue,Bug Report,medium,2
FB-10080,CU-8170,2026-06-16T19:51:00,Quick update: Appreciate the proactive outage communication. I attached screenshots in the original ticket. Thanks.,InsightMobile,Customer Support,Website,Pune,Startup,4,resolved,negative,frustration,Customer Support,Praise,high,2
FB-10916,CU-4185,2026-06-16T16:56:00,"Hi, Great improvement in mobile performance this month. I am following up because there was no response. Sharing this from the field.",InsightAnalytics,Sales,Email,Delhi,Enterprise,4,open,positive,satisfaction,Customer Support,Praise,low,1
FB-11000,CU-2776,2026-06-16T13:21:00,Quick update: The InsightChat rollout is scheduled for next Monday in Mumbai. The issue started last Thursday. Looking forward to a fix.,InsightAnalytics,Customer Support,Chat,London,Startup,4,resolved,negative,frustration,Delivery,Complaint,medium,1
FB-12093,CU-1912,2026-06-16T08:52:00,"For the record, Loved the new InsightSecure dashboard, it is clean and fast. The issue started last Thursday. Sharing this from the field.",InsightCRM,Sales,Call Center,Hyderabad,Consumer,4,resolved,neutral,satisfaction,UX/UI,Praise,low,1
FB-10570,CU-2359,2026-06-16T08:42:00,"Hello team, Feature request: webhook retries with exponential backoff. The issue started last Thursday. Sharing this from the field.",InsightPay,Product,Email,London,Enterprise,4,resolved,negative,neutral,Customer Support,Request,low,1
FB-11650,CU-7252,2026-06-16T08:31:00,"Hello team, Appreciate the proactive outage communication. We have seen this twice already. Looking forward to a fix.",InsightPay,Sales,Call Center,Pune,Enterprise,5,open,negative,anger,Technical Issue,Bug Report,critical,4
FB-11059,CU-7829,2026-06-16T06:45:00,Quick update: Sharing an FYI that finance will review invoices tomorrow. This happened after the latest update. Thanks.,InsightCRM,Sales,Survey,Ahmedabad,Startup,3,resolved,neutral,neutral,Customer Support,Information,low,2
FB-11239,CU-4895,2026-06-16T04:06:00,"Hi, The latest release introduced a severe performance regression. I attached screenshots in the original ticket.",InsightCloud,Customer Support,Website,Kolkata,Consumer,2,in_progress,negative,disappointment,Product,Complaint,critical,3
FB-11793,CU-8739,2026-06-15T22:00:00,Quick update: The onboarding specialist made InsightSecure easy to adopt. Please treat this as high priority. Logged by the duty manager.,InsightPay,Operations,Website,Dubai,Internal,5,in_progress,negative,joy,Technical Issue,Praise,low,2
FB-10378,CU-7557,2026-06-15T18:37:00,Quick update: Can you schedule a training session for the operations team? This is impacting customers in Delhi. Logged by the duty manager.,InsightAnalytics,HR,Survey,Chennai,Internal,3,resolved,neutral,neutral,Customer Support,Request,low,1
FB-10176,CU-5060,2026-06-15T18:14:00,"Hi, Delivery to Hyderabad was earlier than the estimated date. I am following up because there was no response.",InsightMobile,Operations,Call Center,Bangalore,Partner,5,resolved,positive,satisfaction,Delivery,Praise,low,1
FB-11136,CU-5820,2026-06-15T18:12:00,Quick update: Refund was issued quickly and with a clear explanation. The issue started last Thursday. Please advise.,InsightPortal,Sales,Chat,Chennai,Partner,4,open,negative,satisfaction,Customer Support,Praise,medium,2
FB-10764,CU-1576,2026-06-15T18:07:00,Quick update: Can you schedule a training session for the operations team? Please treat this as high priority.,InsightCRM,HR,Mobile App,Ahmedabad,Internal,3,resolved,neutral,neutral,Customer Support,Request,low,1
FB-10715,CU-4282,2026-06-15T10:34:00,"Hello team, I am angry that the ticket was closed without a resolution. The issue started last Thursday. Please advise.",InsightPortal,Customer Support,Survey,New York,Partner,2,open,neutral,neutral,Customer Support,Complaint,medium,2
FB-11973,CU-2329,2026-06-15T07:37:00,"Hi, Please confirm whether SSO is enabled for partner accounts. This is impacting customers in Ahmedabad. Please advise.",InsightMobile,Engineering,Survey,Bangalore,Enterprise,4,closed,neutral,neutral,Security,Request,low,1
FB-11335,CU-6907,2026-06-15T07:10:00,"To be clear, Chat support was knowledgeable and patient. A workaround exists but it is not acceptable long term. Looking forward to a fix.",InsightChat,Customer Support,Chat,New York,Partner,4,resolved,positive,satisfaction,Customer Support,Praise,low,1
FB-10972,CU-4395,2026-06-15T03:51:00,Support never called back after I reported a critical outage. Our enterprise account is affected.,InsightCloud,Customer Support,Website,Singapore,Internal,1,resolved,negative,frustration,Customer Support,Request,critical,4
FB-11580,CU-1366,2026-06-15T02:44:00,"For the record, We may add twenty more seats if the trial goes well. The issue started last Thursday. Logged by the duty manager.",InsightAnalytics,Sales,Call Center,New York,Internal,3,open,neutral,neutral,Customer Support,Suggestion,low,1
FB-12161,CU-7639,2026-06-15T00:15:00,"Hello team, Delivery was extremely late and customer support did not respond. This happened after the latest update. Logged by the duty manager.",InsightCRM,Operations,Social Media,Jaipur,Enterprise,2,in_progress,negative,frustration,Customer Support,Complaint,critical,3
FB-10985,CU-9370,2026-06-14T20:42:00,Chat support was knowledgeable and patient. The issue started last Thursday. Please advise.,InsightCloud,Customer Support,Internal,London,Partner,5,open,neutral,satisfaction,Customer Support,Complaint,low,1
FB-11516,CU-3234,2026-06-14T18:51:00,"To be clear, It would help to have saved filters on the explorer table. Our enterprise account is affected. Sharing this from the field.",InsightSecure,Product,Internal,Delhi,Startup,3,closed,neutral,neutral,Account,Suggestion,low,1
FB-10632,CU-2654,2026-06-14T17:45:00,Where can I find the data retention policy? The issue started last Thursday. Thanks.,InsightPortal,Finance,Email,Dubai,Enterprise,3,resolved,neutral,confusion,Other,Question,low,1
FB-11933,CU-6258,2026-06-14T17:30:00,Documentation is outdated and caused a production misconfiguration. I attached screenshots in the original ticket. Thanks.,InsightCRM,Customer Support,Chat,Kolkata,SMB,1,in_progress,negative,confusion,Documentation,Praise,medium,2
FB-11144,CU-3312,2026-06-14T11:40:00,Quick update: Great improvement in mobile performance this month. Please treat this as high priority. Please advise.,InsightCRM,Product,Social Media,Chennai,Partner,5,resolved,neutral,neutral,Technical Issue,Suggestion,low,1
FB-10796,CU-7798,2026-06-14T09:31:00,"For the record, Package for InsightMobile arrived damaged in Kolkata. I attached screenshots in the original ticket. Logged by the duty manager.",InsightPay,Customer Support,Mobile App,Ahmedabad,SMB,2,in_progress,negative,neutral,Delivery,Complaint,medium,2
FB-10674,CU-7956,2026-06-14T04:25:00,"Hello team, We are happy with the reliability of InsightPortal this quarter. This is impacting customers in New York.",InsightSecure,Product,Chat,Kolkata,Enterprise,5,open,positive,joy,Product,Praise,low,1
FB-12147,CU-3557,2026-06-14T01:55:00,"For the record, I am delighted with the quality of the latest InsightPortal release. I am following up because there was no response. Sharing this from the field.",InsightCRM,Customer Support,Internal,Hyderabad,Consumer,5,open,positive,joy,Service,Praise,low,1
FB-10475,CU-8219,2026-06-14T00:43:00,"For the record, Delivery was extremely late and customer support did not respond. Our enterprise account is affected. Looking forward to a fix.",InsightAnalytics,Operations,Survey,Mumbai,SMB,2,resolved,negative,frustration,Customer Support,Complaint,critical,3
FB-11553,CU-9536,2026-06-13T23:46:00,"To be clear, The interface redesign is intuitive and reduced training time. I am following up because there was no response.",InsightAnalytics,HR,Survey,New York,SMB,4,in_progress,positive,joy,UX/UI,Praise,low,1
FB-11307,CU-5920,2026-06-13T20:59:00,Quick update: Refund for a failed InsightPortal payment is still pending. This happened after the latest update.,InsightChat,Engineering,Chat,Jaipur,SMB,1,in_progress,negative,anger,Payment,Complaint,critical,5
FB-11004,CU-6664,2026-06-13T15:21:00,"Hello team, Documentation update saved our engineering team hours. Please treat this as high priority. Sharing this from the field.",InsightCRM,Engineering,Chat,Dubai,Partner,5,open,neutral,joy,Technical Issue,Request,low,1
FB-11472,CU-7951,2026-06-13T13:16:00,Quick update: Is there a sandbox for InsightPay chargebacks? I attached screenshots in the original ticket. Logged by the duty manager.,InsightCloud,Customer Support,Website,Kolkata,Startup,4,in_progress,negative,frustration,Customer Support,Praise,medium,2
FB-10202,CU-2442,2026-06-13T05:36:00,I am frustrated that the InsightPortal app crashes during payment. We have seen this twice already.,InsightMobile,Engineering,Email,Jaipur,Consumer,1,resolved,negative,anger,Technical Issue,Bug Report,critical,5
FB-11381,CU-5459,2026-06-13T02:12:00,"To be clear, The latest release introduced a severe performance regression. This is impacting customers in Jaipur. Please advise.",InsightCRM,Operations,Social Media,Delhi,Consumer,1,closed,neutral,disappointment,Product,Complaint,high,2
FB-11798,CU-1642,2026-06-13T01:29:00,"Hello team, I am angry that the ticket was closed without a resolution. We have seen this twice already. Thanks.",InsightAnalytics,Customer Support,Chat,Delhi,Startup,2,open,negative,anger,Customer Support,Bug Report,high,2
FB-10900,CU-9656,2026-06-12T22:08:00,"Hi, The interface redesign is intuitive and reduced training time. We have seen this twice already. Thanks.",InsightSecure,Finance,Chat,Delhi,Enterprise,4,open,negative,anger,UX/UI,Bug Report,high,1
FB-11488,CU-3316,2026-06-12T21:32:00,Quick update: I am delighted with the quality of the latest InsightChat release. Please treat this as high priority. Logged by the duty manager.,InsightChat,HR,Chat,Delhi,Partner,5,open,positive,joy,Product,Praise,low,1
FB-10933,CU-8044,2026-06-12T19:02:00,"Hello team, Appreciate the proactive outage communication. We have seen this twice already. Please advise.",InsightAnalytics,Operations,Social Media,Singapore,Partner,5,resolved,neutral,anger,Technical Issue,Bug Report,high,2
FB-10453,CU-8692,2026-06-12T11:19:00,"Hi, Delivery to Mumbai was earlier than the estimated date. This happened after the latest update. Sharing this from the field.",InsightMobile,Operations,Social Media,Jaipur,Startup,5,open,negative,satisfaction,Technical Issue,Complaint,medium,3
FB-10901,CU-7607,2026-06-12T09:55:00,"For the record, Please confirm whether SSO is enabled for partner accounts. This happened after the latest update. Looking forward to a fix.",InsightPay,Operations,Call Center,New York,Internal,3,open,negative,neutral,Account,Request,medium,2
FB-10247,CU-7065,2026-06-12T06:26:00,"Hi, Payment reconciliation finally works without manual edits. A workaround exists but it is not acceptable long term. Sharing this from the field.",InsightPortal,Operations,Internal,Bangalore,Startup,5,in_progress,negative,frustration,UX/UI,Information,low,2
FB-10781,CU-9092,2026-06-12T05:04:00,Documentation is outdated and caused a production misconfiguration. I attached screenshots in the original ticket. Logged by the duty manager.,InsightPay,Customer Support,Survey,New York,Enterprise,2,resolved,negative,confusion,Documentation,Praise,medium,2
FB-11841,CU-9698,2026-06-12T04:06:00,"To be clear, Is there a sandbox for InsightPay chargebacks? The team mentioned InsightPortal in the weekly review. Thanks.",InsightCloud,Engineering,Email,Delhi,Enterprise,3,open,positive,joy,Product,Praise,low,2
FB-11797,CU-3941,2026-06-12T04:03:00,I am delighted with the quality of the latest InsightAnalytics release. The team mentioned InsightSecure in the weekly review. Thanks.,InsightMobile,Engineering,Chat,Jaipur,SMB,5,open,positive,joy,Product,Praise,low,1
FB-10497,CU-8125,2026-06-11T21:44:00,"To be clear, Feature request: webhook retries with exponential backoff. Please treat this as high priority. Thanks.",InsightCloud,Customer Support,Website,Mumbai,Startup,3,closed,neutral,neutral,Customer Support,Suggestion,low,1
FB-11416,CU-4986,2026-06-11T17:36:00,"Hello team, Authentication failures are blocking our entire sales team. This happened after the latest update. Looking forward to a fix.",InsightMobile,HR,Mobile App,Delhi,SMB,2,open,negative,disappointment,Product,Bug Report,critical,3
FB-11740,CU-3653,2026-06-11T15:04:00,Quick update: We are happy with the reliability of InsightAnalytics this quarter. The issue started last Thursday. Logged by the duty manager.,InsightChat,Finance,Social Media,Bangalore,Consumer,4,resolved,positive,joy,Product,Praise,low,1
FB-11005,CU-6931,2026-06-11T07:32:00,"Hello team, Chat support was knowledgeable and patient. Our enterprise account is affected.",InsightSecure,Customer Support,Social Media,Ahmedabad,Enterprise,5,resolved,neutral,satisfaction,Customer Support,Request,low,1
FB-10150,CU-5305,2026-06-11T07:19:00,"Hello team, Call center agents read from a script and did not understand the issue. This happened after the latest update. Looking forward to a fix.",InsightPay,Engineering,Survey,Dubai,Enterprise,2,in_progress,negative,anger,Customer Support,Complaint,critical,3
FB-10369,CU-6180,2026-06-11T05:34:00,"Hello team, Can you schedule a training session for the operations team? Our enterprise account is affected. Logged by the duty manager.",InsightSecure,HR,Social Media,Bangalore,Internal,3,resolved,neutral,neutral,Account,Request,low,1
FB-10694,CU-7764,2026-06-11T03:46:00,The InsightSecure rollout is scheduled for next Monday in Pune. A workaround exists but it is not acceptable long term.,InsightMobile,Product,Survey,Mumbai,SMB,3,resolved,neutral,frustration,UX/UI,Information,low,1
FB-10749,CU-1997,2026-06-11T03:33:00,"For the record, Delivery to Pune was earlier than the estimated date. The issue started last Thursday. Logged by the duty manager.",InsightAnalytics,Operations,Website,London,Startup,4,open,negative,satisfaction,Delivery,Praise,low,1
FB-11408,CU-4778,2026-06-11T01:13:00,We are happy with the reliability of InsightChat this quarter. I am following up because there was no response. Looking forward to a fix.,InsightCloud,HR,Email,Kolkata,Enterprise,4,open,positive,joy,Product,Praise,low,1
FB-10565,CU-8276,2026-06-10T19:59:00,Please confirm whether SSO is enabled for partner accounts. Please treat this as high priority. Sharing this from the field.,InsightCloud,Finance,Website,London,Startup,3,resolved,neutral,neutral,Account,Request,low,1
FB-12170,CU-5838,2026-06-10T19:04:00,"For the record, Great improvement in mobile performance this month. I attached screenshots in the original ticket. Thanks.",InsightCRM,Customer Support,Call Center,Ahmedabad,SMB,5,resolved,neutral,neutral,Performance,Suggestion,low,1
FB-10686,CU-6166,2026-06-10T16:23:00,Quick update: Documentation update saved our engineering team hours. I am following up because there was no response. Sharing this from the field.,InsightAnalytics,Product,Internal,London,Consumer,5,open,positive,joy,Customer Support,Praise,low,1
FB-11248,CU-8142,2026-06-10T13:53:00,"Quick update: Loved the new InsightMobile dashboard, it is clean and fast. The team mentioned InsightPay in the weekly review. Please advise.",InsightPay,Engineering,Email,Pune,Startup,5,open,positive,joy,UX/UI,Praise,low,1
FB-10263,CU-2687,2026-06-10T02:13:00,"Hello team, Delivery to Dubai was earlier than the estimated date. This happened after the latest update. Logged by the duty manager.",InsightMobile,Operations,Mobile App,Surat,Consumer,5,in_progress,negative,satisfaction,Product,Complaint,medium,2
FB-11915,CU-6145,2026-06-10T01:09:00,"For the record, Refund for a failed InsightMobile payment is still pending. The team mentioned InsightMobile in the weekly review. Thanks.",InsightPortal,Finance,Mobile App,Ahmedabad,Enterprise,2,closed,negative,anger,Payment,Praise,critical,5
FB-11183,CU-1238,2026-06-09T23:31:00,Great improvement in mobile performance this month. We have seen this twice already. Thanks.,InsightMobile,HR,Survey,Hyderabad,Enterprise,4,resolved,negative,anger,Technical Issue,Bug Report,high,2
FB-10059,CU-2622,2026-06-09T23:09:00,"For the record, Response time from customer support is getting worse every week. The team mentioned InsightSecure in the weekly review. Logged by the duty manager.",InsightChat,Customer Support,Internal,Jaipur,Consumer,2,closed,neutral,neutral,Customer Support,Request,low,2
FB-11156,CU-8613,2026-06-09T16:34:00,"Hi, Call center agents read from a script and did not understand the issue. I am following up because there was no response.",InsightPay,HR,Website,Singapore,Internal,2,open,negative,anger,Customer Support,Complaint,high,2
FB-10574,CU-5097,2026-06-09T15:27:00,"For the record, Sharing an FYI that finance will review invoices tomorrow. The issue started last Thursday. Sharing this from the field.",InsightChat,Operations,Email,Delhi,Internal,3,resolved,neutral,neutral,Other,Information,low,2
FB-11701,CU-6625,2026-06-09T13:08:00,The interface redesign is intuitive and reduced training time. Our enterprise account is affected. Looking forward to a fix.,InsightChat,Finance,Social Media,London,SMB,5,open,negative,joy,Account,Request,low,1
FB-12055,CU-9408,2026-06-09T12:05:00,"Hi, The courier missed the delivery window three times in Pune. This is impacting customers in Ahmedabad.",InsightPay,Operations,Chat,Mumbai,Partner,2,resolved,negative,frustration,Delivery,Complaint,critical,3
FB-11481,CU-3786,2026-06-09T09:40:00,Quick update: We cannot login to InsightPay since the last update. This is impacting customers in Kolkata. Sharing this from the field.,InsightSecure,Engineering,Survey,Kolkata,Consumer,1,in_progress,negative,frustration,Technical Issue,Bug Report,critical,4
FB-12149,CU-6839,2026-06-09T09:20:00,"Hi, Please confirm whether SSO is enabled for partner accounts. Our enterprise account is affected. Logged by the duty manager.",InsightCRM,Engineering,Email,Hyderabad,Consumer,3,resolved,neutral,neutral,Account,Request,low,1
FB-11633,CU-5160,2026-06-09T07:46:00,"For the record, Feature request: webhook retries with exponential backoff. Please treat this as high priority. Please advise.",InsightAnalytics,Sales,Mobile App,Jaipur,Internal,3,resolved,neutral,neutral,Customer Support,Suggestion,low,1
FB-11007,CU-4139,2026-06-09T05:31:00,"For the record, Feature request: webhook retries with exponential backoff. This is impacting customers in Delhi. Please advise.",InsightMobile,Customer Support,Chat,London,SMB,4,resolved,neutral,neutral,Customer Support,Suggestion,low,1
FB-10830,CU-2567,2026-06-08T19:17:00,"To be clear, Great improvement in mobile performance this month. This is impacting customers in Kolkata.",InsightPortal,Customer Support,Call Center,Dubai,Consumer,4,open,neutral,satisfaction,Performance,Suggestion,low,1
FB-12109,CU-8570,2026-06-08T11:32:00,"Hello team, Search is too slow to be usable during business hours. The team mentioned InsightMobile in the weekly review. Logged by the duty manager.",InsightCRM,Engineering,Mobile App,Mumbai,Startup,1,in_progress,positive,joy,Product,Praise,low,2
FB-10480,CU-1347,2026-06-08T07:32:00,"To be clear, Refund for a failed InsightPortal payment is still pending. I attached screenshots in the original ticket. Looking forward to a fix.",InsightPay,Customer Support,Mobile App,Bangalore,SMB,2,resolved,negative,anger,Payment,Complaint,critical,5
FB-10708,CU-9240,2026-06-08T06:51:00,Quick update: Payment reconciliation finally works without manual edits. I attached screenshots in the original ticket. Looking forward to a fix.,InsightCRM,Customer Support,Internal,Dubai,Startup,5,open,negative,frustration,Customer Support,Complaint,medium,3
FB-11544,CU-7661,2026-06-08T05:38:00,"Hi, Can you schedule a training session for the operations team? This is impacting customers in New York. Please advise.",InsightCloud,Operations,Social Media,Hyderabad,SMB,3,open,neutral,neutral,Customer Support,Request,low,1
FB-10126,CU-7841,2026-06-08T04:01:00,"Hi, Need access for two additional analysts this week. I attached screenshots in the original ticket. Looking forward to a fix.",InsightAnalytics,Customer Support,Social Media,Mumbai,SMB,4,open,negative,neutral,Customer Support,Request,low,1
FB-12197,CU-2866,2026-06-07T20:11:00,"Hi, It would help to have saved filters on the explorer table. This is impacting customers in Hyderabad. Logged by the duty manager.",InsightAnalytics,Operations,Chat,Jaipur,Startup,3,open,neutral,neutral,Other,Suggestion,low,1
FB-10355,CU-4693,2026-06-07T18:55:00,"Hello team, We cannot login to InsightCloud since the last update. The issue started last Thursday. Sharing this from the field.",InsightCRM,Engineering,Survey,Hyderabad,Startup,2,in_progress,negative,frustration,Technical Issue,Bug Report,critical,4
FB-10013,CU-1821,2026-06-07T17:03:00,"Hello team, Sharing an FYI that finance will review invoices tomorrow. A workaround exists but it is not acceptable long term. Please advise.",InsightSecure,Customer Support,Internal,Kolkata,Partner,3,open,neutral,neutral,UX/UI,Information,low,2
FB-11121,CU-8077,2026-06-07T17:01:00,"Hello team, Refund was issued quickly and with a clear explanation. A workaround exists but it is not acceptable long term. Sharing this from the field.",InsightPay,Operations,Chat,Pune,Enterprise,5,resolved,positive,satisfaction,Payment,Praise,low,2
FB-10348,CU-4615,2026-06-07T13:55:00,Mobile users report they cannot complete signup on InsightSecure. The issue started last Thursday. Please advise.,InsightCRM,Engineering,Mobile App,Chennai,Partner,1,in_progress,negative,frustration,Technical Issue,Bug Report,critical,4
FB-12022,CU-8139,2026-06-07T10:54:00,"Hi, Chat support was knowledgeable and patient. This is impacting customers in Kolkata. Thanks.",InsightMobile,Customer Support,Social Media,Hyderabad,Startup,4,closed,negative,satisfaction,Customer Support,Praise,low,1
FB-10019,CU-5065,2026-06-07T10:50:00,"Hello team, Call center agents read from a script and did not understand the issue. We have seen this twice already. Thanks.",InsightChat,HR,Social Media,Mumbai,Internal,1,open,negative,anger,Customer Support,Bug Report,critical,3
FB-10264,CU-9630,2026-06-07T09:28:00,"For the record, I am angry that the ticket was closed without a resolution. Our enterprise account is affected. Looking forward to a fix.",InsightMobile,Customer Support,Email,Ahmedabad,Enterprise,1,resolved,neutral,neutral,Customer Support,Request,medium,2
FB-11730,CU-5185,2026-06-07T01:43:00,"Hi, Duplicate invoices were sent to finance after renewal. This happened after the latest update. Sharing this from the field.",InsightSecure,Engineering,Social Media,Hyderabad,Enterprise,2,in_progress,negative,anger,Product,Complaint,critical,4
FB-10298,CU-1807,2026-06-07T01:35:00,It would help to have saved filters on the explorer table. Please treat this as high priority. Thanks.,InsightChat,Sales,Call Center,Bangalore,Consumer,4,in_progress,neutral,neutral,Other,Suggestion,low,1
FB-11912,CU-4618,2026-06-06T23:46:00,"Hi, The current plan is acceptable but we will compare alternatives. I attached screenshots in the original ticket.",InsightSecure,Customer Support,Website,Pune,Enterprise,3,open,neutral,neutral,Performance,Information,low,1
FB-11361,CU-8900,2026-06-06T23:44:00,Refund was issued quickly and with a clear explanation. The team mentioned InsightCRM in the weekly review. Please advise.,InsightCloud,Product,Social Media,Jaipur,SMB,5,open,positive,satisfaction,Payment,Praise,low,2
FB-11685,CU-2497,2026-06-06T23:20:00,Quick update: Delivery to Jaipur was earlier than the estimated date. This is impacting customers in London. Please advise.,InsightSecure,Operations,Website,Ahmedabad,Startup,4,closed,negative,frustration,Delivery,Bug Report,medium,1
FB-11698,CU-3074,2026-06-06T18:38:00,Sales team prepared a thoughtful demo for our executives. The team mentioned InsightAnalytics in the weekly review. Logged by the duty manager.,InsightPortal,Sales,Internal,Surat,Internal,4,closed,positive,joy,Product,Praise,low,1
FB-11375,CU-8706,2026-06-06T17:09:00,"To be clear, Documentation update saved our engineering team hours. This is impacting customers in London.",InsightAnalytics,Sales,Call Center,Jaipur,Partner,5,resolved,positive,joy,Product,Praise,low,1
FB-10352,CU-5846,2026-06-06T13:13:00,"Hello team, Price increase was communicated poorly and feels unjustified. Please treat this as high priority.",InsightMobile,Product,Call Center,London,Enterprise,2,open,negative,disappointment,Technical Issue,Suggestion,high,4
FB-10734,CU-9320,2026-06-06T08:57:00,Great improvement in mobile performance this month. The team mentioned InsightChat in the weekly review. Logged by the duty manager.,InsightAnalytics,Finance,Survey,Pune,Internal,4,resolved,positive,neutral,Product,Praise,low,1
FB-10959,CU-4087,2026-06-05T23:55:00,"For the record, Search is too slow to be usable during business hours. We have seen this twice already.",InsightPay,Sales,Email,Ahmedabad,Enterprise,2,open,negative,anger,Technical Issue,Bug Report,high,3
FB-11887,CU-5969,2026-06-05T23:54:00,Customer support resolved our incident in twenty minutes. I am following up because there was no response. Sharing this from the field.,InsightSecure,Customer Support,Social Media,New York,Partner,4,in_progress,positive,anger,Customer Support,Request,low,1
FB-10486,CU-7812,2026-06-05T23:23:00,"Hello team, I am delighted with the quality of the latest InsightCloud release. We have seen this twice already. Thanks.",InsightPortal,Engineering,Chat,New York,Startup,4,in_progress,positive,joy,Product,Praise,low,1
FB-10400,CU-7693,2026-06-05T21:12:00,Quick update: The courier missed the delivery window three times in New York. The team mentioned InsightChat in the weekly review. Thanks.,InsightChat,Operations,Email,Ahmedabad,Startup,2,closed,positive,frustration,Customer Support,Praise,low,2
FB-11202,CU-1957,2026-06-05T20:55:00,"Hello team, Please confirm whether SSO is enabled for partner accounts. Our enterprise account is affected. Looking forward to a fix.",InsightChat,Customer Support,Call Center,Mumbai,Enterprise,3,closed,neutral,neutral,Account,Request,low,1
FB-11219,CU-7841,2026-06-05T17:58:00,We are happy with the reliability of InsightChat this quarter. The issue started last Thursday. Logged by the duty manager.,InsightChat,Engineering,Email,Hyderabad,Partner,4,open,positive,joy,Product,Praise,low,1
FB-12188,CU-8967,2026-06-05T13:19:00,The courier missed the delivery window three times in Singapore. The team mentioned InsightSecure in the weekly review. Thanks.,InsightPay,Operations,Email,Jaipur,Consumer,1,in_progress,positive,satisfaction,Customer Support,Praise,low,2
FB-10608,CU-2014,2026-06-05T12:48:00,"Hello team, Support never called back after I reported a critical outage. The team mentioned InsightSecure in the weekly review. Logged by the duty manager.",InsightChat,Customer Support,Social Media,Surat,Enterprise,1,resolved,negative,frustration,Customer Support,Praise,critical,4
FB-10517,CU-1940,2026-06-05T07:05:00,"Hi, Documentation is outdated and caused a production misconfiguration. Please treat this as high priority.",InsightMobile,Sales,Mobile App,New York,Startup,1,in_progress,neutral,confusion,Documentation,Suggestion,medium,2
FB-12076,CU-3991,2026-06-05T04:03:00,Quick update: We may add twenty more seats if the trial goes well. A workaround exists but it is not acceptable long term. Logged by the duty manager.,InsightSecure,Finance,Social Media,Kolkata,Partner,3,in_progress,neutral,neutral,UX/UI,Suggestion,low,1
FB-10561,CU-6185,2026-06-04T21:37:00,Documentation is outdated and caused a production misconfiguration. I am following up because there was no response. Sharing this from the field.,InsightMobile,Product,Website,Mumbai,Consumer,1,closed,neutral,satisfaction,Documentation,Praise,medium,2
FB-11711,CU-7734,2026-06-04T19:03:00,"Hello team, Where can I find the data retention policy? The issue started last Thursday. Looking forward to a fix.",InsightAnalytics,Finance,Website,Ahmedabad,Partner,3,open,neutral,confusion,Other,Question,low,1
FB-10634,CU-1127,2026-06-04T18:58:00,Quick update: Feature request: webhook retries with exponential backoff. The team mentioned InsightChat in the weekly review. Logged by the duty manager.,InsightCloud,Operations,Survey,London,Internal,4,in_progress,positive,neutral,Product,Praise,low,1
FB-10233,CU-3100,2026-06-04T18:31:00,"For the record, Noting that the internal survey was completed by HR. A workaround exists but it is not acceptable long term.",InsightSecure,Product,Call Center,Surat,Startup,3,resolved,neutral,neutral,Other,Information,low,1
FB-10767,CU-4128,2026-06-04T16:13:00,"Hi, Appreciate the proactive outage communication. This is impacting customers in Hyderabad. Please advise.",InsightCRM,Operations,Call Center,Dubai,Internal,5,resolved,neutral,anger,Technical Issue,Bug Report,medium,2
FB-10987,CU-8540,2026-06-04T12:22:00,"For the record, Sales team prepared a thoughtful demo for our executives. The team mentioned InsightAnalytics in the weekly review. Sharing this from the field.",InsightCloud,HR,Chat,Mumbai,Startup,5,resolved,positive,joy,Product,Praise,low,1
FB-12110,CU-5526,2026-06-04T10:39:00,"To be clear, Sales team prepared a thoughtful demo for our executives. I am following up because there was no response. Please advise.",InsightCloud,Finance,Survey,Dubai,Consumer,4,resolved,positive,satisfaction,Product,Praise,low,1
FB-10868,CU-6194,2026-06-04T10:07:00,"Hello team, Please confirm whether SSO is enabled for partner accounts. Please treat this as high priority. Looking forward to a fix.",InsightPay,HR,Call Center,Bangalore,Partner,4,resolved,neutral,neutral,Security,Request,low,1
FB-10691,CU-4273,2026-06-04T07:11:00,"To be clear, The latest release introduced a severe performance regression. I am following up because there was no response. Thanks.",InsightPortal,Finance,Survey,Mumbai,Startup,2,open,positive,disappointment,Product,Praise,medium,2
FB-11154,CU-9653,2026-06-04T06:40:00,Quick update: The current plan is acceptable but we will compare alternatives. The team mentioned InsightMobile in the weekly review. Sharing this from the field.,InsightPay,Operations,Survey,Singapore,Consumer,3,resolved,neutral,neutral,Product,Information,low,1
FB-10418,CU-4802,2026-06-04T06:30:00,"For the record, Documentation is outdated and caused a production misconfiguration. The team mentioned InsightSecure in the weekly review. Looking forward to a fix.",InsightSecure,Engineering,Call Center,Jaipur,Internal,2,open,neutral,joy,Documentation,Praise,low,2
FB-11805,CU-1622,2026-06-04T04:33:00,"To be clear, The interface redesign is intuitive and reduced training time. I am following up because there was no response. Please advise.",InsightCRM,Finance,Call Center,Jaipur,Consumer,5,resolved,positive,joy,UX/UI,Praise,low,1
FB-11759,CU-5661,2026-06-04T02:50:00,"For the record, Average experience so far, we are still evaluating InsightMobile. This happened after the latest update. Please advise.",InsightMobile,Finance,Social Media,Ahmedabad,Internal,3,resolved,negative,disappointment,Product,Complaint,high,2
FB-11723,CU-5669,2026-06-04T01:30:00,InsightSecure audit logs are exactly what compliance needed. Please treat this as high priority. Looking forward to a fix.,InsightAnalytics,Customer Support,Call Center,Delhi,Consumer,5,closed,negative,neutral,Technical Issue,Bug Report,low,2
FB-10969,CU-1366,2026-06-03T23:05:00,"Hello team, I am delighted with the quality of the latest InsightCRM release. The team mentioned InsightAnalytics in the weekly review. Sharing this from the field.",InsightChat,Engineering,Chat,Delhi,SMB,5,open,positive,joy,Product,Praise,low,1
FB-11738,CU-2145,2026-06-03T21:22:00,"Hi, Loved the new InsightCloud dashboard, it is clean and fast. Our enterprise account is affected. Looking forward to a fix.",InsightChat,Customer Support,Survey,Pune,Partner,5,resolved,negative,satisfaction,UX/UI,Praise,low,1
FB-11204,CU-5667,2026-06-03T16:16:00,"Hi, The interface redesign is intuitive and reduced training time. Please treat this as high priority. Logged by the duty manager.",InsightCloud,Sales,Internal,Dubai,Partner,5,open,negative,neutral,UX/UI,Praise,low,1
FB-10095,CU-7708,2026-06-03T15:33:00,Great improvement in mobile performance this month. A workaround exists but it is not acceptable long term.,InsightChat,HR,Mobile App,Mumbai,Startup,5,resolved,neutral,frustration,Performance,Suggestion,low,1
FB-11766,CU-5079,2026-06-03T06:50:00,Refund was issued quickly and with a clear explanation. Please treat this as high priority. Please advise.,InsightMobile,Customer Support,Social Media,Singapore,Startup,4,in_progress,neutral,satisfaction,Payment,Suggestion,low,2
FB-11173,CU-7705,2026-06-03T04:04:00,"To be clear, I am delighted with the quality of the latest InsightMobile release. We have seen this twice already. Please advise.",InsightSecure,Operations,Website,Ahmedabad,Startup,4,in_progress,positive,joy,Product,Praise,low,1
FB-10964,CU-6618,2026-06-03T01:28:00,"Hello team, Please confirm whether SSO is enabled for partner accounts. This is impacting customers in Surat. Thanks.",InsightMobile,Finance,Internal,Delhi,SMB,3,closed,negative,neutral,Security,Request,low,2
FB-12050,CU-7457,2026-06-02T21:42:00,"To be clear, Package for InsightAnalytics arrived damaged in London. The issue started last Thursday. Logged by the duty manager.",InsightAnalytics,Sales,Email,Kolkata,Startup,1,open,negative,frustration,Delivery,Praise,high,2
FB-11988,CU-8390,2026-06-02T21:32:00,Consider adding a weekly digest for managers. We have seen this twice already. Looking forward to a fix.,InsightCloud,Sales,Call Center,Hyderabad,Startup,3,resolved,negative,anger,Technical Issue,Suggestion,medium,2
FB-11923,CU-4471,2026-06-02T20:04:00,Quick update: The latest release introduced a severe performance regression. I am following up because there was no response. Sharing this from the field.,InsightPortal,Sales,Chat,Bangalore,Internal,1,in_progress,negative,disappointment,Customer Support,Complaint,critical,3
FB-11457,CU-3964,2026-06-02T19:11:00,The interface redesign is intuitive and reduced training time. Our enterprise account is affected. Logged by the duty manager.,InsightAnalytics,Product,Internal,Kolkata,Consumer,5,open,negative,joy,Account,Request,low,1
FB-11550,CU-2366,2026-06-02T18:01:00,Quick update: Great improvement in mobile performance this month. Our enterprise account is affected. Logged by the duty manager.,InsightAnalytics,HR,Survey,Pune,Consumer,5,closed,negative,frustration,Account,Request,low,1
FB-11683,CU-3814,2026-06-02T16:33:00,"Hello team, Average experience so far, we are still evaluating InsightMobile. The team mentioned InsightCRM in the weekly review.",InsightCRM,Customer Support,Internal,Delhi,Internal,3,in_progress,positive,joy,Product,Praise,low,1
FB-10217,CU-3018,2026-06-02T10:06:00,Package for InsightChat arrived damaged in Surat. Our enterprise account is affected. Looking forward to a fix.,InsightChat,Customer Support,Internal,Chennai,Internal,1,in_progress,negative,frustration,Account,Request,high,2
FB-10833,CU-8695,2026-06-02T09:57:00,"Hi, I am frustrated that the InsightChat app crashes during payment. This is impacting customers in Delhi. Please advise.",InsightCRM,Engineering,Website,London,Partner,1,open,neutral,neutral,Technical Issue,Bug Report,high,4
FB-11427,CU-5285,2026-06-02T01:07:00,"To be clear, Payment reconciliation finally works without manual edits. I am following up because there was no response. Please advise.",InsightCRM,Operations,Survey,Singapore,Enterprise,5,closed,positive,neutral,Customer Support,Praise,low,2
FB-10196,CU-7168,2026-06-01T22:41:00,"Loved the new InsightPay dashboard, it is clean and fast. We have seen this twice already. Thanks.",InsightAnalytics,Engineering,Survey,Chennai,Startup,5,open,negative,anger,UX/UI,Bug Report,medium,1
FB-11432,CU-7780,2026-06-01T16:12:00,Quick update: It would help to have saved filters on the explorer table. Please treat this as high priority. Looking forward to a fix.,InsightCRM,Operations,Mobile App,Chennai,Enterprise,4,resolved,neutral,neutral,Technical Issue,Suggestion,low,1
FB-12189,CU-7141,2026-06-01T15:36:00,"Hello team, Call center agents read from a script and did not understand the issue. Our enterprise account is affected. Logged by the duty manager.",InsightMobile,HR,Mobile App,Singapore,Internal,2,closed,negative,anger,Account,Request,high,2
FB-10924,CU-7606,2026-06-01T14:56:00,"To be clear, The courier missed the delivery window three times in Ahmedabad. The team mentioned InsightPortal in the weekly review. Please advise.",InsightMobile,Operations,Chat,London,SMB,1,in_progress,positive,satisfaction,Delivery,Praise,low,2
FB-12045,CU-7768,2026-06-01T09:52:00,Quick update: Mobile users report they cannot complete signup on InsightPay. Our enterprise account is affected. Logged by the duty manager.,InsightChat,Product,Social Media,Dubai,Enterprise,1,open,negative,frustration,Account,Bug Report,critical,3
FB-10618,CU-5001,2026-06-01T09:23:00,"For the record, The interface redesign is intuitive and reduced training time. Our enterprise account is affected. Logged by the duty manager.",InsightAnalytics,HR,Social Media,Hyderabad,Internal,5,in_progress,negative,joy,Account,Request,low,1
FB-11447,CU-1953,2026-06-01T06:51:00,Quick update: Billing error created an unauthorized charge on our card. The issue started last Thursday. Logged by the duty manager.,InsightPay,Customer Support,Website,New York,Enterprise,2,in_progress,negative,anger,Other,Complaint,critical,5
FB-10897,CU-7663,2026-06-01T01:40:00,"To be clear, Can you schedule a training session for the operations team? Our enterprise account is affected. Looking forward to a fix.",InsightPortal,Customer Support,Call Center,Delhi,Consumer,3,resolved,neutral,neutral,Product,Request,low,1
FB-12091,CU-8709,2026-05-31T19:17:00,"To be clear, Sales team prepared a thoughtful demo for our executives. I attached screenshots in the original ticket. Logged by the duty manager.",InsightPortal,Customer Support,Chat,Delhi,Consumer,5,resolved,positive,satisfaction,Product,Praise,low,1
FB-11799,CU-1405,2026-05-31T17:12:00,Quick update: Delivery to Bangalore was earlier than the estimated date. The team mentioned InsightChat in the weekly review. Please advise.,InsightPortal,Operations,Website,New York,Startup,4,resolved,positive,satisfaction,Product,Praise,low,1
FB-10779,CU-5719,2026-05-31T15:38:00,"For the record, Response time from customer support is getting worse every week. Please treat this as high priority. Sharing this from the field.",InsightMobile,Customer Support,Website,Chennai,SMB,1,in_progress,neutral,neutral,Customer Support,Request,medium,2
FB-11707,CU-8397,2026-05-31T11:20:00,"To be clear, Security alert fired after suspicious admin logins. Our enterprise account is affected. Please advise.",InsightSecure,Engineering,Website,Mumbai,Enterprise,1,open,neutral,anger,Security,Request,critical,4
FB-12162,CU-2556,2026-05-31T07:54:00,The current plan is acceptable but we will compare alternatives. I am following up because there was no response. Looking forward to a fix.,InsightPay,Operations,Website,New York,Internal,3,open,neutral,disappointment,Performance,Information,low,1
FB-11442,CU-9256,2026-05-31T04:26:00,"For the record, Where can I find the data retention policy? I attached screenshots in the original ticket.",InsightPay,Customer Support,Website,Mumbai,Consumer,3,open,neutral,confusion,Other,Question,low,1
FB-12150,CU-2687,2026-05-31T03:52:00,Quick update: Sharing an FYI that finance will review invoices tomorrow. I attached screenshots in the original ticket. Logged by the duty manager.,InsightSecure,Customer Support,Mobile App,Hyderabad,Internal,4,in_progress,neutral,neutral,Other,Information,low,2
FB-11631,CU-9754,2026-05-31T02:23:00,"Hello team, I am frustrated that the InsightChat app crashes during payment. We have seen this twice already. Please advise.",InsightSecure,Engineering,Internal,Ahmedabad,Partner,2,closed,negative,anger,Technical Issue,Bug Report,critical,5
FB-10179,CU-5944,2026-05-30T21:25:00,Refund for a failed InsightPay payment is still pending. We have seen this twice already. Sharing this from the field.,InsightCloud,Product,Survey,Mumbai,SMB,2,resolved,negative,anger,Technical Issue,Bug Report,critical,5
FB-10445,CU-7489,2026-05-30T19:13:00,"Hi, Duplicate invoices were sent to finance after renewal. The issue started last Thursday.",InsightPay,Operations,Mobile App,Dubai,Startup,2,in_progress,negative,frustration,Product,Complaint,high,3
FB-10443,CU-2329,2026-05-30T15:48:00,"For the record, The interface redesign is intuitive and reduced training time. The team mentioned InsightPay in the weekly review. Thanks.",InsightChat,Sales,Mobile App,Kolkata,Enterprise,5,closed,positive,joy,UX/UI,Praise,low,1
FB-11959,CU-9959,2026-05-30T13:08:00,"Hi, We are happy with the reliability of InsightAnalytics this quarter. Our enterprise account is affected. Looking forward to a fix.",InsightCloud,Operations,Website,Singapore,Startup,5,closed,positive,joy,Product,Praise,low,1
FB-10960,CU-4879,2026-05-30T11:42:00,"For the record, Refund was issued quickly and with a clear explanation. A workaround exists but it is not acceptable long term. Thanks.",InsightSecure,Operations,Chat,Ahmedabad,Enterprise,5,open,positive,satisfaction,Payment,Suggestion,low,2
FB-10822,CU-5544,2026-05-30T04:49:00,Payment reconciliation finally works without manual edits. Please treat this as high priority. Looking forward to a fix.,InsightPay,Product,Chat,Bangalore,Consumer,4,resolved,negative,neutral,Customer Support,Bug Report,medium,2
FB-11034,CU-6497,2026-05-30T01:25:00,"Hi, Noting that the internal survey was completed by HR. We have seen this twice already.",InsightSecure,Engineering,Survey,Surat,Startup,3,closed,neutral,anger,Technical Issue,Bug Report,medium,1
FB-10219,CU-9975,2026-05-29T23:32:00,Quick update: Appreciate the proactive outage communication. This is impacting customers in Bangalore. Thanks.,InsightAnalytics,HR,Survey,New York,Internal,4,closed,negative,anger,Technical Issue,Bug Report,critical,4
FB-10558,CU-8447,2026-05-29T23:30:00,"Hi, I am angry that the ticket was closed without a resolution. This is impacting customers in Surat. Please advise.",InsightCloud,Customer Support,Website,Kolkata,SMB,1,closed,negative,neutral,Customer Support,Complaint,high,2
FB-10970,CU-5091,2026-05-29T22:55:00,"For the record, Support never called back after I reported a critical outage. Our enterprise account is affected. Logged by the duty manager.",InsightAnalytics,Customer Support,Website,Surat,Enterprise,1,resolved,negative,frustration,Customer Support,Request,critical,4
FB-10471,CU-3869,2026-05-29T22:50:00,Noting that the internal survey was completed by HR. The team mentioned InsightPay in the weekly review. Please advise.,InsightAnalytics,Engineering,Chat,Delhi,SMB,3,closed,neutral,neutral,Other,Praise,low,1
FB-12190,CU-8935,2026-05-29T21:46:00,"For the record, The onboarding specialist made InsightChat easy to adopt. I attached screenshots in the original ticket. Please advise.",InsightCRM,Customer Support,Mobile App,Ahmedabad,Internal,5,open,positive,joy,Service,Praise,low,1
FB-10317,CU-8987,2026-05-29T21:21:00,"To be clear, I am delighted with the quality of the latest InsightPortal release. The issue started last Thursday. Please advise.",InsightSecure,Engineering,Website,Surat,Consumer,5,open,positive,joy,Product,Praise,low,1
FB-11938,CU-4054,2026-05-29T11:28:00,Mobile users report they cannot complete signup on InsightMobile. I am following up because there was no response. Logged by the duty manager.,InsightSecure,Engineering,Social Media,Delhi,SMB,2,in_progress,negative,frustration,Technical Issue,Bug Report,critical,4
FB-10131,CU-8109,2026-05-29T05:05:00,"To be clear, The current plan is acceptable but we will compare alternatives. This is impacting customers in Pune. Looking forward to a fix.",InsightPortal,HR,Survey,Jaipur,Enterprise,4,closed,neutral,neutral,Performance,Information,low,1
FB-10917,CU-7520,2026-05-29T00:35:00,"To be clear, Is there a sandbox for InsightPay chargebacks? We have seen this twice already. Sharing this from the field.",InsightPortal,Operations,Mobile App,Chennai,Consumer,3,closed,negative,anger,Technical Issue,Bug Report,high,3
FB-11228,CU-8569,2026-05-28T19:14:00,"For the record, Can you schedule a training session for the operations team? We have seen this twice already. Sharing this from the field.",InsightCRM,Operations,Email,Singapore,Consumer,3,open,neutral,neutral,Customer Support,Request,low,1
FB-11755,CU-9104,2026-05-28T18:42:00,Quick update: Mobile users report they cannot complete signup on InsightCloud. This is impacting customers in Jaipur. Logged by the duty manager.,InsightAnalytics,Product,Survey,Jaipur,Startup,2,resolved,negative,frustration,Technical Issue,Bug Report,critical,4
FB-11916,CU-4319,2026-05-28T16:05:00,Quick update: Documentation is outdated and caused a production misconfiguration. This is impacting customers in Hyderabad.,InsightChat,Engineering,Email,Delhi,Startup,1,resolved,negative,confusion,Documentation,Complaint,high,2
FB-10593,CU-2462,2026-05-28T13:23:00,Quick update: Delivery to Dubai was earlier than the estimated date. The issue started last Thursday.,InsightCRM,Operations,Call Center,Pune,Internal,4,open,negative,frustration,Delivery,Complaint,medium,2
FB-10339,CU-6886,2026-05-28T12:57:00,Mobile users report they cannot complete signup on InsightAnalytics. The issue started last Thursday. Looking forward to a fix.,InsightCloud,Finance,Internal,Surat,Internal,2,in_progress,negative,frustration,Technical Issue,Bug Report,critical,4
FB-11784,CU-6128,2026-05-28T10:37:00,"Hi, Noting that the internal survey was completed by HR. The team mentioned InsightCRM in the weekly review. Looking forward to a fix.",InsightMobile,Operations,Mobile App,Dubai,Consumer,4,resolved,neutral,neutral,Other,Praise,low,1
FB-11356,CU-4420,2026-05-28T07:17:00,Refund for a failed InsightChat payment is still pending. Our enterprise account is affected. Thanks.,InsightPay,Customer Support,Internal,Pune,Partner,2,open,negative,anger,Account,Request,critical,5
FB-11691,CU-9244,2026-05-28T05:08:00,"Hi, Appreciate the proactive outage communication. I attached screenshots in the original ticket. Please advise.",InsightPay,Customer Support,Call Center,Chennai,Internal,4,in_progress,neutral,neutral,Customer Support,Praise,medium,2
FB-10886,CU-1349,2026-05-28T05:01:00,"For the record, Price increase was communicated poorly and feels unjustified. Our enterprise account is affected. Please advise.",InsightCloud,Finance,Social Media,Delhi,SMB,2,resolved,neutral,disappointment,Account,Request,medium,3
FB-11652,CU-2995,2026-05-28T04:24:00,"Hello team, We may add twenty more seats if the trial goes well. Our enterprise account is affected.",InsightChat,Finance,Social Media,Singapore,Enterprise,4,resolved,neutral,anger,Account,Request,low,1
FB-10518,CU-4115,2026-05-28T03:25:00,Quick update: Chat support was knowledgeable and patient. A workaround exists but it is not acceptable long term. Sharing this from the field.,InsightPay,Customer Support,Website,New York,Consumer,5,resolved,neutral,satisfaction,Customer Support,Suggestion,low,1
FB-12136,CU-6340,2026-05-28T00:22:00,Quick update: We are happy with the reliability of InsightChat this quarter. This is impacting customers in Ahmedabad. Logged by the duty manager.,InsightChat,Finance,Internal,Singapore,Startup,4,resolved,positive,joy,Product,Praise,low,1
FB-11795,CU-5988,2026-05-27T22:27:00,"To be clear, Need access for two additional analysts this week. A workaround exists but it is not acceptable long term. Please advise.",InsightPortal,Finance,Internal,Dubai,Consumer,3,closed,neutral,neutral,Customer Support,Request,low,1
FB-10733,CU-9566,2026-05-27T15:48:00,Quick update: The InsightChat checkout failed and I was still charged. Our enterprise account is affected. Looking forward to a fix.,InsightAnalytics,Operations,Mobile App,Surat,Internal,2,resolved,negative,anger,Account,Request,critical,5
FB-10720,CU-4437,2026-05-27T15:48:00,Refund for a failed InsightPay payment is still pending. The issue started last Thursday. Thanks.,InsightPay,Customer Support,Social Media,Hyderabad,Partner,1,in_progress,negative,anger,Payment,Complaint,critical,5
FB-11636,CU-1621,2026-05-27T13:01:00,InsightSecure audit logs are exactly what compliance needed. This is impacting customers in Chennai. Please advise.,InsightPay,Finance,Mobile App,Ahmedabad,Enterprise,4,closed,neutral,neutral,Technical Issue,Suggestion,low,1
FB-11109,CU-2792,2026-05-27T11:11:00,Appreciate the proactive outage communication. The issue started last Thursday. Sharing this from the field.,InsightSecure,Finance,Internal,Surat,SMB,5,open,negative,anger,Technical Issue,Bug Report,high,3
FB-11206,CU-3533,2026-05-26T16:07:00,Quick update: Mobile users report they cannot complete signup on InsightPay. The issue started last Thursday.,InsightPortal,HR,Email,Delhi,Internal,2,in_progress,negative,frustration,Technical Issue,Bug Report,critical,4
FB-10695,CU-5225,2026-05-26T14:21:00,Quick update: Support never called back after I reported a critical outage. Please treat this as high priority. Thanks.,InsightPortal,Customer Support,Social Media,Jaipur,Enterprise,2,resolved,negative,frustration,Customer Support,Bug Report,critical,4
FB-10907,CU-9148,2026-05-26T12:21:00,"Hello team, Support never called back after I reported a critical outage. This is impacting customers in Kolkata. Sharing this from the field.",InsightPortal,Customer Support,Social Media,New York,Startup,1,resolved,negative,frustration,Customer Support,Bug Report,critical,4
FB-10371,CU-9570,2026-05-26T11:08:00,"Hello team, Appreciate the proactive outage communication. The team mentioned InsightCloud in the weekly review.",InsightPortal,Sales,Survey,Mumbai,Internal,5,open,positive,joy,Product,Praise,low,2
FB-11027,CU-2476,2026-05-26T08:45:00,"To be clear, We are happy with the reliability of InsightAnalytics this quarter. This happened after the latest update. Logged by the duty manager.",InsightPortal,Operations,Email,Pune,Enterprise,5,in_progress,positive,joy,Product,Praise,low,1
FB-12174,CU-2175,2026-05-26T07:36:00,"Hi, Delivery to Ahmedabad was earlier than the estimated date. I am following up because there was no response. Please advise.",InsightCloud,Operations,Internal,Surat,Consumer,5,closed,positive,satisfaction,Delivery,Praise,low,1
FB-10683,CU-7531,2026-05-26T05:17:00,Quick update: Where can I find the data retention policy? This happened after the latest update. Thanks.,InsightPay,Sales,Email,London,Startup,3,open,negative,confusion,Other,Question,medium,1
FB-10372,CU-8934,2026-05-26T03:04:00,"Hello team, Please confirm whether SSO is enabled for partner accounts. We have seen this twice already. Thanks.",InsightPay,HR,Chat,Ahmedabad,SMB,3,open,negative,anger,Security,Request,medium,2
FB-11686,CU-1175,2026-05-26T01:00:00,"Hello team, Support never called back after I reported a critical outage. A workaround exists but it is not acceptable long term. Thanks.",InsightCRM,Customer Support,Internal,Mumbai,SMB,1,open,negative,frustration,Customer Support,Complaint,critical,4
FB-11068,CU-6837,2026-05-25T23:07:00,"For the record, Documentation update saved our engineering team hours. The team mentioned InsightCRM in the weekly review.",InsightPortal,Sales,Email,Mumbai,Enterprise,4,open,positive,joy,Product,Praise,low,1
FB-10808,CU-2915,2026-05-25T22:50:00,"To be clear, Average experience so far, we are still evaluating InsightPay. Please treat this as high priority. Logged by the duty manager.",InsightSecure,Engineering,Survey,New York,Startup,4,in_progress,negative,neutral,Product,Bug Report,medium,1
FB-11628,CU-6234,2026-05-25T18:25:00,"Hello team, The InsightChat checkout failed and I was still charged. I attached screenshots in the original ticket. Sharing this from the field.",InsightPay,Customer Support,Call Center,New York,Internal,1,in_progress,positive,anger,Payment,Praise,medium,4
FB-11148,CU-7250,2026-05-25T15:12:00,"To be clear, Response time from customer support is getting worse every week. A workaround exists but it is not acceptable long term. Sharing this from the field.",InsightAnalytics,Customer Support,Internal,Surat,Internal,2,in_progress,neutral,neutral,Customer Support,Request,low,2
FB-10654,CU-5116,2026-05-25T06:51:00,"For the record, We are happy with the reliability of InsightAnalytics this quarter. I attached screenshots in the original ticket. Thanks.",InsightSecure,Customer Support,Internal,Chennai,SMB,4,closed,positive,joy,Product,Praise,low,1
FB-11875,CU-8656,2026-05-25T05:26:00,"Hi, Feature request: webhook retries with exponential backoff. The team mentioned InsightCRM in the weekly review.",InsightPay,Operations,Website,New York,Consumer,4,resolved,positive,neutral,Product,Praise,low,1
FB-10107,CU-8932,2026-05-24T20:51:00,"Hi, Feature request: webhook retries with exponential backoff. We have seen this twice already. Sharing this from the field.",InsightAnalytics,Sales,Call Center,Delhi,Startup,4,in_progress,negative,anger,Technical Issue,Bug Report,medium,2
FB-12052,CU-9487,2026-05-24T18:40:00,"To be clear, Documentation is outdated and caused a production misconfiguration. I am following up because there was no response. Thanks.",InsightAnalytics,Operations,Chat,Kolkata,SMB,1,resolved,positive,satisfaction,Documentation,Praise,low,2
FB-11380,CU-4615,2026-05-24T17:14:00,Quick update: Need access for two additional analysts this week. The team mentioned InsightCloud in the weekly review. Looking forward to a fix.,InsightCRM,Product,Mobile App,Ahmedabad,Enterprise,3,closed,negative,neutral,Customer Support,Request,medium,1
FB-11414,CU-8828,2026-05-24T14:01:00,The InsightMobile rollout is scheduled for next Monday in Mumbai. The issue started last Thursday. Looking forward to a fix.,InsightChat,Finance,Chat,Delhi,Startup,4,open,negative,frustration,Delivery,Complaint,medium,1
FB-11864,CU-8643,2026-05-24T10:19:00,Quick update: The interface redesign is intuitive and reduced training time. The team mentioned InsightCRM in the weekly review. Looking forward to a fix.,InsightCloud,HR,Internal,Delhi,Internal,4,resolved,positive,joy,UX/UI,Praise,low,1
FB-10321,CU-6640,2026-05-24T10:19:00,"To be clear, Consider adding a weekly digest for managers. A workaround exists but it is not acceptable long term. Sharing this from the field.",InsightAnalytics,Engineering,Mobile App,Jaipur,Enterprise,3,resolved,neutral,satisfaction,Performance,Suggestion,low,1
FB-11722,CU-8208,2026-05-24T08:35:00,"To be clear, The latest release introduced a severe performance regression. This is impacting customers in Surat. Sharing this from the field.",InsightPay,Sales,Website,New York,Enterprise,2,in_progress,negative,disappointment,Product,Complaint,critical,3
FB-12143,CU-9884,2026-05-24T07:48:00,"To be clear, Customer support resolved our incident in twenty minutes. I am following up because there was no response. Logged by the duty manager.",InsightMobile,Customer Support,Internal,London,Consumer,5,closed,positive,neutral,Customer Support,Praise,low,1
FB-11802,CU-5602,2026-05-24T03:40:00,"Hi, Billing error created an unauthorized charge on our card. The issue started last Thursday. Thanks.",InsightCRM,Sales,Survey,Pune,Internal,1,resolved,negative,anger,Other,Complaint,critical,5
FB-12115,CU-9324,2026-05-24T01:27:00,"For the record, The interface redesign is intuitive and reduced training time. We have seen this twice already. Sharing this from the field.",InsightChat,Sales,Mobile App,Hyderabad,Startup,5,resolved,negative,anger,Technical Issue,Bug Report,medium,2
FB-10516,CU-8191,2026-05-23T19:26:00,"For the record, Package for InsightMobile arrived damaged in Pune. I am following up because there was no response. Logged by the duty manager.",InsightPortal,Operations,Survey,Singapore,Consumer,1,in_progress,positive,frustration,Delivery,Praise,low,2
FB-10081,CU-5616,2026-05-23T18:28:00,"Hello team, Mobile users report they cannot complete signup on InsightAnalytics. The team mentioned InsightCRM in the weekly review. Please advise.",InsightPortal,HR,Chat,Kolkata,Partner,2,in_progress,negative,frustration,Product,Bug Report,critical,3
FB-10515,CU-3090,2026-05-23T17:35:00,"Hi, Average experience so far, we are still evaluating InsightAnalytics. Please treat this as high priority. Looking forward to a fix.",InsightChat,Engineering,Social Media,Ahmedabad,Internal,3,in_progress,negative,anger,Product,Bug Report,medium,1
FB-11461,CU-7232,2026-05-23T15:16:00,Quick update: Need access for two additional analysts this week. Please treat this as high priority. Logged by the duty manager.,InsightPay,Finance,Internal,Singapore,SMB,3,open,negative,neutral,Customer Support,Request,low,1
FB-11975,CU-9246,2026-05-23T13:29:00,InsightSecure audit logs are exactly what compliance needed. I attached screenshots in the original ticket. Looking forward to a fix.,InsightPortal,Customer Support,Email,London,Internal,5,closed,negative,satisfaction,Product,Praise,low,1
FB-11699,CU-6988,2026-05-23T11:56:00,"For the record, I am angry that the ticket was closed without a resolution. The issue started last Thursday. Looking forward to a fix.",InsightMobile,Customer Support,Chat,Kolkata,Internal,2,open,negative,frustration,Customer Support,Complaint,high,2
FB-10377,CU-7563,2026-05-23T02:07:00,Security alert fired after suspicious admin logins. This happened after the latest update. Looking forward to a fix.,InsightMobile,Engineering,Mobile App,New York,SMB,2,open,negative,anger,Security,Complaint,critical,5
FB-11972,CU-8937,2026-05-23T01:15:00,"To be clear, Is there a sandbox for InsightPay chargebacks? Please treat this as high priority. Logged by the duty manager.",InsightCloud,Product,Survey,Kolkata,Startup,3,resolved,neutral,neutral,Customer Support,Suggestion,low,2
FB-11124,CU-2364,2026-05-22T06:13:00,"To be clear, The current plan is acceptable but we will compare alternatives. The issue started last Thursday. Thanks.",InsightPortal,Engineering,Survey,London,Enterprise,4,closed,neutral,neutral,Performance,Information,low,1
FB-11508,CU-2067,2026-05-21T23:32:00,Quick update: The onboarding specialist made InsightSecure easy to adopt. I am following up because there was no response. Please advise.,InsightChat,Finance,Survey,Pune,Startup,5,open,positive,joy,Service,Praise,low,1
FB-11727,CU-2366,2026-05-21T20:10:00,"For the record, Sharing an FYI that finance will review invoices tomorrow. We have seen this twice already. Logged by the duty manager.",InsightPay,Product,Chat,Bangalore,Enterprise,4,open,neutral,neutral,Other,Information,low,2
FB-12154,CU-9376,2026-05-21T12:49:00,Quick update: Billing error created an unauthorized charge on our card. We have seen this twice already.,InsightMobile,Finance,Chat,Jaipur,Consumer,2,closed,negative,anger,Technical Issue,Bug Report,critical,5
FB-10557,CU-9767,2026-05-21T02:22:00,Quick update: Delivery to Bangalore was earlier than the estimated date. This is impacting customers in Jaipur.,InsightPortal,Operations,Internal,Surat,Enterprise,4,open,negative,satisfaction,Delivery,Bug Report,medium,1
FB-11724,CU-1573,2026-05-21T01:20:00,"Hello team, Appreciate the proactive outage communication. This is impacting customers in New York. Logged by the duty manager.",InsightCloud,Customer Support,Website,Ahmedabad,Internal,5,in_progress,negative,anger,Technical Issue,Praise,medium,3
FB-10958,CU-2843,2026-05-20T19:29:00,Where can I find the data retention policy? We have seen this twice already. Thanks.,InsightPortal,Finance,Call Center,Chennai,Internal,3,closed,neutral,confusion,Other,Question,low,1
FB-10180,CU-6026,2026-05-20T18:52:00,"To be clear, The interface redesign is intuitive and reduced training time. I attached screenshots in the original ticket. Logged by the duty manager.",InsightMobile,Customer Support,Social Media,Mumbai,SMB,5,resolved,positive,satisfaction,UX/UI,Praise,low,1
FB-11703,CU-9622,2026-05-20T17:04:00,"Hello team, Documentation update saved our engineering team hours. I attached screenshots in the original ticket. Logged by the duty manager.",InsightChat,Customer Support,Social Media,Dubai,SMB,5,closed,positive,joy,Product,Praise,low,1
FB-11237,CU-7276,2026-05-20T16:40:00,Quick update: Customer support resolved our incident in twenty minutes. The issue started last Thursday. Please advise.,InsightChat,Customer Support,Mobile App,Mumbai,Internal,5,open,neutral,frustration,Customer Support,Request,low,1
FB-11792,CU-9866,2026-05-20T12:26:00,"To be clear, Loved the new InsightMobile dashboard, it is clean and fast. We have seen this twice already. Sharing this from the field.",InsightPay,Operations,Chat,Hyderabad,Internal,4,resolved,positive,anger,UX/UI,Praise,low,1
FB-10604,CU-2758,2026-05-20T08:25:00,"For the record, Delivery to Chennai was earlier than the estimated date. The team mentioned InsightAnalytics in the weekly review.",InsightChat,Operations,Internal,Pune,Consumer,5,open,positive,satisfaction,Delivery,Praise,low,1
FB-11927,CU-9583,2026-05-20T05:33:00,"Hello team, Call center agents read from a script and did not understand the issue. The team mentioned InsightPay in the weekly review. Thanks.",InsightPay,Product,Internal,Chennai,Consumer,2,resolved,negative,anger,Customer Support,Praise,high,2
FB-10769,CU-7584,2026-05-20T05:17:00,Consider adding a weekly digest for managers. This is impacting customers in Chennai. Logged by the duty manager.,InsightMobile,Finance,Call Center,Mumbai,Consumer,3,open,neutral,neutral,Other,Suggestion,low,1
FB-11967,CU-6101,2026-05-20T04:01:00,"To be clear, I am delighted with the quality of the latest InsightCRM release. Please treat this as high priority. Sharing this from the field.",InsightAnalytics,Operations,Internal,Bangalore,SMB,5,resolved,positive,joy,Product,Praise,low,1
FB-11945,CU-2996,2026-05-20T02:33:00,I am delighted with the quality of the latest InsightSecure release. Please treat this as high priority. Sharing this from the field.,InsightSecure,Product,Call Center,Delhi,Internal,5,open,positive,joy,Product,Praise,low,1
FB-10053,CU-9955,2026-05-20T00:57:00,Quick update: The interface redesign is intuitive and reduced training time. I am following up because there was no response. Logged by the duty manager.,InsightPortal,Product,Email,Surat,Consumer,5,closed,positive,joy,UX/UI,Praise,low,1
FB-11615,CU-8541,2026-05-19T17:21:00,Quick update: Can you schedule a training session for the operations team? We have seen this twice already. Looking forward to a fix.,InsightCloud,Sales,Website,Surat,Startup,3,open,negative,neutral,Customer Support,Request,low,1
FB-11462,CU-5385,2026-05-19T13:22:00,Quick update: The latest release introduced a severe performance regression. I attached screenshots in the original ticket. Logged by the duty manager.,InsightCRM,Customer Support,Call Center,Singapore,Startup,2,in_progress,negative,disappointment,Product,Complaint,critical,3
FB-12083,CU-9210,2026-05-19T12:18:00,Quick update: We cannot login to InsightCloud since the last update. This is impacting customers in Singapore. Logged by the duty manager.,InsightMobile,Engineering,Internal,Mumbai,Startup,2,in_progress,negative,frustration,Technical Issue,Bug Report,critical,4
FB-11726,CU-7918,2026-05-19T10:40:00,"For the record, Security alert fired after suspicious admin logins. I am following up because there was no response. Looking forward to a fix.",InsightCRM,Engineering,Survey,Jaipur,Internal,2,closed,negative,anger,Security,Complaint,critical,5
FB-11350,CU-4715,2026-05-19T09:41:00,The current plan is acceptable but we will compare alternatives. This happened after the latest update. Please advise.,InsightMobile,HR,Call Center,Mumbai,Startup,3,open,neutral,disappointment,Technical Issue,Information,medium,1
FB-11343,CU-4974,2026-05-19T09:38:00,"Hi, Package for InsightMobile arrived damaged in Pune. A workaround exists but it is not acceptable long term. Logged by the duty manager.",InsightPortal,Customer Support,Survey,Ahmedabad,Consumer,2,in_progress,negative,frustration,UX/UI,Complaint,high,2
FB-10965,CU-9535,2026-05-19T05:29:00,Quick update: We may add twenty more seats if the trial goes well. I am following up because there was no response. Please advise.,InsightAnalytics,HR,Mobile App,Mumbai,Startup,4,open,neutral,neutral,Customer Support,Suggestion,low,1
FB-12173,CU-6160,2026-05-19T03:21:00,Where can I find the data retention policy? I attached screenshots in the original ticket. Please advise.,InsightPay,Customer Support,Mobile App,Kolkata,SMB,4,closed,neutral,confusion,Other,Question,low,1
FB-12063,CU-9934,2026-05-18T23:46:00,"Hi, Security alert fired after suspicious admin logins. We have seen this twice already.",InsightPay,Engineering,Call Center,Bangalore,Internal,1,resolved,negative,anger,Security,Bug Report,critical,5
FB-10885,CU-9020,2026-05-18T22:46:00,Quick update: Support never called back after I reported a critical outage. Our enterprise account is affected. Logged by the duty manager.,InsightPay,Customer Support,Call Center,Singapore,Consumer,1,closed,negative,frustration,Customer Support,Request,critical,4
FB-11243,CU-5999,2026-05-18T18:49:00,"To be clear, I am delighted with the quality of the latest InsightMobile release. We have seen this twice already. Please advise.",InsightMobile,Product,Call Center,Dubai,Internal,5,resolved,positive,joy,Product,Praise,low,1
FB-11123,CU-8390,2026-05-18T18:49:00,"For the record, Noting that the internal survey was completed by HR. This happened after the latest update. Thanks.",InsightPay,Customer Support,Chat,Kolkata,Internal,4,in_progress,neutral,neutral,Technical Issue,Complaint,low,1
FB-10045,CU-4073,2026-05-18T17:29:00,"Hi, Documentation update saved our engineering team hours. Please treat this as high priority.",InsightChat,Customer Support,Survey,Jaipur,Consumer,5,resolved,neutral,joy,Technical Issue,Suggestion,low,1
FB-10723,CU-9074,2026-05-18T17:23:00,Quick update: We are happy with the reliability of InsightPortal this quarter. I am following up because there was no response. Looking forward to a fix.,InsightCloud,Engineering,Call Center,Mumbai,SMB,5,in_progress,positive,joy,Product,Praise,low,1
FB-11292,CU-7418,2026-05-18T14:34:00,"Hi, The InsightCRM rollout is scheduled for next Monday in Kolkata. I attached screenshots in the original ticket. Logged by the duty manager.",InsightPay,Customer Support,Survey,Mumbai,Partner,4,resolved,neutral,neutral,Delivery,Complaint,low,1
FB-11811,CU-4350,2026-05-18T14:13:00,"For the record, We may add twenty more seats if the trial goes well. This is impacting customers in London. Thanks.",InsightMobile,Operations,Social Media,Kolkata,Consumer,4,open,neutral,neutral,Customer Support,Suggestion,low,1
FB-11388,CU-5087,2026-05-18T12:07:00,"For the record, Refund was issued quickly and with a clear explanation. A workaround exists but it is not acceptable long term. Looking forward to a fix.",InsightAnalytics,Operations,Email,Surat,Startup,5,open,positive,satisfaction,Payment,Suggestion,low,2
FB-11119,CU-8145,2026-05-18T05:07:00,Quick update: Payment reconciliation finally works without manual edits. Our enterprise account is affected. Logged by the duty manager.,InsightMobile,Finance,Email,Mumbai,Enterprise,4,open,negative,frustration,Account,Request,medium,3
FB-11383,CU-6104,2026-05-18T02:49:00,"To be clear, Noting that the internal survey was completed by HR. This is impacting customers in Bangalore. Logged by the duty manager.",InsightPay,Customer Support,Email,Ahmedabad,SMB,4,in_progress,neutral,neutral,Other,Information,low,1
FB-11729,CU-5886,2026-05-18T01:51:00,Quick update: The current plan is acceptable but we will compare alternatives. A workaround exists but it is not acceptable long term.,InsightSecure,Sales,Chat,Kolkata,Partner,3,open,neutral,neutral,Performance,Information,low,1
FB-11627,CU-5072,2026-05-18T01:45:00,"For the record, Payment reconciliation finally works without manual edits. A workaround exists but it is not acceptable long term. Logged by the duty manager.",InsightAnalytics,Operations,Mobile App,Pune,Partner,5,in_progress,neutral,neutral,UX/UI,Information,low,2
FB-10606,CU-3294,2026-05-17T23:36:00,"Average experience so far, we are still evaluating InsightCRM. A workaround exists but it is not acceptable long term. Thanks.",InsightSecure,Engineering,Social Media,Singapore,Internal,3,open,negative,anger,Product,Information,medium,1
FB-11867,CU-5248,2026-05-17T23:24:00,"Hi, I am delighted with the quality of the latest InsightChat release. I attached screenshots in the original ticket. Logged by the duty manager.",InsightChat,Customer Support,Social Media,Chennai,Internal,5,open,positive,joy,Product,Praise,low,1
FB-10506,CU-8596,2026-05-17T23:24:00,Quick update: Documentation update saved our engineering team hours. Please treat this as high priority. Please advise.,InsightCloud,HR,Chat,Bangalore,Internal,5,resolved,neutral,neutral,Technical Issue,Suggestion,low,1
FB-12014,CU-4312,2026-05-17T19:02:00,"Hi, I am angry that the ticket was closed without a resolution. This happened after the latest update. Looking forward to a fix.",InsightCRM,Customer Support,Social Media,Surat,SMB,2,resolved,negative,anger,Customer Support,Complaint,critical,3
FB-12021,CU-7545,2026-05-17T12:31:00,"For the record, Refund was issued quickly and with a clear explanation. Please treat this as high priority. Logged by the duty manager.",InsightPortal,HR,Survey,Dubai,Consumer,5,resolved,positive,satisfaction,Payment,Suggestion,low,2
FB-10956,CU-9850,2026-05-17T11:44:00,"To be clear, Search is too slow to be usable during business hours. Our enterprise account is affected. Thanks.",InsightCRM,HR,Call Center,Hyderabad,Partner,2,closed,positive,joy,Account,Praise,low,2
FB-12125,CU-8936,2026-05-17T05:32:00,"For the record, Consider adding a weekly digest for managers. I attached screenshots in the original ticket.",InsightCloud,Customer Support,Website,Singapore,SMB,3,resolved,neutral,neutral,Customer Support,Suggestion,low,1
FB-12195,CU-1351,2026-05-17T01:43:00,"Hi, We are happy with the reliability of InsightPortal this quarter. I attached screenshots in the original ticket. Looking forward to a fix.",InsightCRM,Customer Support,Chat,New York,Enterprise,5,open,positive,joy,Product,Praise,low,1
FB-11770,CU-5090,2026-05-17T01:35:00,"Loved the new InsightPortal dashboard, it is clean and fast. I attached screenshots in the original ticket. Sharing this from the field.",InsightChat,Customer Support,Email,Delhi,Startup,5,open,positive,satisfaction,UX/UI,Praise,low,1
FB-10287,CU-6729,2026-05-17T00:49:00,"Hi, Please confirm whether SSO is enabled for partner accounts. This is impacting customers in Hyderabad. Thanks.",InsightAnalytics,Operations,Internal,Jaipur,SMB,3,in_progress,neutral,neutral,Security,Request,low,1
FB-10250,CU-7544,2026-05-17T00:10:00,"Hello team, Price increase was communicated poorly and feels unjustified. This happened after the latest update. Logged by the duty manager.",InsightCloud,Product,Survey,London,Consumer,1,in_progress,negative,disappointment,Product,Complaint,critical,4
FB-10613,CU-5274,2026-05-17T00:02:00,"For the record, Noting that the internal survey was completed by HR. I am following up because there was no response.",InsightSecure,Engineering,Call Center,Hyderabad,Enterprise,3,open,neutral,neutral,Other,Information,low,1
FB-11167,CU-4834,2026-05-16T23:22:00,Quick update: The InsightCRM rollout is scheduled for next Monday in Bangalore. The issue started last Thursday. Thanks.,InsightCRM,Finance,Call Center,Pune,Startup,3,resolved,negative,frustration,Delivery,Complaint,medium,1
FB-11702,CU-1887,2026-05-16T16:13:00,"For the record, Great improvement in mobile performance this month. This is impacting customers in Singapore. Please advise.",InsightSecure,Finance,Internal,Singapore,Partner,4,resolved,neutral,neutral,Technical Issue,Suggestion,low,1
FB-11342,CU-1600,2026-05-16T15:00:00,"For the record, InsightSecure audit logs are exactly what compliance needed. I am following up because there was no response.",InsightChat,Engineering,Mobile App,Ahmedabad,Consumer,5,in_progress,positive,neutral,Product,Praise,low,1
FB-11178,CU-1394,2026-05-16T14:38:00,"Hello team, We cannot login to InsightChat since the last update. I attached screenshots in the original ticket. Thanks.",InsightAnalytics,Customer Support,Email,Bangalore,Startup,1,resolved,negative,frustration,Technical Issue,Bug Report,critical,4
FB-11947,CU-2849,2026-05-16T09:10:00,"To be clear, Delivery to Jaipur was earlier than the estimated date. We have seen this twice already.",InsightAnalytics,Operations,Social Media,Surat,Startup,5,open,negative,anger,Technical Issue,Bug Report,medium,2
FB-10529,CU-2742,2026-05-16T08:13:00,"To be clear, Chat support was knowledgeable and patient. I attached screenshots in the original ticket. Sharing this from the field.",InsightChat,Customer Support,Email,London,Internal,5,resolved,positive,satisfaction,Customer Support,Praise,low,1
FB-11016,CU-9361,2026-05-16T07:41:00,"For the record, The latest release introduced a severe performance regression. Please treat this as high priority. Thanks.",InsightCloud,Sales,Website,Singapore,Consumer,2,open,neutral,disappointment,Product,Suggestion,medium,2
FB-10110,CU-5676,2026-05-16T06:48:00,"Hello team, Appreciate the proactive outage communication. We have seen this twice already. Looking forward to a fix.",InsightAnalytics,Product,Website,Singapore,Enterprise,5,resolved,negative,anger,Technical Issue,Bug Report,critical,4
FB-11272,CU-9551,2026-05-16T05:41:00,"Hello team, We cannot login to InsightChat since the last update. Our enterprise account is affected. Please advise.",InsightAnalytics,Engineering,Internal,Ahmedabad,Enterprise,2,open,negative,frustration,Account,Request,high,2
FB-11634,CU-1285,2026-05-16T04:17:00,Quick update: Security alert fired after suspicious admin logins. The team mentioned InsightCloud in the weekly review. Thanks.,InsightChat,Engineering,Chat,Surat,Internal,2,in_progress,negative,anger,Security,Praise,high,4
FB-11352,CU-2882,2026-05-16T02:58:00,"For the record, Documentation update saved our engineering team hours. Please treat this as high priority. Sharing this from the field.",InsightPortal,Product,Chat,Surat,Consumer,5,open,neutral,neutral,Technical Issue,Request,low,1
FB-11262,CU-7577,2026-05-15T17:27:00,Refund for a failed InsightPay payment is still pending. Our enterprise account is affected. Logged by the duty manager.,InsightCloud,Sales,Internal,Ahmedabad,Consumer,2,in_progress,negative,anger,Account,Request,critical,5
FB-11853,CU-4482,2026-05-15T17:08:00,"To be clear, Mobile users report they cannot complete signup on InsightChat. We have seen this twice already. Thanks.",InsightCloud,Sales,Chat,Dubai,Partner,2,open,negative,anger,Technical Issue,Bug Report,critical,4
FB-11878,CU-4215,2026-05-15T09:28:00,Quick update: Delivery was extremely late and customer support did not respond. This happened after the latest update. Sharing this from the field.,InsightAnalytics,Operations,Website,Delhi,Startup,2,in_progress,negative,frustration,Customer Support,Complaint,critical,3
FB-10742,CU-4992,2026-05-15T06:09:00,"For the record, Package for InsightAnalytics arrived damaged in Ahmedabad. The team mentioned InsightCRM in the weekly review. Thanks.",InsightPay,Product,Website,Dubai,Partner,2,in_progress,positive,frustration,Delivery,Praise,medium,2
FB-10159,CU-1439,2026-05-15T02:15:00,Quick update: Support never called back after I reported a critical outage. Please treat this as high priority. Please advise.,InsightAnalytics,Customer Support,Social Media,Delhi,Partner,2,resolved,negative,frustration,Customer Support,Bug Report,critical,4
FB-11700,CU-5662,2026-05-15T00:30:00,"Hello team, Sharing an FYI that finance will review invoices tomorrow. The team mentioned InsightChat in the weekly review.",InsightCRM,Engineering,Social Media,Singapore,Startup,4,open,neutral,neutral,Product,Information,low,2
FB-12070,CU-3253,2026-05-14T19:28:00,Quick update: Price increase was communicated poorly and feels unjustified. I attached screenshots in the original ticket. Thanks.,InsightCRM,Customer Support,Email,Jaipur,Enterprise,2,open,negative,satisfaction,Customer Support,Praise,medium,3
FB-12092,CU-8267,2026-05-14T17:54:00,Quick update: Delivery to Ahmedabad was earlier than the estimated date. I attached screenshots in the original ticket. Sharing this from the field.,InsightCRM,Operations,Chat,Ahmedabad,Consumer,5,open,negative,satisfaction,Delivery,Praise,low,1
FB-11374,CU-9962,2026-05-14T14:55:00,The current plan is acceptable but we will compare alternatives. I am following up because there was no response. Please advise.,InsightChat,Operations,Call Center,Hyderabad,Startup,3,open,neutral,neutral,Customer Support,Information,low,1
FB-10809,CU-1009,2026-05-14T14:09:00,Quick update: The interface redesign is intuitive and reduced training time. I am following up because there was no response. Logged by the duty manager.,InsightCRM,Finance,Mobile App,Chennai,SMB,4,closed,positive,joy,UX/UI,Praise,low,1
FB-10277,CU-5193,2026-05-14T12:42:00,Quick update: Package for InsightMobile arrived damaged in Dubai. This happened after the latest update. Thanks.,InsightPortal,Sales,Website,Hyderabad,SMB,2,resolved,negative,frustration,Technical Issue,Complaint,critical,4
FB-11621,CU-7860,2026-05-14T09:08:00,"Hello team, Price increase was communicated poorly and feels unjustified. We have seen this twice already. Please advise.",InsightAnalytics,Engineering,Website,London,Enterprise,1,resolved,negative,anger,Technical Issue,Bug Report,critical,5
FB-11378,CU-3694,2026-05-14T08:53:00,"Hi, Package for InsightCloud arrived damaged in Bangalore. This is impacting customers in Jaipur. Looking forward to a fix.",InsightMobile,Finance,Chat,Dubai,Internal,2,open,negative,frustration,Delivery,Complaint,high,2
FB-11260,CU-1264,2026-05-14T08:49:00,"Hello team, Appreciate the proactive outage communication. We have seen this twice already. Looking forward to a fix.",InsightCloud,Sales,Internal,Kolkata,Internal,5,in_progress,negative,anger,Technical Issue,Bug Report,high,3
FB-10481,CU-6385,2026-05-14T01:15:00,"Hi, Where can I find the data retention policy? We have seen this twice already. Thanks.",InsightPortal,Finance,Email,Bangalore,Startup,3,resolved,neutral,confusion,Other,Question,low,1
FB-11039,CU-2077,2026-05-14T00:58:00,"For the record, The onboarding specialist made InsightMobile easy to adopt. I am following up because there was no response. Logged by the duty manager.",InsightCRM,Finance,Website,Ahmedabad,Consumer,5,open,positive,joy,Service,Praise,low,1
FB-12061,CU-6615,2026-05-13T23:05:00,Great improvement in mobile performance this month. This happened after the latest update. Logged by the duty manager.,InsightPortal,Engineering,Call Center,Dubai,SMB,4,closed,negative,disappointment,Technical Issue,Complaint,high,3
FB-10624,CU-2303,2026-05-13T17:13:00,Is there a sandbox for InsightPay chargebacks? The team mentioned InsightPay in the weekly review. Looking forward to a fix.,InsightChat,Customer Support,Social Media,Jaipur,Partner,3,open,positive,joy,Product,Praise,low,2
FB-11316,CU-1878,2026-05-13T15:50:00,"For the record, Refund for a failed InsightMobile payment is still pending. A workaround exists but it is not acceptable long term. Please advise.",InsightAnalytics,Finance,Email,Chennai,Startup,1,open,neutral,anger,Payment,Suggestion,high,4
FB-10597,CU-5280,2026-05-13T12:27:00,We may add twenty more seats if the trial goes well. Please treat this as high priority. Looking forward to a fix.,InsightChat,Customer Support,Social Media,Jaipur,Startup,3,open,neutral,neutral,Customer Support,Suggestion,low,1
FB-10169,CU-3141,2026-05-13T12:04:00,"Average experience so far, we are still evaluating InsightChat. I attached screenshots in the original ticket. Sharing this from the field.",InsightPay,Customer Support,Call Center,Bangalore,Startup,4,resolved,negative,anger,Product,Information,medium,1
FB-10455,CU-4492,2026-05-13T07:44:00,Quick update: Great improvement in mobile performance this month. I attached screenshots in the original ticket.,InsightCRM,Customer Support,Call Center,Chennai,Internal,5,resolved,negative,frustration,Performance,Bug Report,medium,1
FB-11561,CU-3068,2026-05-13T04:11:00,"For the record, Support never called back after I reported a critical outage. The issue started last Thursday. Please advise.",InsightAnalytics,Customer Support,Social Media,Singapore,Partner,2,resolved,negative,frustration,Customer Support,Complaint,critical,4
FB-11330,CU-8942,2026-05-13T02:52:00,"For the record, Duplicate invoices were sent to finance after renewal. Please treat this as high priority. Sharing this from the field.",InsightPortal,Sales,Internal,Mumbai,Startup,2,open,neutral,neutral,Technical Issue,Request,low,3
FB-11300,CU-1381,2026-05-13T00:09:00,Where can I find the data retention policy? The issue started last Thursday. Thanks.,InsightSecure,Operations,Social Media,Hyderabad,SMB,4,resolved,neutral,confusion,Other,Question,low,1
FB-12127,CU-4291,2026-05-12T22:12:00,"Hello team, Feature request: webhook retries with exponential backoff. We have seen this twice already. Looking forward to a fix.",InsightCloud,Finance,Email,New York,Startup,3,resolved,negative,anger,Technical Issue,Bug Report,medium,2
FB-11547,CU-3173,2026-05-12T20:22:00,"To be clear, I am delighted with the quality of the latest InsightCloud release. This happened after the latest update. Thanks.",InsightPortal,Operations,Internal,Ahmedabad,Internal,4,open,positive,joy,Product,Praise,low,1
FB-10729,CU-7947,2026-05-12T19:14:00,"Hello team, Can you schedule a training session for the operations team? A workaround exists but it is not acceptable long term.",InsightMobile,Sales,Call Center,Bangalore,Enterprise,3,closed,neutral,neutral,Customer Support,Request,low,1
FB-11546,CU-7242,2026-05-12T15:22:00,"To be clear, Please confirm whether SSO is enabled for partner accounts. We have seen this twice already. Thanks.",InsightChat,Operations,Chat,Mumbai,Enterprise,4,in_progress,neutral,anger,Security,Bug Report,medium,1
FB-11874,CU-1355,2026-05-12T15:12:00,"Hi, Duplicate invoices were sent to finance after renewal. This is impacting customers in Kolkata. Sharing this from the field.",InsightCRM,Operations,Chat,Surat,Startup,2,open,negative,anger,Payment,Complaint,high,4
FB-10696,CU-5831,2026-05-12T09:30:00,"Hi, Authentication failures are blocking our entire sales team. I attached screenshots in the original ticket. Please advise.",InsightPortal,Customer Support,Email,New York,Internal,2,open,negative,neutral,Product,Bug Report,medium,2
FB-11655,CU-6108,2026-05-12T03:28:00,"For the record, Call center agents read from a script and did not understand the issue. This happened after the latest update. Logged by the duty manager.",InsightPay,Product,Internal,Ahmedabad,Partner,2,open,negative,anger,Customer Support,Complaint,critical,3
FB-11714,CU-7191,2026-05-12T02:47:00,"Hello team, Support never called back after I reported a critical outage. Please treat this as high priority. Logged by the duty manager.",InsightMobile,Customer Support,Email,Surat,Enterprise,2,resolved,negative,neutral,Customer Support,Bug Report,critical,4
FB-10892,CU-8247,2026-05-12T02:33:00,Quick update: Refund for a failed InsightMobile payment is still pending. We have seen this twice already. Thanks.,InsightMobile,Sales,Mobile App,Pune,Internal,2,resolved,negative,anger,Technical Issue,Bug Report,critical,5
FB-11035,CU-2666,2026-05-11T22:19:00,"Hi, Search is too slow to be usable during business hours. This happened after the latest update. Please advise.",InsightPay,Finance,Call Center,Surat,Enterprise,2,closed,negative,disappointment,Technical Issue,Complaint,critical,4
FB-10982,CU-9941,2026-05-11T21:40:00,"Hello team, Is there a sandbox for InsightPay chargebacks? Please treat this as high priority. Logged by the duty manager.",InsightAnalytics,Customer Support,Mobile App,Delhi,Startup,4,resolved,negative,neutral,Customer Support,Suggestion,low,2
FB-10467,CU-4345,2026-05-11T19:58:00,Need access for two additional analysts this week. I am following up because there was no response. Thanks.,InsightChat,Engineering,Chat,Surat,Partner,3,in_progress,negative,neutral,Customer Support,Request,medium,1
FB-10085,CU-3352,2026-05-11T16:36:00,Response time from customer support is getting worse every week. I am following up because there was no response. Looking forward to a fix.,InsightCRM,Customer Support,Social Media,Pune,Enterprise,1,resolved,positive,frustration,Customer Support,Request,medium,2
FB-10349,CU-3084,2026-05-11T11:17:00,"Hi, How do I export department analytics for last quarter? The team mentioned InsightMobile in the weekly review. Thanks.",InsightCRM,Product,Website,New York,Partner,4,open,neutral,confusion,Product,Praise,low,1
FB-11137,CU-3013,2026-05-11T06:27:00,Quick update: Noting that the internal survey was completed by HR. Please treat this as high priority. Logged by the duty manager.,InsightSecure,Finance,Website,Delhi,Startup,3,closed,neutral,neutral,Other,Bug Report,low,1
FB-10703,CU-5649,2026-05-11T05:21:00,"Hi, The interface redesign is intuitive and reduced training time. I am following up because there was no response. Looking forward to a fix.",InsightPortal,Sales,Social Media,Bangalore,Partner,5,open,positive,joy,UX/UI,Praise,low,1
FB-11501,CU-6603,2026-05-11T04:09:00,Quick update: Chat support was knowledgeable and patient. I am following up because there was no response. Please advise.,InsightSecure,Customer Support,Mobile App,Chennai,Startup,5,open,positive,satisfaction,Customer Support,Praise,low,1
FB-11756,CU-9420,2026-05-11T02:28:00,"For the record, The latest release introduced a severe performance regression. I attached screenshots in the original ticket. Looking forward to a fix.",InsightCloud,Customer Support,Survey,Dubai,Startup,2,closed,negative,disappointment,Product,Complaint,high,2
FB-10910,CU-9067,2026-05-11T00:49:00,"To be clear, The courier missed the delivery window three times in New York. Our enterprise account is affected. Looking forward to a fix.",InsightSecure,Operations,Chat,Pune,Consumer,2,closed,negative,satisfaction,Account,Praise,medium,2
FB-10936,CU-9719,2026-05-10T21:29:00,Quick update: The onboarding specialist made InsightMobile easy to adopt. I am following up because there was no response.,InsightPortal,Sales,Internal,Pune,Partner,5,open,positive,joy,Service,Praise,low,1
FB-11565,CU-1697,2026-05-10T21:09:00,"To be clear, Search is too slow to be usable during business hours. I am following up because there was no response. Please advise.",InsightSecure,Finance,Email,Surat,Startup,2,closed,positive,joy,Performance,Praise,low,2
FB-10310,CU-7382,2026-05-10T17:53:00,"Hello team, Loved the new InsightCRM dashboard, it is clean and fast. I attached screenshots in the original ticket. Please advise.",InsightMobile,Customer Support,Email,Jaipur,Enterprise,4,resolved,positive,satisfaction,UX/UI,Praise,low,1
FB-10554,CU-6071,2026-05-10T15:06:00,"To be clear, Documentation is outdated and caused a production misconfiguration. This is impacting customers in Delhi. Sharing this from the field.",InsightPay,Operations,Mobile App,Chennai,Enterprise,2,in_progress,neutral,satisfaction,Documentation,Praise,medium,2
FB-11909,CU-4044,2026-05-10T08:12:00,"To be clear, The latest release introduced a severe performance regression. The issue started last Thursday. Please advise.",InsightMobile,HR,Internal,Pune,Consumer,1,resolved,neutral,disappointment,Product,Complaint,high,2
FB-10289,CU-9631,2026-05-09T23:09:00,"To be clear, Security alert fired after suspicious admin logins. The issue started last Thursday. Sharing this from the field.",InsightPay,Engineering,Website,Bangalore,SMB,2,open,negative,anger,Security,Complaint,critical,5
FB-12185,CU-3696,2026-05-09T20:54:00,"To be clear, Need access for two additional analysts this week. Please treat this as high priority.",InsightSecure,Finance,Social Media,Jaipur,Internal,3,in_progress,neutral,neutral,Customer Support,Request,low,1
FB-11430,CU-9459,2026-05-09T20:00:00,"Hi, Price increase was communicated poorly and feels unjustified. Our enterprise account is affected. Sharing this from the field.",InsightCloud,Engineering,Survey,Pune,Startup,1,in_progress,negative,satisfaction,Account,Request,medium,3
FB-11980,CU-7618,2026-05-09T19:56:00,"Hello team, The InsightCRM rollout is scheduled for next Monday in London. This happened after the latest update. Sharing this from the field.",InsightMobile,Product,Email,Bangalore,Consumer,3,open,negative,frustration,Delivery,Complaint,high,1
FB-11529,CU-1762,2026-05-09T18:03:00,Quick update: Great improvement in mobile performance this month. Please treat this as high priority. Thanks.,InsightPay,Finance,Social Media,New York,Enterprise,5,resolved,negative,frustration,Technical Issue,Suggestion,medium,2
FB-11762,CU-8004,2026-05-09T13:44:00,We may add twenty more seats if the trial goes well. A workaround exists but it is not acceptable long term. Thanks.,InsightMobile,Engineering,Chat,Surat,SMB,4,in_progress,neutral,anger,UX/UI,Suggestion,low,1
FB-10306,CU-9132,2026-05-09T11:59:00,"To be clear, Customer support resolved our incident in twenty minutes. I am following up because there was no response. Please advise.",InsightMobile,Customer Support,Internal,Chennai,SMB,5,closed,neutral,neutral,Customer Support,Praise,low,1
FB-10751,CU-6106,2026-05-09T01:59:00,"Hello team, Where can I find the data retention policy? We have seen this twice already. Sharing this from the field.",InsightCloud,HR,Social Media,Surat,Startup,3,resolved,neutral,confusion,Other,Question,low,1
FB-10451,CU-8014,2026-05-09T00:29:00,"To be clear, The InsightPay checkout failed and I was still charged. This is impacting customers in Surat. Looking forward to a fix.",InsightChat,Engineering,Mobile App,Hyderabad,Internal,2,closed,negative,anger,Payment,Praise,critical,5
FB-11151,CU-7073,2026-05-08T21:39:00,"Hi, The interface redesign is intuitive and reduced training time. We have seen this twice already. Logged by the duty manager.",InsightPortal,Sales,Internal,Mumbai,Partner,5,closed,negative,anger,UX/UI,Bug Report,medium,1
FB-11181,CU-5927,2026-05-08T18:08:00,The onboarding specialist made InsightPortal easy to adopt. A workaround exists but it is not acceptable long term. Sharing this from the field.,InsightCloud,Engineering,Website,Ahmedabad,Consumer,4,in_progress,positive,joy,UX/UI,Praise,low,1
FB-11347,CU-3328,2026-05-08T14:34:00,Great improvement in mobile performance this month. A workaround exists but it is not acceptable long term. Sharing this from the field.,InsightPay,HR,Call Center,London,Startup,5,resolved,neutral,frustration,Performance,Suggestion,low,1
FB-11285,CU-1208,2026-05-08T10:54:00,The courier missed the delivery window three times in New York. We have seen this twice already. Logged by the duty manager.,InsightChat,Operations,Website,Chennai,Consumer,2,in_progress,negative,anger,Customer Support,Complaint,high,2
FB-11632,CU-2435,2026-05-08T05:23:00,Quick update: The InsightAnalytics checkout failed and I was still charged. We have seen this twice already. Please advise.,InsightSecure,HR,Email,Hyderabad,SMB,2,in_progress,negative,anger,Technical Issue,Bug Report,critical,5
FB-10051,CU-2480,2026-05-08T02:15:00,"For the record, The interface redesign is intuitive and reduced training time. I attached screenshots in the original ticket. Logged by the duty manager.",InsightAnalytics,Customer Support,Chat,Surat,Internal,5,resolved,positive,neutral,UX/UI,Praise,low,1
FB-10286,CU-2173,2026-05-07T23:33:00,Quick update: How do I export department analytics for last quarter? A workaround exists but it is not acceptable long term. Logged by the duty manager.,InsightCRM,Operations,Social Media,Singapore,Consumer,3,open,neutral,confusion,UX/UI,Information,low,1
FB-11902,CU-6358,2026-05-07T22:21:00,"Hi, Payment reconciliation finally works without manual edits. The team mentioned InsightCloud in the weekly review. Looking forward to a fix.",InsightCRM,Customer Support,Survey,Singapore,Consumer,5,in_progress,positive,joy,Product,Praise,low,2
FB-12067,CU-6537,2026-05-07T18:19:00,"Hello team, I am angry that the ticket was closed without a resolution. We have seen this twice already.",InsightCloud,Customer Support,Call Center,London,Enterprise,1,open,negative,anger,Customer Support,Bug Report,critical,3
FB-11377,CU-1312,2026-05-07T13:52:00,"Hello team, Feature request: webhook retries with exponential backoff. This happened after the latest update.",InsightPortal,Sales,Email,Pune,Internal,3,open,negative,disappointment,Customer Support,Complaint,high,2
FB-11899,CU-8369,2026-05-07T06:33:00,"Hello team, Delivery was extremely late and customer support did not respond. A workaround exists but it is not acceptable long term. Logged by the duty manager.",InsightAnalytics,Operations,Mobile App,Singapore,Consumer,2,resolved,negative,frustration,Customer Support,Complaint,critical,3
FB-10151,CU-4390,2026-05-07T04:50:00,"For the record, The current plan is acceptable but we will compare alternatives. I am following up because there was no response. Sharing this from the field.",InsightCRM,HR,Website,Jaipur,Startup,3,in_progress,neutral,neutral,Customer Support,Information,low,1
FB-11545,CU-9625,2026-05-07T02:01:00,"For the record, I am frustrated that the InsightCloud app crashes during payment. This is impacting customers in New York. Looking forward to a fix.",InsightPay,Engineering,Email,Mumbai,Internal,2,open,negative,neutral,Technical Issue,Praise,high,5
FB-11046,CU-6473,2026-05-07T00:18:00,Quick update: Payment reconciliation finally works without manual edits. We have seen this twice already. Looking forward to a fix.,InsightSecure,Engineering,Internal,Hyderabad,Partner,5,resolved,negative,anger,Technical Issue,Bug Report,high,4
FB-11898,CU-4557,2026-05-06T22:12:00,"Hello team, Support never called back after I reported a critical outage. The issue started last Thursday. Looking forward to a fix.",InsightCRM,Customer Support,Chat,Delhi,Consumer,1,in_progress,negative,frustration,Customer Support,Complaint,critical,4
FB-10304,CU-6901,2026-05-06T21:44:00,Quick update: Chat support was knowledgeable and patient. Please treat this as high priority. Thanks.,InsightMobile,Customer Support,Website,Surat,Startup,4,open,negative,frustration,Customer Support,Bug Report,medium,1
FB-10276,CU-6276,2026-05-06T09:20:00,"To be clear, Great improvement in mobile performance this month. Please treat this as high priority. Logged by the duty manager.",InsightChat,Finance,Mobile App,Surat,Partner,5,resolved,neutral,neutral,Performance,Suggestion,low,1
FB-11569,CU-6012,2026-05-06T08:41:00,Documentation update saved our engineering team hours. I attached screenshots in the original ticket. Please advise.,InsightCRM,Customer Support,Call Center,Singapore,Consumer,5,in_progress,positive,joy,Product,Praise,low,1
FB-10788,CU-8696,2026-05-06T07:52:00,"For the record, Refund was issued quickly and with a clear explanation. The issue started last Thursday. Sharing this from the field.",InsightCRM,Engineering,Website,Hyderabad,Partner,4,closed,positive,satisfaction,Customer Support,Praise,low,2
FB-12157,CU-5280,2026-05-06T05:20:00,"Hi, Search is too slow to be usable during business hours. Please treat this as high priority. Please advise.",InsightCRM,Customer Support,Website,Ahmedabad,SMB,2,open,neutral,neutral,Performance,Suggestion,low,2
FB-10191,CU-7484,2026-05-05T21:44:00,"Hello team, Sharing an FYI that finance will review invoices tomorrow. The team mentioned InsightPortal in the weekly review. Please advise.",InsightChat,Customer Support,Survey,New York,SMB,3,open,neutral,neutral,Product,Information,low,2
FB-10941,CU-9265,2026-05-05T21:23:00,"Hello team, It would help to have saved filters on the explorer table. We have seen this twice already. Logged by the duty manager.",InsightCloud,Operations,Mobile App,Kolkata,Internal,3,in_progress,neutral,anger,Technical Issue,Suggestion,low,1
FB-10295,CU-4804,2026-05-05T18:39:00,"Hello team, Is there a sandbox for InsightPay chargebacks? The issue started last Thursday.",InsightCRM,Sales,Call Center,London,Enterprise,4,open,negative,frustration,Customer Support,Praise,medium,2
FB-11395,CU-1021,2026-05-05T18:38:00,"Hi, We cannot login to InsightMobile since the last update. This happened after the latest update. Thanks.",InsightAnalytics,Engineering,Social Media,Surat,Enterprise,2,resolved,negative,frustration,Technical Issue,Bug Report,critical,4
FB-11719,CU-6018,2026-05-05T14:58:00,Refund for a failed InsightPortal payment is still pending. The team mentioned InsightPay in the weekly review. Thanks.,InsightMobile,Sales,Email,Pune,Partner,2,open,negative,anger,Payment,Praise,critical,5
FB-10197,CU-2045,2026-05-05T09:19:00,"For the record, Price increase was communicated poorly and feels unjustified. Please treat this as high priority. Please advise.",InsightCloud,Engineering,Survey,Bangalore,Internal,2,open,neutral,neutral,Pricing,Suggestion,low,3
FB-10631,CU-6142,2026-05-05T08:50:00,Quick update: Documentation is outdated and caused a production misconfiguration. We have seen this twice already. Logged by the duty manager.,InsightAnalytics,Product,Mobile App,Surat,Consumer,1,in_progress,negative,anger,Technical Issue,Bug Report,critical,4
FB-10821,CU-9348,2026-05-05T07:47:00,"For the record, The InsightSecure rollout is scheduled for next Monday in Singapore. This is impacting customers in Delhi. Logged by the duty manager.",InsightMobile,Engineering,Chat,London,Internal,3,open,neutral,neutral,Delivery,Information,low,1
FB-10046,CU-1224,2026-05-05T07:45:00,"For the record, We may add twenty more seats if the trial goes well. We have seen this twice already. Looking forward to a fix.",InsightMobile,Product,Chat,Surat,SMB,3,closed,neutral,anger,Technical Issue,Bug Report,medium,1
FB-11454,CU-5774,2026-05-04T21:57:00,"Hi, Appreciate the proactive outage communication. This is impacting customers in Pune. Thanks.",InsightPay,Engineering,Call Center,Singapore,Startup,4,in_progress,negative,anger,Technical Issue,Bug Report,high,3
FB-11276,CU-2207,2026-05-04T19:33:00,Quick update: I am angry that the ticket was closed without a resolution. The issue started last Thursday.,InsightChat,Customer Support,Email,Hyderabad,Partner,2,open,negative,frustration,Customer Support,Complaint,critical,3
FB-11149,CU-8045,2026-05-04T18:16:00,"Hello team, Noting that the internal survey was completed by HR. This is impacting customers in Bangalore. Thanks.",InsightChat,Finance,Social Media,Hyderabad,Enterprise,3,resolved,neutral,neutral,Other,Information,low,1
FB-10790,CU-2972,2026-05-04T17:12:00,"Hello team, Delivery was extremely late and customer support did not respond. I am following up because there was no response. Please advise.",InsightCRM,Operations,Social Media,New York,Enterprise,2,resolved,negative,frustration,Customer Support,Complaint,critical,3
FB-10103,CU-1637,2026-05-04T16:25:00,"Hi, Consider adding a weekly digest for managers. Please treat this as high priority. Sharing this from the field.",InsightPay,Customer Support,Email,New York,Startup,3,resolved,neutral,neutral,Other,Suggestion,low,1
FB-11024,CU-1874,2026-05-04T15:21:00,Quick update: Please confirm whether SSO is enabled for partner accounts. Please treat this as high priority. Please advise.,InsightCloud,Engineering,Social Media,New York,Internal,3,open,neutral,neutral,Account,Request,low,1
FB-12015,CU-1452,2026-05-04T14:55:00,"For the record, The interface redesign is intuitive and reduced training time. I am following up because there was no response. Sharing this from the field.",InsightPortal,HR,Internal,Singapore,Enterprise,5,in_progress,positive,satisfaction,UX/UI,Praise,low,1
FB-11680,CU-6673,2026-05-04T11:31:00,"Hello team, Refund for a failed InsightSecure payment is still pending. I am following up because there was no response. Logged by the duty manager.",InsightSecure,HR,Mobile App,Jaipur,Internal,1,resolved,negative,anger,Payment,Complaint,critical,5
FB-10550,CU-3666,2026-05-04T10:01:00,"Hi, How do I export department analytics for last quarter? I attached screenshots in the original ticket.",InsightCRM,Customer Support,Mobile App,Surat,SMB,3,in_progress,neutral,confusion,Customer Support,Question,low,1
FB-10413,CU-9755,2026-05-04T08:55:00,"Hello team, Search is too slow to be usable during business hours. The team mentioned InsightAnalytics in the weekly review. Thanks.",InsightCloud,Engineering,Website,Ahmedabad,Consumer,2,open,positive,joy,Product,Praise,low,2
FB-11809,CU-5735,2026-05-04T08:39:00,"To be clear, I am angry that the ticket was closed without a resolution. The team mentioned InsightAnalytics in the weekly review. Logged by the duty manager.",InsightSecure,Customer Support,Website,Delhi,Partner,2,in_progress,positive,joy,Customer Support,Praise,low,2
FB-11459,CU-1256,2026-05-04T06:52:00,"Hello team, Search is too slow to be usable during business hours. I am following up because there was no response. Thanks.",InsightCloud,Finance,Chat,Mumbai,Enterprise,2,open,positive,joy,Performance,Praise,low,2
FB-12043,CU-1647,2026-05-04T06:12:00,"Hi, Price increase was communicated poorly and feels unjustified. A workaround exists but it is not acceptable long term. Logged by the duty manager.",InsightSecure,Operations,Website,Ahmedabad,Partner,1,open,negative,satisfaction,UX/UI,Suggestion,medium,3
FB-10464,CU-5906,2026-05-04T04:54:00,"For the record, Billing error created an unauthorized charge on our card. I attached screenshots in the original ticket. Logged by the duty manager.",InsightAnalytics,Customer Support,Social Media,Dubai,Startup,2,resolved,neutral,anger,Other,Complaint,critical,5
FB-10409,CU-7020,2026-05-04T04:22:00,Quick update: I am angry that the ticket was closed without a resolution. We have seen this twice already. Looking forward to a fix.,InsightCloud,Customer Support,Call Center,Chennai,Consumer,2,closed,negative,anger,Customer Support,Bug Report,high,2
FB-11922,CU-4915,2026-05-04T03:31:00,"To be clear, Can you schedule a training session for the operations team? Please treat this as high priority. Looking forward to a fix.",InsightCRM,Finance,Website,Singapore,Internal,3,open,neutral,neutral,Customer Support,Request,low,1
FB-10171,CU-2494,2026-05-04T01:13:00,"Hello team, Feature request: webhook retries with exponential backoff. Our enterprise account is affected. Logged by the duty manager.",InsightSecure,Operations,Call Center,Hyderabad,Consumer,4,in_progress,neutral,neutral,Account,Request,low,1
FB-10376,CU-7672,2026-05-03T23:19:00,Quick update: The latest release introduced a severe performance regression. This happened after the latest update.,InsightPortal,Operations,Social Media,Dubai,Consumer,2,open,negative,disappointment,Product,Complaint,critical,3
FB-12087,CU-6540,2026-05-03T22:40:00,Consider adding a weekly digest for managers. The team mentioned InsightAnalytics in the weekly review. Thanks.,InsightPay,Engineering,Website,Pune,Enterprise,4,resolved,positive,joy,Product,Suggestion,low,1
FB-12160,CU-8648,2026-05-03T20:40:00,"Hi, Chat support was knowledgeable and patient. This happened after the latest update. Sharing this from the field.",InsightAnalytics,Customer Support,Call Center,Pune,SMB,5,open,negative,satisfaction,Customer Support,Complaint,medium,1
FB-11849,CU-9892,2026-05-03T19:31:00,"For the record, Customer support resolved our incident in twenty minutes. This happened after the latest update. Please advise.",InsightSecure,Customer Support,Survey,Dubai,Partner,4,resolved,neutral,neutral,Customer Support,Request,low,1
FB-11235,CU-3337,2026-05-03T19:08:00,"Hi, The current plan is acceptable but we will compare alternatives. We have seen this twice already. Sharing this from the field.",InsightPay,Customer Support,Call Center,Chennai,Consumer,3,open,neutral,anger,Technical Issue,Information,low,1
FB-11560,CU-1816,2026-05-03T13:15:00,Great improvement in mobile performance this month. I attached screenshots in the original ticket. Sharing this from the field.,InsightPay,Customer Support,Call Center,Hyderabad,Internal,5,in_progress,negative,satisfaction,Customer Support,Praise,low,1
FB-11876,CU-4578,2026-05-03T05:15:00,"For the record, Documentation update saved our engineering team hours. The team mentioned InsightCloud in the weekly review. Sharing this from the field.",InsightChat,Customer Support,Mobile App,Mumbai,SMB,5,in_progress,positive,joy,Product,Praise,low,1
FB-10283,CU-7251,2026-05-02T20:19:00,Quick update: Need access for two additional analysts this week. I attached screenshots in the original ticket. Logged by the duty manager.,InsightPay,Customer Support,Mobile App,Singapore,Enterprise,4,closed,negative,neutral,Customer Support,Request,medium,1
FB-10136,CU-7311,2026-05-02T19:50:00,Documentation is outdated and caused a production misconfiguration. A workaround exists but it is not acceptable long term.,InsightSecure,HR,Website,Bangalore,Consumer,1,in_progress,neutral,confusion,UX/UI,Suggestion,medium,2
FB-11806,CU-6944,2026-05-02T16:23:00,"Hi, We are happy with the reliability of InsightCRM this quarter. The issue started last Thursday.",InsightChat,Product,Mobile App,London,Internal,4,resolved,positive,joy,Product,Praise,low,1
FB-11668,CU-6368,2026-05-02T14:00:00,Quick update: The onboarding specialist made InsightSecure easy to adopt. Our enterprise account is affected. Thanks.,InsightCloud,Product,Survey,Chennai,Enterprise,5,resolved,negative,joy,Account,Request,low,1
FB-11604,CU-1532,2026-05-02T13:11:00,"Hello team, The current plan is acceptable but we will compare alternatives. Please treat this as high priority. Please advise.",InsightMobile,Finance,Chat,Kolkata,Internal,3,closed,neutral,neutral,Performance,Suggestion,low,1
FB-10146,CU-2871,2026-05-02T12:39:00,"For the record, Great improvement in mobile performance this month. The team mentioned InsightCloud in the weekly review. Looking forward to a fix.",InsightChat,Sales,Survey,Hyderabad,Consumer,5,resolved,positive,joy,Product,Praise,low,1
FB-10026,CU-9270,2026-05-02T10:48:00,"Hello team, I am delighted with the quality of the latest InsightPay release. The issue started last Thursday. Looking forward to a fix.",InsightPortal,Sales,Chat,Dubai,Partner,5,in_progress,positive,joy,Product,Praise,low,1
FB-10589,CU-4032,2026-05-02T09:46:00,"Hello team, Noting that the internal survey was completed by HR. The issue started last Thursday. Please advise.",InsightPay,Customer Support,Internal,New York,Startup,3,resolved,neutral,neutral,Other,Information,low,1
FB-11602,CU-4579,2026-05-02T05:59:00,Quick update: I am angry that the ticket was closed without a resolution. This is impacting customers in Dubai. Looking forward to a fix.,InsightChat,Customer Support,Email,Pune,Partner,2,in_progress,negative,anger,Customer Support,Complaint,critical,3
FB-10680,CU-7491,2026-05-02T03:22:00,Quick update: The courier missed the delivery window three times in Bangalore. I attached screenshots in the original ticket. Please advise.,InsightPay,Operations,Call Center,Mumbai,Enterprise,1,in_progress,negative,frustration,Customer Support,Complaint,critical,3
FB-10160,CU-6185,2026-05-02T02:33:00,Quick update: I am angry that the ticket was closed without a resolution. This happened after the latest update.,InsightPay,Customer Support,Email,Pune,Partner,2,in_progress,negative,frustration,Customer Support,Complaint,critical,3
FB-10971,CU-5670,2026-05-01T21:49:00,"Hi, It would help to have saved filters on the explorer table. The team mentioned InsightSecure in the weekly review. Sharing this from the field.",InsightSecure,Product,Chat,Dubai,SMB,3,closed,neutral,neutral,Other,Suggestion,low,1
FB-11498,CU-9690,2026-05-01T20:37:00,"To be clear, The onboarding specialist made InsightPortal easy to adopt. A workaround exists but it is not acceptable long term. Thanks.",InsightPay,Engineering,Email,New York,Enterprise,5,open,positive,joy,Performance,Praise,low,1
FB-10265,CU-9745,2026-05-01T19:29:00,Quick update: Can you schedule a training session for the operations team? A workaround exists but it is not acceptable long term. Thanks.,InsightChat,Sales,Social Media,Hyderabad,Consumer,4,in_progress,neutral,neutral,Customer Support,Request,low,1
FB-10483,CU-9313,2026-05-01T17:53:00,"Hello team, Customer support resolved our incident in twenty minutes. The issue started last Thursday. Thanks.",InsightCRM,Customer Support,Mobile App,Pune,Internal,4,in_progress,neutral,anger,Customer Support,Request,low,1
FB-11090,CU-7029,2026-05-01T14:46:00,"Hi, Where can I find the data retention policy? I am following up because there was no response. Thanks.",InsightPay,Operations,Survey,Surat,SMB,4,in_progress,neutral,confusion,Other,Question,low,1
FB-11013,CU-2690,2026-05-01T14:10:00,"Hello team, Is there a sandbox for InsightPay chargebacks? Our enterprise account is affected. Thanks.",InsightCRM,Operations,Email,Surat,Internal,4,resolved,neutral,frustration,Account,Request,low,2
FB-10000,CU-4582,2026-05-01T13:02:00,"Loved the new InsightAnalytics dashboard, it is clean and fast. The issue started last Thursday. Logged by the duty manager.",InsightPay,Customer Support,Call Center,Kolkata,Partner,5,open,negative,satisfaction,UX/UI,Praise,low,1
FB-11341,CU-2876,2026-05-01T12:43:00,Quick update: The onboarding specialist made InsightPay easy to adopt. We have seen this twice already. Looking forward to a fix.,InsightCloud,Operations,Website,London,Startup,4,resolved,negative,anger,Technical Issue,Bug Report,medium,2
FB-11596,CU-7310,2026-05-01T10:13:00,"To be clear, I am angry that the ticket was closed without a resolution. Please treat this as high priority. Thanks.",InsightCRM,Customer Support,Social Media,Surat,Partner,2,in_progress,neutral,neutral,Customer Support,Praise,medium,2
FB-11994,CU-5301,2026-05-01T08:36:00,"For the record, Sharing an FYI that finance will review invoices tomorrow. The team mentioned InsightSecure in the weekly review. Thanks.",InsightChat,Finance,Survey,Singapore,Startup,3,resolved,neutral,neutral,Other,Information,low,2
FB-11644,CU-7081,2026-05-01T05:53:00,Quick update: The onboarding specialist made InsightPay easy to adopt. The issue started last Thursday. Logged by the duty manager.,InsightChat,Customer Support,Social Media,Kolkata,Consumer,5,resolved,negative,joy,Customer Support,Praise,low,1
FB-11453,CU-8126,2026-05-01T05:11:00,"For the record, The interface redesign is intuitive and reduced training time. Please treat this as high priority. Thanks.",InsightChat,Engineering,Internal,Kolkata,Internal,5,in_progress,negative,neutral,UX/UI,Suggestion,low,1
FB-11850,CU-8476,2026-05-01T04:31:00,"For the record, Appreciate the proactive outage communication. The team mentioned InsightChat in the weekly review. Thanks.",InsightAnalytics,Operations,Chat,Delhi,Partner,4,open,positive,joy,Product,Praise,low,2
FB-11617,CU-3046,2026-05-01T03:21:00,Quick update: Feature request: webhook retries with exponential backoff. Our enterprise account is affected. Sharing this from the field.,InsightSecure,Product,Mobile App,Pune,SMB,4,resolved,negative,frustration,Account,Request,medium,1
FB-11731,CU-1929,2026-05-01T03:06:00,"Hello team, Documentation update saved our engineering team hours. Our enterprise account is affected. Please advise.",InsightCloud,Customer Support,Survey,Singapore,Internal,4,resolved,neutral,joy,Account,Request,low,1
FB-12016,CU-5648,2026-05-01T02:46:00,Quick update: The courier missed the delivery window three times in Surat. Our enterprise account is affected.,InsightPortal,Operations,Call Center,Pune,Partner,2,in_progress,negative,frustration,Account,Request,high,2
FB-11278,CU-6252,2026-04-30T23:38:00,"To be clear, Where can I find the data retention policy? The issue started last Thursday. Sharing this from the field.",InsightCRM,Operations,Internal,Dubai,Consumer,4,in_progress,neutral,confusion,Other,Question,low,1
FB-10823,CU-6522,2026-04-30T22:35:00,Quick update: Can you schedule a training session for the operations team? A workaround exists but it is not acceptable long term. Sharing this from the field.,InsightMobile,Engineering,Mobile App,New York,Consumer,3,closed,neutral,neutral,Customer Support,Request,low,1
FB-10657,CU-5542,2026-04-30T20:49:00,"Hi, Search is too slow to be usable during business hours. The issue started last Thursday. Sharing this from the field.",InsightChat,Product,Internal,Delhi,SMB,2,open,negative,frustration,Performance,Praise,medium,2
FB-11705,CU-6456,2026-04-30T19:21:00,Delivery to Delhi was earlier than the estimated date. The issue started last Thursday. Thanks.,InsightMobile,Operations,Website,New York,SMB,4,open,negative,satisfaction,Delivery,Complaint,medium,1
FB-10983,CU-2156,2026-04-30T09:59:00,Where can I find the data retention policy? Please treat this as high priority. Logged by the duty manager.,InsightPay,HR,Chat,Bangalore,Startup,4,in_progress,neutral,confusion,Other,Question,low,1
FB-10061,CU-3417,2026-04-30T06:52:00,"To be clear, Duplicate invoices were sent to finance after renewal. I attached screenshots in the original ticket. Thanks.",InsightCRM,Customer Support,Website,Bangalore,SMB,1,closed,positive,satisfaction,Product,Praise,low,3
FB-10441,CU-9750,2026-04-29T16:18:00,"For the record, The InsightPay rollout is scheduled for next Monday in Chennai. Our enterprise account is affected. Looking forward to a fix.",InsightPay,Operations,Mobile App,Bangalore,Enterprise,4,in_progress,neutral,frustration,Account,Request,low,1
FB-11533,CU-3412,2026-04-29T13:25:00,We are happy with the reliability of InsightCloud this quarter. This is impacting customers in London. Please advise.,InsightChat,Sales,Website,New York,Startup,5,resolved,positive,joy,Product,Praise,low,1
FB-10818,CU-4316,2026-04-29T13:07:00,"Hi, We cannot login to InsightCRM since the last update. A workaround exists but it is not acceptable long term. Looking forward to a fix.",InsightPay,Engineering,Email,Bangalore,SMB,1,resolved,negative,frustration,Technical Issue,Bug Report,critical,4
FB-11713,CU-1543,2026-04-29T06:16:00,Documentation update saved our engineering team hours. Please treat this as high priority. Thanks.,InsightAnalytics,Sales,Internal,Pune,Partner,4,in_progress,neutral,joy,Technical Issue,Suggestion,low,1
FB-11984,CU-3106,2026-04-29T06:03:00,Consider adding a weekly digest for managers. This is impacting customers in Chennai. Thanks.,InsightPay,Product,Email,Surat,Internal,3,open,neutral,neutral,Other,Suggestion,low,1
FB-10190,CU-2654,2026-04-29T03:59:00,Quick update: We are happy with the reliability of InsightPay this quarter. I am following up because there was no response. Thanks.,InsightCloud,Sales,Social Media,Dubai,Partner,4,closed,positive,joy,Product,Praise,low,1
FB-11743,CU-5464,2026-04-29T01:58:00,"To be clear, Delivery to Mumbai was earlier than the estimated date. Please treat this as high priority. Logged by the duty manager.",InsightSecure,Operations,Chat,Jaipur,Internal,5,resolved,positive,satisfaction,Performance,Praise,low,1
FB-10014,CU-9565,2026-04-28T19:02:00,"Hello team, Please confirm whether SSO is enabled for partner accounts. I am following up because there was no response. Looking forward to a fix.",InsightCloud,Engineering,Survey,Bangalore,SMB,4,resolved,negative,neutral,Security,Request,low,2
FB-10358,CU-9686,2026-04-28T10:41:00,"Hello team, The InsightAnalytics rollout is scheduled for next Monday in Delhi. Please treat this as high priority. Sharing this from the field.",InsightSecure,Engineering,Internal,Chennai,Startup,3,in_progress,neutral,neutral,Customer Support,Suggestion,low,1
FB-10218,CU-7347,2026-04-28T05:46:00,"To be clear, I am delighted with the quality of the latest InsightPay release. This happened after the latest update. Looking forward to a fix.",InsightMobile,Customer Support,Survey,Kolkata,Consumer,5,in_progress,positive,joy,Product,Praise,low,1
FB-12182,CU-1330,2026-04-28T03:59:00,Quick update: The InsightCRM checkout failed and I was still charged. Our enterprise account is affected. Thanks.,InsightPay,Sales,Social Media,Singapore,Enterprise,2,resolved,negative,anger,Account,Request,critical,5
FB-10955,CU-7749,2026-04-27T18:58:00,The onboarding specialist made InsightCRM easy to adopt. The issue started last Thursday. Please advise.,InsightCRM,Finance,Email,Surat,Internal,4,in_progress,positive,joy,Service,Praise,low,1
FB-11782,CU-3969,2026-04-27T10:56:00,Quick update: Feature request: webhook retries with exponential backoff. This happened after the latest update. Sharing this from the field.,InsightCloud,Product,Survey,Bangalore,Startup,4,resolved,negative,disappointment,Customer Support,Request,medium,2
FB-10579,CU-1076,2026-04-27T00:18:00,"To be clear, Payment reconciliation finally works without manual edits. Please treat this as high priority. Please advise.",InsightPay,Finance,Internal,Bangalore,SMB,5,resolved,neutral,neutral,Customer Support,Suggestion,low,2
FB-10622,CU-7247,2026-04-26T23:36:00,"For the record, Appreciate the proactive outage communication. Please treat this as high priority. Please advise.",InsightAnalytics,Operations,Internal,New York,SMB,5,open,neutral,neutral,Technical Issue,Suggestion,low,2
FB-10690,CU-5095,2026-04-26T23:26:00,"To be clear, Documentation update saved our engineering team hours. This happened after the latest update. Sharing this from the field.",InsightPay,Product,Email,Jaipur,Internal,5,in_progress,negative,joy,Product,Praise,low,1
FB-11675,CU-3292,2026-04-26T23:14:00,"Hello team, I am delighted with the quality of the latest InsightChat release. This happened after the latest update. Sharing this from the field.",InsightMobile,Product,Email,London,Consumer,5,resolved,positive,joy,Product,Praise,low,1
FB-10507,CU-2549,2026-04-26T18:30:00,"For the record, Support never called back after I reported a critical outage. Please treat this as high priority. Sharing this from the field.",InsightAnalytics,Customer Support,Email,Pune,Consumer,2,closed,negative,frustration,Customer Support,Bug Report,critical,4
FB-12053,CU-7231,2026-04-26T15:50:00,"Hello team, Noting that the internal survey was completed by HR. I attached screenshots in the original ticket. Please advise.",InsightMobile,Customer Support,Email,Delhi,SMB,3,open,neutral,neutral,Other,Information,low,1
FB-10867,CU-6549,2026-04-26T11:01:00,"Average experience so far, we are still evaluating InsightPortal. I attached screenshots in the original ticket.",InsightSecure,Customer Support,Chat,New York,Enterprise,3,closed,negative,anger,Product,Complaint,high,1
FB-11284,CU-5757,2026-04-26T10:30:00,Quick update: The latest release introduced a severe performance regression. This happened after the latest update. Looking forward to a fix.,InsightMobile,HR,Website,Bangalore,SMB,2,resolved,negative,disappointment,Product,Complaint,critical,3
FB-10957,CU-9161,2026-04-26T10:16:00,"Hello team, Support never called back after I reported a critical outage. The team mentioned InsightPortal in the weekly review. Looking forward to a fix.",InsightAnalytics,Customer Support,Mobile App,Mumbai,Consumer,1,resolved,negative,frustration,Customer Support,Praise,critical,4
FB-11935,CU-4621,2026-04-26T05:51:00,"For the record, Call center agents read from a script and did not understand the issue. I am following up because there was no response. Please advise.",InsightMobile,Operations,Mobile App,Chennai,Internal,1,in_progress,negative,anger,Customer Support,Complaint,high,2
FB-10665,CU-2904,2026-04-25T22:05:00,"To be clear, Documentation update saved our engineering team hours. This happened after the latest update. Please advise.",InsightPortal,Customer Support,Mobile App,Mumbai,Internal,4,open,negative,joy,Product,Praise,low,1
FB-10591,CU-9243,2026-04-25T21:18:00,"Hello team, The latest release introduced a severe performance regression. This happened after the latest update. Looking forward to a fix.",InsightCRM,Sales,Email,Singapore,SMB,1,resolved,negative,disappointment,Product,Complaint,critical,3
FB-10040,CU-4404,2026-04-25T19:03:00,Quick update: Where can I find the data retention policy? A workaround exists but it is not acceptable long term. Please advise.,InsightCloud,HR,Call Center,Bangalore,Internal,3,open,neutral,confusion,Other,Question,low,1
FB-11603,CU-7164,2026-04-25T18:57:00,"Hi, Chat support was knowledgeable and patient. The team mentioned InsightPortal in the weekly review. Looking forward to a fix.",InsightChat,Customer Support,Call Center,Chennai,Consumer,4,in_progress,positive,satisfaction,Customer Support,Praise,low,1
FB-10681,CU-7107,2026-04-25T14:02:00,"For the record, Package for InsightPortal arrived damaged in Pune. Our enterprise account is affected. Sharing this from the field.",InsightCloud,Product,Website,Mumbai,Partner,2,closed,neutral,frustration,Account,Request,medium,2
FB-10520,CU-9446,2026-04-25T12:13:00,"Hi, Response time from customer support is getting worse every week. Our enterprise account is affected. Thanks.",InsightAnalytics,Customer Support,Website,Chennai,Partner,2,resolved,neutral,frustration,Customer Support,Request,medium,2
FB-11324,CU-8287,2026-04-25T12:12:00,Quick update: Sales team prepared a thoughtful demo for our executives. This happened after the latest update. Logged by the duty manager.,InsightCRM,Customer Support,Email,Delhi,Consumer,5,resolved,negative,disappointment,Technical Issue,Complaint,medium,2
FB-10416,CU-2682,2026-04-25T12:03:00,Quick update: Package for InsightPortal arrived damaged in Chennai. The team mentioned InsightPay in the weekly review. Sharing this from the field.,InsightSecure,Customer Support,Chat,Pune,Consumer,2,resolved,positive,frustration,Customer Support,Praise,low,2
FB-11041,CU-7355,2026-04-25T10:09:00,"Hi, We are happy with the reliability of InsightCloud this quarter. I attached screenshots in the original ticket. Please advise.",InsightPay,Customer Support,Mobile App,Ahmedabad,Enterprise,4,in_progress,positive,joy,Product,Praise,low,1
FB-10881,CU-4069,2026-04-25T10:00:00,Call center agents read from a script and did not understand the issue. The team mentioned InsightPay in the weekly review. Please advise.,InsightPortal,Operations,Mobile App,New York,Startup,2,resolved,negative,anger,Customer Support,Complaint,high,2
FB-11057,CU-7877,2026-04-25T02:51:00,"To be clear, Delivery was extremely late and customer support did not respond. A workaround exists but it is not acceptable long term. Looking forward to a fix.",InsightCRM,Operations,Internal,Ahmedabad,Partner,1,open,negative,frustration,Customer Support,Complaint,critical,3
FB-11254,CU-4241,2026-04-25T01:17:00,"Hello team, The latest release introduced a severe performance regression. A workaround exists but it is not acceptable long term. Looking forward to a fix.",InsightPortal,Operations,Chat,New York,Internal,2,open,negative,disappointment,Product,Complaint,high,2
FB-10301,CU-3369,2026-04-24T21:55:00,"To be clear, Customer support resolved our incident in twenty minutes. A workaround exists but it is not acceptable long term. Looking forward to a fix.",InsightMobile,Customer Support,Email,Singapore,Internal,4,open,neutral,neutral,Customer Support,Praise,low,1
FB-10132,CU-6152,2026-04-24T21:02:00,We may add twenty more seats if the trial goes well. I am following up because there was no response.,InsightMobile,HR,Website,Delhi,Partner,3,open,neutral,anger,Customer Support,Praise,medium,1
FB-10252,CU-6565,2026-04-24T15:49:00,"To be clear, Sales team prepared a thoughtful demo for our executives. Please treat this as high priority. Please advise.",InsightCRM,HR,Internal,London,Consumer,5,closed,neutral,neutral,Product,Praise,low,1
FB-11725,CU-3877,2026-04-24T15:10:00,Feature request: webhook retries with exponential backoff. We have seen this twice already. Thanks.,InsightCRM,Finance,Website,Surat,Enterprise,4,closed,negative,anger,Technical Issue,Bug Report,high,2
FB-10551,CU-2527,2026-04-24T15:02:00,"Hi, Sharing an FYI that finance will review invoices tomorrow. The issue started last Thursday.",InsightPay,Product,Social Media,Ahmedabad,Startup,4,resolved,neutral,neutral,Other,Information,low,2
FB-10975,CU-9652,2026-04-24T13:11:00,Payment reconciliation finally works without manual edits. The issue started last Thursday. Logged by the duty manager.,InsightSecure,Sales,Survey,Chennai,Consumer,4,resolved,negative,frustration,Customer Support,Complaint,medium,3
FB-10669,CU-2713,2026-04-24T12:42:00,"Hello team, Mobile users report they cannot complete signup on InsightAnalytics. Please treat this as high priority. Looking forward to a fix.",InsightPay,Product,Survey,Dubai,Enterprise,2,open,negative,frustration,Technical Issue,Bug Report,critical,4
FB-10334,CU-4018,2026-04-24T05:57:00,"To be clear, Consider adding a weekly digest for managers. Please treat this as high priority. Thanks.",InsightCloud,Finance,Social Media,Bangalore,Consumer,4,resolved,neutral,neutral,Other,Suggestion,low,1
FB-11231,CU-4050,2026-04-24T05:38:00,"To be clear, Great improvement in mobile performance this month. This happened after the latest update.",InsightPay,Operations,Mobile App,Hyderabad,Startup,5,closed,negative,disappointment,Performance,Complaint,medium,1
FB-11078,CU-6795,2026-04-24T04:45:00,"Hello team, We cannot login to InsightPay since the last update. Please treat this as high priority. Please advise.",InsightMobile,Engineering,Chat,Ahmedabad,Consumer,2,open,negative,frustration,Technical Issue,Bug Report,critical,4
FB-10181,CU-6425,2026-04-24T03:59:00,"To be clear, Where can I find the data retention policy? I am following up because there was no response. Please advise.",InsightPortal,Operations,Mobile App,Delhi,Startup,3,closed,neutral,confusion,Other,Question,low,1
FB-10187,CU-6632,2026-04-24T01:09:00,Quick update: I am angry that the ticket was closed without a resolution. The team mentioned InsightPay in the weekly review. Looking forward to a fix.,InsightCloud,Customer Support,Chat,Singapore,Partner,2,open,negative,joy,Customer Support,Praise,medium,2
FB-10816,CU-8044,2026-04-24T00:28:00,"Hello team, Where can I find the data retention policy? The team mentioned InsightCloud in the weekly review. Thanks.",InsightPortal,Product,Website,New York,Partner,4,closed,neutral,confusion,Other,Question,low,1
FB-10435,CU-9877,2026-04-23T20:07:00,I am delighted with the quality of the latest InsightAnalytics release. Please treat this as high priority. Sharing this from the field.,InsightCloud,Operations,Website,Jaipur,Partner,5,open,positive,joy,Product,Praise,low,1
FB-10226,CU-6668,2026-04-23T20:00:00,"Hi, Response time from customer support is getting worse every week. I attached screenshots in the original ticket. Thanks.",InsightCloud,Customer Support,Internal,Delhi,Internal,2,resolved,neutral,frustration,Customer Support,Request,medium,2
FB-11266,CU-5019,2026-04-23T16:47:00,"To be clear, Call center agents read from a script and did not understand the issue. This happened after the latest update. Sharing this from the field.",InsightAnalytics,Finance,Website,New York,SMB,1,resolved,negative,anger,Customer Support,Complaint,critical,3
FB-10314,CU-6739,2026-04-23T16:06:00,"Hello team, Refund for a failed InsightPortal payment is still pending. Please treat this as high priority. Please advise.",InsightCRM,Sales,Survey,Bangalore,SMB,2,closed,negative,anger,Payment,Suggestion,critical,5
FB-11138,CU-5929,2026-04-23T12:52:00,Quick update: The courier missed the delivery window three times in Jaipur. I am following up because there was no response. Please advise.,InsightSecure,Operations,Website,Pune,SMB,2,resolved,negative,frustration,Customer Support,Complaint,high,2
FB-10066,CU-6793,2026-04-23T10:42:00,"Hello team, I am frustrated that the InsightCloud app crashes during payment. Please treat this as high priority. Sharing this from the field.",InsightCloud,Engineering,Chat,Dubai,Internal,2,open,negative,neutral,Technical Issue,Bug Report,high,5
FB-10222,CU-9370,2026-04-23T07:47:00,Quick update: Need access for two additional analysts this week. A workaround exists but it is not acceptable long term.,InsightChat,Operations,Social Media,New York,Internal,4,open,neutral,neutral,Customer Support,Request,low,1
FB-10124,CU-6455,2026-04-23T06:30:00,We may add twenty more seats if the trial goes well. This is impacting customers in Dubai. Thanks.,InsightCRM,HR,Social Media,Ahmedabad,SMB,4,closed,neutral,anger,Customer Support,Suggestion,low,1
FB-10318,CU-8552,2026-04-22T20:04:00,Chat support was knowledgeable and patient. I attached screenshots in the original ticket. Looking forward to a fix.,InsightAnalytics,Customer Support,Chat,Jaipur,Consumer,5,open,positive,satisfaction,Customer Support,Praise,low,1
FB-11548,CU-6728,2026-04-22T14:07:00,Quick update: The InsightPortal checkout failed and I was still charged. Our enterprise account is affected. Logged by the duty manager.,InsightMobile,Sales,Mobile App,Bangalore,Startup,1,open,negative,anger,Account,Request,critical,5
FB-11987,CU-6698,2026-04-22T11:37:00,"Hello team, Loved the new InsightCloud dashboard, it is clean and fast. I am following up because there was no response. Thanks.",InsightCRM,HR,Website,New York,SMB,4,closed,positive,joy,UX/UI,Praise,low,1
FB-10673,CU-6647,2026-04-22T11:00:00,Authentication failures are blocking our entire sales team. The issue started last Thursday. Logged by the duty manager.,InsightPortal,Operations,Mobile App,Chennai,Partner,2,resolved,negative,frustration,Product,Bug Report,critical,3
FB-12191,CU-2750,2026-04-22T10:12:00,Quick update: Need access for two additional analysts this week. I am following up because there was no response. Logged by the duty manager.,InsightChat,Customer Support,Internal,Bangalore,SMB,3,resolved,negative,neutral,Customer Support,Request,low,1
FB-10609,CU-8168,2026-04-22T06:12:00,Quick update: The latest release introduced a severe performance regression. I attached screenshots in the original ticket. Looking forward to a fix.,InsightAnalytics,Customer Support,Social Media,Delhi,SMB,2,resolved,negative,disappointment,Product,Complaint,critical,3
FB-11637,CU-5604,2026-04-22T03:34:00,"Hello team, It would help to have saved filters on the explorer table. This happened after the latest update. Looking forward to a fix.",InsightCRM,Customer Support,Chat,London,Enterprise,4,in_progress,negative,neutral,Technical Issue,Suggestion,medium,2
FB-10856,CU-4436,2026-04-21T23:37:00,Quick update: Refund for a failed InsightSecure payment is still pending. The issue started last Thursday.,InsightAnalytics,Finance,Internal,London,Enterprise,2,open,negative,anger,Payment,Complaint,critical,5
FB-10646,CU-1328,2026-04-21T23:15:00,"Hello team, Call center agents read from a script and did not understand the issue. The issue started last Thursday. Please advise.",InsightPay,Customer Support,Mobile App,Kolkata,Consumer,1,resolved,negative,anger,Customer Support,Complaint,critical,3
FB-11108,CU-2211,2026-04-21T13:51:00,I am frustrated that the InsightCloud app crashes during payment. Please treat this as high priority. Thanks.,InsightPay,Engineering,Internal,Dubai,Enterprise,2,resolved,negative,neutral,Technical Issue,Bug Report,critical,5
FB-10134,CU-7227,2026-04-21T12:27:00,"Hi, Can you schedule a training session for the operations team? I attached screenshots in the original ticket. Looking forward to a fix.",InsightMobile,Customer Support,Mobile App,Singapore,Partner,3,open,neutral,neutral,Customer Support,Request,low,1
FB-12013,CU-2886,2026-04-21T10:29:00,Please confirm whether SSO is enabled for partner accounts. This is impacting customers in Mumbai. Thanks.,InsightSecure,HR,Survey,Delhi,SMB,3,resolved,negative,neutral,Security,Request,low,2
FB-11946,CU-7114,2026-04-21T03:28:00,Appreciate the proactive outage communication. A workaround exists but it is not acceptable long term. Please advise.,InsightCloud,Finance,Internal,Kolkata,SMB,5,in_progress,neutral,neutral,UX/UI,Suggestion,low,2
FB-11869,CU-1119,2026-04-21T01:49:00,Payment reconciliation finally works without manual edits. The issue started last Thursday. Thanks.,InsightPortal,Sales,Survey,Delhi,Partner,5,open,negative,frustration,Customer Support,Complaint,medium,3
FB-11592,CU-5527,2026-04-20T22:32:00,We cannot login to InsightChat since the last update. This happened after the latest update. Looking forward to a fix.,InsightPortal,Engineering,Website,Mumbai,Partner,1,open,negative,frustration,Technical Issue,Bug Report,critical,4
FB-10064,CU-9692,2026-04-20T22:20:00,"Hello team, Please confirm whether SSO is enabled for partner accounts. I am following up because there was no response. Please advise.",InsightChat,Sales,Social Media,Chennai,Partner,4,resolved,neutral,neutral,Security,Request,low,1
FB-11696,CU-8614,2026-04-20T18:57:00,"For the record, Documentation is outdated and caused a production misconfiguration. Our enterprise account is affected.",InsightSecure,Sales,Website,Singapore,Enterprise,1,resolved,neutral,confusion,Account,Request,medium,2
FB-11364,CU-7641,2026-04-20T14:06:00,Documentation is outdated and caused a production misconfiguration. This is impacting customers in London.,InsightPay,Sales,Survey,Pune,Startup,1,open,negative,confusion,Documentation,Complaint,high,2
FB-11358,CU-3101,2026-04-20T12:15:00,"Hi, Mobile users report they cannot complete signup on InsightAnalytics. This is impacting customers in Pune. Thanks.",InsightPortal,HR,Chat,Delhi,Enterprise,1,in_progress,negative,frustration,Technical Issue,Bug Report,critical,4
FB-11748,CU-6114,2026-04-20T11:52:00,"For the record, I am delighted with the quality of the latest InsightCRM release. We have seen this twice already. Logged by the duty manager.",InsightPortal,Customer Support,Email,Singapore,Startup,5,open,positive,joy,Product,Praise,low,1
FB-10433,CU-8883,2026-04-20T11:04:00,"Hello team, Search is too slow to be usable during business hours. Our enterprise account is affected. Logged by the duty manager.",InsightPay,Engineering,Social Media,Jaipur,Consumer,1,closed,positive,joy,Account,Request,low,2
FB-11479,CU-6279,2026-04-20T07:25:00,"To be clear, Appreciate the proactive outage communication. A workaround exists but it is not acceptable long term. Thanks.",InsightCloud,HR,Internal,Delhi,Internal,4,in_progress,neutral,satisfaction,UX/UI,Praise,medium,2
FB-11308,CU-4043,2026-04-20T00:23:00,"For the record, Customer support resolved our incident in twenty minutes. I attached screenshots in the original ticket. Logged by the duty manager.",InsightPortal,Customer Support,Call Center,New York,Internal,5,in_progress,neutral,neutral,Customer Support,Request,low,1
FB-11142,CU-6259,2026-04-19T23:15:00,"Hello team, I am frustrated that the InsightPortal app crashes during payment. We have seen this twice already. Looking forward to a fix.",InsightSecure,Engineering,Survey,Kolkata,Startup,2,open,negative,anger,Technical Issue,Bug Report,critical,5
FB-10978,CU-1049,2026-04-19T17:04:00,"For the record, The interface redesign is intuitive and reduced training time. Our enterprise account is affected. Logged by the duty manager.",InsightAnalytics,Sales,Survey,Delhi,Internal,5,closed,negative,joy,Account,Request,low,1
FB-10393,CU-3374,2026-04-19T13:30:00,"To be clear, Documentation is outdated and caused a production misconfiguration. I am following up because there was no response. Please advise.",InsightCRM,Product,Survey,Chennai,Internal,2,open,neutral,confusion,Documentation,Praise,low,2
FB-11122,CU-6271,2026-04-19T12:12:00,"For the record, Need access for two additional analysts this week. This happened after the latest update. Thanks.",InsightCloud,Customer Support,Website,Hyderabad,SMB,3,open,negative,neutral,Customer Support,Request,medium,2
FB-11689,CU-1450,2026-04-19T09:18:00,"To be clear, Delivery was extremely late and customer support did not respond. This is impacting customers in Bangalore. Looking forward to a fix.",InsightSecure,Operations,Mobile App,Hyderabad,Internal,2,resolved,negative,frustration,Customer Support,Complaint,critical,3
FB-11951,CU-3054,2026-04-19T08:59:00,"To be clear, We are happy with the reliability of InsightMobile this quarter. Please treat this as high priority. Thanks.",InsightPay,Finance,Email,New York,Internal,4,closed,positive,joy,Product,Praise,low,1
FB-10989,CU-9759,2026-04-19T04:00:00,"Hello team, Customer support resolved our incident in twenty minutes. We have seen this twice already. Logged by the duty manager.",InsightCRM,Customer Support,Chat,Kolkata,Internal,5,in_progress,negative,anger,Customer Support,Bug Report,medium,1
FB-11471,CU-5054,2026-04-19T03:26:00,The latest release introduced a severe performance regression. The issue started last Thursday. Looking forward to a fix.,InsightPortal,Operations,Internal,Bangalore,Consumer,1,open,negative,disappointment,Product,Complaint,critical,3
FB-12057,CU-4123,2026-04-19T00:07:00,"For the record, We may add twenty more seats if the trial goes well. This happened after the latest update. Thanks.",InsightChat,Sales,Social Media,Chennai,Consumer,4,in_progress,neutral,neutral,Product,Complaint,low,1
FB-10220,CU-2890,2026-04-18T22:40:00,"Hello team, The onboarding specialist made InsightCRM easy to adopt. Our enterprise account is affected. Logged by the duty manager.",InsightSecure,Finance,Survey,Kolkata,Consumer,5,in_progress,positive,joy,Account,Praise,low,1
FB-10626,CU-2788,2026-04-18T22:02:00,"Hi, Great improvement in mobile performance this month. The issue started last Thursday. Please advise.",InsightCRM,Product,Mobile App,Kolkata,Consumer,4,open,neutral,neutral,Technical Issue,Suggestion,low,1
FB-10564,CU-8167,2026-04-18T13:24:00,"Hi, It would help to have saved filters on the explorer table. We have seen this twice already. Thanks.",InsightAnalytics,HR,Social Media,New York,Partner,4,closed,neutral,anger,Technical Issue,Suggestion,low,1
FB-10806,CU-5148,2026-04-18T13:23:00,"Hi, Refund was issued quickly and with a clear explanation. The team mentioned InsightSecure in the weekly review. Thanks.",InsightChat,Customer Support,Email,Hyderabad,Startup,5,resolved,positive,satisfaction,Payment,Praise,low,2
FB-10275,CU-9289,2026-04-18T11:29:00,"To be clear, Mobile users report they cannot complete signup on InsightAnalytics. I am following up because there was no response. Thanks.",InsightPay,HR,Chat,New York,SMB,2,closed,negative,frustration,Performance,Bug Report,critical,3
FB-11211,CU-1386,2026-04-18T09:32:00,"To be clear, We cannot login to InsightAnalytics since the last update. The issue started last Thursday. Thanks.",InsightCloud,Engineering,Website,Bangalore,Enterprise,2,resolved,negative,frustration,Technical Issue,Bug Report,critical,4
FB-11104,CU-1268,2026-04-18T09:29:00,"Hi, Is there a sandbox for InsightPay chargebacks? The issue started last Thursday. Logged by the duty manager.",InsightCloud,HR,Mobile App,Chennai,Internal,3,open,negative,frustration,Customer Support,Complaint,high,2
FB-10984,CU-9848,2026-04-18T05:03:00,Quick update: Support never called back after I reported a critical outage. A workaround exists but it is not acceptable long term. Sharing this from the field.,InsightPay,Customer Support,Website,Pune,Consumer,1,open,negative,frustration,Customer Support,Complaint,critical,4
FB-10482,CU-4644,2026-04-18T01:58:00,"For the record, Average experience so far, we are still evaluating InsightChat. Our enterprise account is affected. Please advise.",InsightCRM,HR,Chat,Kolkata,Startup,3,open,neutral,neutral,Account,Request,low,1
FB-11269,CU-3610,2026-04-18T01:33:00,Delivery to London was earlier than the estimated date. Our enterprise account is affected. Thanks.,InsightCloud,Operations,Chat,Mumbai,Partner,4,open,negative,satisfaction,Account,Request,medium,1
FB-10535,CU-7258,2026-04-17T21:55:00,"For the record, Great improvement in mobile performance this month. This happened after the latest update. Please advise.",InsightCloud,Finance,Social Media,Dubai,Internal,4,resolved,negative,disappointment,Technical Issue,Suggestion,medium,2
FB-11865,CU-2029,2026-04-17T20:43:00,"Hi, Is there a sandbox for InsightPay chargebacks? I am following up because there was no response. Looking forward to a fix.",InsightChat,HR,Website,Singapore,Partner,4,open,positive,satisfaction,Customer Support,Praise,low,2
FB-11925,CU-3986,2026-04-17T20:20:00,"Hi, Chat support was knowledgeable and patient. I attached screenshots in the original ticket. Looking forward to a fix.",InsightChat,Customer Support,Internal,Surat,Partner,4,resolved,positive,satisfaction,Customer Support,Praise,low,1
FB-12106,CU-5087,2026-04-17T19:46:00,"Hi, The InsightMobile checkout failed and I was still charged. I am following up because there was no response. Please advise.",InsightMobile,Operations,Call Center,London,Enterprise,1,open,positive,anger,Payment,Praise,high,4
FB-10479,CU-6314,2026-04-17T18:10:00,"Hi, Duplicate invoices were sent to finance after renewal. Please treat this as high priority. Sharing this from the field.",InsightAnalytics,Customer Support,Chat,London,Internal,2,open,negative,neutral,Technical Issue,Bug Report,medium,4
FB-11363,CU-4377,2026-04-17T15:15:00,Billing error created an unauthorized charge on our card. A workaround exists but it is not acceptable long term.,InsightCloud,Product,Mobile App,Hyderabad,Enterprise,2,closed,neutral,anger,Payment,Suggestion,critical,5
FB-10440,CU-1016,2026-04-17T13:58:00,"Hello team, Search is too slow to be usable during business hours. Please treat this as high priority. Please advise.",InsightPortal,Customer Support,Internal,Dubai,Partner,1,open,neutral,neutral,Performance,Suggestion,medium,2
FB-12132,CU-1556,2026-04-17T13:21:00,Quick update: Need access for two additional analysts this week. The team mentioned InsightChat in the weekly review.,InsightSecure,Customer Support,Mobile App,New York,Startup,3,in_progress,negative,neutral,Customer Support,Request,low,1
FB-11445,CU-9160,2026-04-17T10:16:00,"Hello team, Need access for two additional analysts this week. This is impacting customers in Hyderabad. Sharing this from the field.",InsightMobile,Finance,Email,Bangalore,Enterprise,3,open,neutral,neutral,Customer Support,Request,low,1
FB-11585,CU-5262,2026-04-17T08:55:00,"For the record, Call center agents read from a script and did not understand the issue. I am following up because there was no response. Looking forward to a fix.",InsightPortal,Customer Support,Chat,London,SMB,1,open,negative,anger,Customer Support,Complaint,critical,3
FB-10485,CU-7233,2026-04-17T04:35:00,Quick update: Documentation update saved our engineering team hours. The team mentioned InsightPay in the weekly review. Looking forward to a fix.,InsightMobile,Product,Internal,Bangalore,Consumer,4,open,positive,joy,Product,Praise,low,1
FB-10693,CU-8877,2026-04-17T03:45:00,Quick update: The InsightChat checkout failed and I was still charged. A workaround exists but it is not acceptable long term.,InsightPay,Engineering,Website,Bangalore,Consumer,2,resolved,negative,anger,Payment,Complaint,critical,5
FB-10356,CU-7031,2026-04-16T21:52:00,"To be clear, Loved the new InsightCloud dashboard, it is clean and fast. I attached screenshots in the original ticket. Sharing this from the field.",InsightAnalytics,Customer Support,Mobile App,Delhi,Consumer,4,open,positive,satisfaction,UX/UI,Praise,low,1
FB-10280,CU-6319,2026-04-16T19:28:00,Quick update: Appreciate the proactive outage communication. We have seen this twice already. Sharing this from the field.,InsightSecure,Product,Survey,Pune,Internal,5,in_progress,negative,anger,Technical Issue,Bug Report,high,4
FB-11659,CU-7668,2026-04-16T19:25:00,Sales team prepared a thoughtful demo for our executives. The team mentioned InsightChat in the weekly review. Logged by the duty manager.,InsightSecure,Product,Mobile App,Mumbai,Startup,4,open,positive,joy,Product,Praise,low,1
FB-10678,CU-1113,2026-04-16T12:55:00,"To be clear, Mobile users report they cannot complete signup on InsightSecure. The team mentioned InsightSecure in the weekly review. Please advise.",InsightCloud,Operations,Survey,New York,Partner,2,open,negative,frustration,Performance,Bug Report,critical,3
FB-11298,CU-8965,2026-04-16T09:01:00,"Hello team, Refund for a failed InsightChat payment is still pending. I attached screenshots in the original ticket. Logged by the duty manager.",InsightMobile,Customer Support,Internal,Ahmedabad,SMB,2,closed,negative,anger,Payment,Complaint,critical,5
FB-10038,CU-5786,2026-04-16T04:17:00,"Hi, Search is too slow to be usable during business hours. The issue started last Thursday. Thanks.",InsightPay,Customer Support,Email,London,Consumer,2,open,negative,joy,Performance,Praise,medium,2
FB-10129,CU-9228,2026-04-15T23:17:00,"To be clear, Refund was issued quickly and with a clear explanation. The team mentioned InsightPay in the weekly review. Sharing this from the field.",InsightAnalytics,Customer Support,Chat,Singapore,SMB,5,open,positive,satisfaction,Payment,Praise,low,2
FB-10899,CU-4968,2026-04-15T20:04:00,"To be clear, Consider adding a weekly digest for managers. The team mentioned InsightPortal in the weekly review. Thanks.",InsightChat,Product,Email,London,Enterprise,4,open,positive,joy,Product,Suggestion,low,1
FB-11551,CU-7240,2026-04-15T16:59:00,"Hello team, The InsightCloud checkout failed and I was still charged. I attached screenshots in the original ticket. Thanks.",InsightPortal,Customer Support,Survey,Pune,Internal,2,closed,positive,anger,Payment,Praise,medium,4
FB-11678,CU-6838,2026-04-15T15:59:00,"For the record, Refund for a failed InsightSecure payment is still pending. I attached screenshots in the original ticket. Looking forward to a fix.",InsightPay,Customer Support,Mobile App,New York,SMB,2,open,negative,anger,Payment,Complaint,critical,5
FB-10839,CU-9871,2026-04-15T15:43:00,Quick update: Response time from customer support is getting worse every week. I am following up because there was no response. Thanks.,InsightChat,Customer Support,Chat,Kolkata,Consumer,2,closed,negative,frustration,Customer Support,Request,medium,2
FB-11612,CU-2116,2026-04-15T15:39:00,"Hi, Loved the new InsightCloud dashboard, it is clean and fast. The team mentioned InsightSecure in the weekly review. Please advise.",InsightMobile,Finance,Website,Dubai,Startup,4,in_progress,positive,joy,UX/UI,Praise,low,1
FB-11750,CU-1166,2026-04-15T12:53:00,"Hi, Average experience so far, we are still evaluating InsightCloud. I am following up because there was no response. Looking forward to a fix.",InsightSecure,Engineering,Social Media,Bangalore,Partner,3,resolved,negative,anger,Product,Complaint,high,1
FB-11817,CU-2836,2026-04-15T12:38:00,"Hello team, The InsightChat checkout failed and I was still charged. This is impacting customers in Bangalore. Please advise.",InsightSecure,Operations,Email,Dubai,Enterprise,2,resolved,negative,anger,Payment,Praise,critical,5
FB-10092,CU-5566,2026-04-15T11:25:00,"Hi, Refund was issued quickly and with a clear explanation. We have seen this twice already. Looking forward to a fix.",InsightSecure,Finance,Call Center,Surat,Enterprise,4,resolved,positive,anger,Payment,Bug Report,medium,2
FB-11918,CU-2808,2026-04-15T10:40:00,Quick update: Support never called back after I reported a critical outage. We have seen this twice already. Logged by the duty manager.,InsightSecure,Customer Support,Website,Mumbai,Internal,2,open,negative,anger,Technical Issue,Bug Report,critical,5
FB-11808,CU-8695,2026-04-15T10:11:00,"To be clear, The onboarding specialist made InsightMobile easy to adopt. I am following up because there was no response.",InsightAnalytics,Operations,Chat,Mumbai,SMB,5,open,positive,joy,Service,Praise,low,1
FB-10168,CU-3332,2026-04-15T07:26:00,"For the record, Appreciate the proactive outage communication. This happened after the latest update. Logged by the duty manager.",InsightPortal,Customer Support,Social Media,Surat,Enterprise,5,closed,negative,neutral,Technical Issue,Complaint,critical,5
FB-10374,CU-3814,2026-04-15T06:45:00,"To be clear, The courier missed the delivery window three times in Hyderabad. We have seen this twice already.",InsightCRM,Operations,Website,New York,Enterprise,1,closed,negative,anger,Customer Support,Praise,high,2
FB-10279,CU-7802,2026-04-14T21:15:00,"Hello team, Please confirm whether SSO is enabled for partner accounts. Please treat this as high priority. Sharing this from the field.",InsightMobile,Sales,Mobile App,Singapore,Internal,3,in_progress,neutral,neutral,Account,Request,low,1
FB-11588,CU-5911,2026-04-14T16:25:00,Quick update: Chat support was knowledgeable and patient. This is impacting customers in Surat. Thanks.,InsightPay,Customer Support,Mobile App,Kolkata,Consumer,4,resolved,negative,satisfaction,Customer Support,Complaint,medium,1
FB-11406,CU-1331,2026-04-14T12:14:00,Refund for a failed InsightAnalytics payment is still pending. We have seen this twice already. Please advise.,InsightPay,Product,Email,Jaipur,Consumer,1,in_progress,negative,anger,Technical Issue,Bug Report,critical,5
FB-11495,CU-8353,2026-04-13T20:16:00,Quick update: It would help to have saved filters on the explorer table. The team mentioned InsightSecure in the weekly review. Sharing this from the field.,InsightPortal,Product,Website,Hyderabad,SMB,4,closed,neutral,neutral,Other,Suggestion,low,1
FB-11022,CU-1240,2026-04-13T18:35:00,Quick update: Duplicate invoices were sent to finance after renewal. This happened after the latest update. Logged by the duty manager.,InsightMobile,Engineering,Social Media,Surat,Partner,2,resolved,negative,neutral,Product,Complaint,critical,4
FB-12026,CU-5743,2026-04-13T15:20:00,"Hi, Support never called back after I reported a critical outage. This happened after the latest update. Sharing this from the field.",InsightSecure,Customer Support,Survey,Mumbai,Partner,2,in_progress,negative,frustration,Customer Support,Complaint,critical,4
FB-12172,CU-2573,2026-04-13T13:40:00,"To be clear, Search is too slow to be usable during business hours. A workaround exists but it is not acceptable long term.",InsightAnalytics,HR,Social Media,Kolkata,Consumer,1,resolved,positive,joy,Performance,Praise,low,2
FB-10411,CU-2253,2026-04-13T13:18:00,"Hello team, Payment reconciliation finally works without manual edits. Please treat this as high priority. Thanks.",InsightPay,Sales,Website,Kolkata,Enterprise,5,in_progress,negative,neutral,Customer Support,Bug Report,medium,2
FB-10595,CU-8976,2026-04-13T09:39:00,"For the record, Where can I find the data retention policy? Please treat this as high priority. Thanks.",InsightMobile,Product,Social Media,Surat,Startup,4,open,neutral,confusion,Other,Question,low,1
FB-10493,CU-6521,2026-04-13T08:59:00,"Hello team, The InsightAnalytics checkout failed and I was still charged. This happened after the latest update. Sharing this from the field.",InsightPortal,Engineering,Chat,Hyderabad,Startup,2,resolved,negative,anger,Payment,Complaint,critical,5
FB-10602,CU-8761,2026-04-13T03:15:00,Authentication failures are blocking our entire sales team. The team mentioned InsightCRM in the weekly review.,InsightCRM,Customer Support,Website,Dubai,Partner,1,in_progress,positive,joy,Product,Praise,low,2
FB-10836,CU-1854,2026-04-13T02:14:00,"Hello team, Payment reconciliation finally works without manual edits. This is impacting customers in Dubai. Thanks.",InsightCloud,Sales,Email,Bangalore,Partner,5,in_progress,negative,anger,Customer Support,Bug Report,medium,2
FB-10246,CU-6175,2026-04-13T00:24:00,"For the record, Duplicate invoices were sent to finance after renewal. The issue started last Thursday.",InsightCRM,Finance,Chat,Hyderabad,Enterprise,1,open,negative,neutral,Product,Complaint,high,3
FB-12004,CU-8540,2026-04-12T23:29:00,"Hello team, Great improvement in mobile performance this month. This happened after the latest update.",InsightSecure,Customer Support,Survey,Chennai,Partner,5,open,negative,disappointment,Technical Issue,Complaint,high,3
FB-11073,CU-4055,2026-04-12T12:11:00,"To be clear, Delivery to Delhi was earlier than the estimated date. Please treat this as high priority. Please advise.",InsightPay,Operations,Internal,Singapore,SMB,5,open,neutral,satisfaction,Technical Issue,Praise,low,1
FB-10880,CU-2031,2026-04-12T09:47:00,"Hi, The interface redesign is intuitive and reduced training time. Our enterprise account is affected. Logged by the duty manager.",InsightChat,Customer Support,Mobile App,Delhi,Startup,4,open,negative,joy,Account,Request,low,1
FB-10096,CU-6286,2026-04-12T04:19:00,"Hello team, The interface redesign is intuitive and reduced training time. A workaround exists but it is not acceptable long term. Looking forward to a fix.",InsightMobile,Operations,Call Center,Hyderabad,Partner,5,closed,positive,joy,UX/UI,Praise,low,1
FB-11050,CU-6565,2026-04-12T01:45:00,"For the record, Customer support resolved our incident in twenty minutes. The team mentioned InsightPortal in the weekly review. Logged by the duty manager.",InsightPay,Customer Support,Call Center,Chennai,Partner,4,resolved,positive,neutral,Customer Support,Praise,low,1
FB-11739,CU-2673,2026-04-12T00:55:00,"For the record, Package for InsightCRM arrived damaged in Dubai. This happened after the latest update. Looking forward to a fix.",InsightSecure,Operations,Chat,Ahmedabad,SMB,2,resolved,negative,disappointment,Product,Complaint,critical,3
FB-10024,CU-4848,2026-04-11T21:40:00,"For the record, Mobile users report they cannot complete signup on InsightPortal. The issue started last Thursday. Thanks.",InsightSecure,Customer Support,Social Media,Delhi,SMB,2,open,negative,frustration,Technical Issue,Bug Report,critical,4
FB-11168,CU-4052,2026-04-11T20:55:00,Chat support was knowledgeable and patient. The issue started last Thursday. Sharing this from the field.,InsightChat,Customer Support,Email,Pune,SMB,4,open,negative,satisfaction,Customer Support,Praise,low,1
FB-10240,CU-4062,2026-04-11T20:17:00,"Hello team, The latest release introduced a severe performance regression. The team mentioned InsightPay in the weekly review. Looking forward to a fix.",InsightCRM,Operations,Email,Hyderabad,Partner,1,resolved,positive,disappointment,Product,Praise,medium,2
FB-10902,CU-4700,2026-04-11T18:52:00,Quick update: Delivery to Delhi was earlier than the estimated date. This happened after the latest update. Please advise.,InsightPay,Operations,Mobile App,Hyderabad,SMB,5,in_progress,negative,frustration,Technical Issue,Complaint,medium,3
FB-10997,CU-1914,2026-04-11T18:16:00,Quick update: The current plan is acceptable but we will compare alternatives. This is impacting customers in Delhi. Logged by the duty manager.,InsightSecure,Product,Chat,Chennai,Enterprise,3,open,neutral,neutral,Performance,Information,low,1
FB-11581,CU-7800,2026-04-11T05:54:00,"Hi, Mobile users report they cannot complete signup on InsightCRM. I attached screenshots in the original ticket. Sharing this from the field.",InsightSecure,Customer Support,Call Center,New York,Consumer,1,resolved,negative,frustration,Technical Issue,Bug Report,critical,4
FB-11009,CU-8768,2026-04-11T02:45:00,Sharing an FYI that finance will review invoices tomorrow. The issue started last Thursday. Logged by the duty manager.,InsightChat,Engineering,Social Media,Kolkata,Enterprise,4,resolved,neutral,neutral,Other,Information,low,2
FB-11159,CU-5019,2026-04-10T23:38:00,Quick update: Refund for a failed InsightPortal payment is still pending. This is impacting customers in Mumbai.,InsightChat,Sales,Call Center,Hyderabad,SMB,2,resolved,negative,anger,Payment,Complaint,critical,5
FB-11015,CU-7328,2026-04-10T20:38:00,Quick update: The InsightCloud rollout is scheduled for next Monday in New York. A workaround exists but it is not acceptable long term. Looking forward to a fix.,InsightPortal,Finance,Mobile App,Ahmedabad,Partner,3,open,neutral,frustration,UX/UI,Information,medium,1
FB-11485,CU-8964,2026-04-10T18:45:00,Quick update: The interface redesign is intuitive and reduced training time. The team mentioned InsightCRM in the weekly review. Sharing this from the field.,InsightAnalytics,Finance,Chat,Chennai,SMB,4,open,positive,joy,UX/UI,Praise,low,1
FB-11452,CU-3052,2026-04-10T15:30:00,Quick update: Documentation update saved our engineering team hours. This happened after the latest update. Looking forward to a fix.,InsightChat,HR,Call Center,Pune,SMB,5,in_progress,negative,joy,Product,Complaint,medium,1
FB-10947,CU-6562,2026-04-10T10:47:00,"Hello team, Documentation update saved our engineering team hours. The team mentioned InsightAnalytics in the weekly review. Thanks.",InsightAnalytics,Sales,Chat,Hyderabad,Startup,5,resolved,positive,joy,Product,Praise,low,1
FB-11816,CU-1664,2026-04-10T10:39:00,"Hi, Refund was issued quickly and with a clear explanation. Our enterprise account is affected. Please advise.",InsightCRM,Sales,Chat,Mumbai,Internal,4,open,neutral,satisfaction,Account,Request,low,2
FB-11259,CU-8914,2026-04-10T07:13:00,"Hello team, Documentation is outdated and caused a production misconfiguration. This happened after the latest update. Looking forward to a fix.",InsightPay,Engineering,Internal,London,SMB,2,open,negative,disappointment,Documentation,Complaint,critical,3
FB-11268,CU-8352,2026-04-10T02:21:00,"To be clear, Noting that the internal survey was completed by HR. This is impacting customers in Singapore. Logged by the duty manager.",InsightPay,Operations,Website,Surat,Consumer,3,open,neutral,neutral,Other,Information,low,1
FB-11289,CU-2295,2026-04-10T00:22:00,Customer support resolved our incident in twenty minutes. This is impacting customers in Bangalore. Sharing this from the field.,InsightSecure,Customer Support,Mobile App,Hyderabad,Consumer,4,open,neutral,anger,Customer Support,Request,low,1
FB-10141,CU-6890,2026-04-09T22:26:00,"To be clear, Appreciate the proactive outage communication. This is impacting customers in Chennai. Looking forward to a fix.",InsightPay,HR,Mobile App,Surat,SMB,5,resolved,negative,satisfaction,Performance,Praise,medium,2
FB-10033,CU-7882,2026-04-09T20:21:00,"To be clear, Authentication failures are blocking our entire sales team. I am following up because there was no response. Looking forward to a fix.",InsightPay,HR,Internal,Surat,Consumer,1,closed,positive,joy,Product,Praise,low,2
FB-11319,CU-6137,2026-04-09T13:02:00,"To be clear, Refund was issued quickly and with a clear explanation. I am following up because there was no response.",InsightSecure,HR,Website,Dubai,Startup,5,in_progress,positive,satisfaction,Payment,Praise,low,2
FB-10194,CU-1500,2026-04-09T12:40:00,"For the record, The InsightCRM checkout failed and I was still charged. The team mentioned InsightPay in the weekly review. Thanks.",InsightCloud,Finance,Call Center,Hyderabad,Consumer,2,in_progress,positive,anger,Product,Praise,medium,4
FB-10914,CU-5740,2026-04-09T11:36:00,"For the record, Refund was issued quickly and with a clear explanation. Please treat this as high priority. Logged by the duty manager.",InsightCloud,HR,Social Media,Jaipur,SMB,4,closed,positive,satisfaction,Payment,Suggestion,low,2
FB-11886,CU-8651,2026-04-09T10:11:00,"Hi, Chat support was knowledgeable and patient. A workaround exists but it is not acceptable long term. Thanks.",InsightSecure,Customer Support,Chat,Singapore,Partner,5,resolved,neutral,satisfaction,Customer Support,Suggestion,low,1
FB-10205,CU-1612,2026-04-09T05:07:00,"Hello team, The current plan is acceptable but we will compare alternatives. The issue started last Thursday. Thanks.",InsightSecure,Finance,Chat,London,Startup,3,resolved,neutral,neutral,Performance,Information,low,1
FB-10423,CU-7799,2026-04-09T05:05:00,Package for InsightCloud arrived damaged in Dubai. The issue started last Thursday. Thanks.,InsightAnalytics,Product,Survey,London,Internal,2,open,negative,frustration,Delivery,Complaint,high,2
FB-12102,CU-2080,2026-04-09T01:18:00,"To be clear, I am delighted with the quality of the latest InsightMobile release. We have seen this twice already. Thanks.",InsightCloud,Finance,Internal,Surat,Consumer,5,open,positive,joy,Product,Praise,low,1
FB-11937,CU-6413,2026-04-08T22:04:00,"For the record, I am frustrated that the InsightMobile app crashes during payment. Our enterprise account is affected. Please advise.",InsightCloud,Engineering,Internal,Hyderabad,Enterprise,1,resolved,neutral,neutral,Account,Request,high,4
FB-10385,CU-5907,2026-04-08T21:21:00,"For the record, I am angry that the ticket was closed without a resolution. Please treat this as high priority. Logged by the duty manager.",InsightMobile,Customer Support,Survey,Pune,SMB,2,in_progress,neutral,neutral,Customer Support,Suggestion,low,2
FB-10097,CU-6531,2026-04-08T20:10:00,"For the record, Sharing an FYI that finance will review invoices tomorrow. A workaround exists but it is not acceptable long term. Please advise.",InsightMobile,Operations,Website,Dubai,Enterprise,4,open,neutral,neutral,UX/UI,Information,low,2
FB-10188,CU-8357,2026-04-08T18:57:00,"Hi, I am angry that the ticket was closed without a resolution. The team mentioned InsightCRM in the weekly review.",InsightMobile,Customer Support,Email,Mumbai,SMB,1,resolved,positive,joy,Customer Support,Praise,low,2
FB-11242,CU-9871,2026-04-08T11:47:00,"Hi, Loved the new InsightMobile dashboard, it is clean and fast. The team mentioned InsightAnalytics in the weekly review.",InsightCRM,HR,Email,Singapore,Startup,5,resolved,positive,joy,UX/UI,Praise,low,1
FB-10056,CU-8894,2026-04-08T08:53:00,"Hello team, Package for InsightCloud arrived damaged in Bangalore. I attached screenshots in the original ticket. Thanks.",InsightMobile,Customer Support,Social Media,New York,Startup,2,resolved,positive,frustration,Customer Support,Praise,low,2
FB-10491,CU-4292,2026-04-08T03:28:00,"For the record, Payment reconciliation finally works without manual edits. We have seen this twice already. Thanks.",InsightCRM,Operations,Website,New York,SMB,4,resolved,negative,anger,Technical Issue,Bug Report,medium,4
FB-10244,CU-3135,2026-04-08T03:05:00,Quick update: Price increase was communicated poorly and feels unjustified. We have seen this twice already. Sharing this from the field.,InsightPortal,Finance,Website,Singapore,Internal,2,resolved,negative,anger,Technical Issue,Bug Report,high,4
FB-11557,CU-6307,2026-04-08T00:39:00,Quick update: Sales team prepared a thoughtful demo for our executives. A workaround exists but it is not acceptable long term. Looking forward to a fix.,InsightChat,Product,Call Center,Chennai,Startup,5,resolved,negative,satisfaction,UX/UI,Praise,low,1
FB-10950,CU-8356,2026-04-07T22:59:00,"To be clear, Authentication failures are blocking our entire sales team. A workaround exists but it is not acceptable long term. Sharing this from the field.",InsightCRM,Engineering,Internal,New York,Startup,1,resolved,neutral,satisfaction,UX/UI,Praise,medium,2
FB-10345,CU-7861,2026-04-07T19:05:00,"For the record, The courier missed the delivery window three times in Pune. The issue started last Thursday.",InsightAnalytics,Operations,Website,Kolkata,SMB,2,open,negative,frustration,Delivery,Complaint,high,2
FB-10340,CU-1606,2026-04-07T17:53:00,Quick update: The InsightCRM checkout failed and I was still charged. I am following up because there was no response.,InsightPortal,Customer Support,Survey,Ahmedabad,Startup,2,resolved,negative,anger,Payment,Praise,critical,5
FB-10544,CU-9785,2026-04-07T17:34:00,"For the record, Security alert fired after suspicious admin logins. This is impacting customers in Mumbai. Thanks.",InsightPortal,Engineering,Call Center,Pune,Enterprise,2,in_progress,negative,anger,Security,Complaint,critical,5
FB-11931,CU-6457,2026-04-07T14:38:00,Quick update: Sales team prepared a thoughtful demo for our executives. Please treat this as high priority. Please advise.,InsightCRM,Product,Social Media,Delhi,Partner,5,open,neutral,neutral,Technical Issue,Bug Report,low,1
FB-10163,CU-7092,2026-04-07T11:33:00,"For the record, I am delighted with the quality of the latest InsightPay release. We have seen this twice already. Thanks.",InsightAnalytics,Operations,Email,New York,Startup,5,resolved,positive,joy,Product,Praise,low,1
FB-11961,CU-4774,2026-04-07T09:21:00,"For the record, Support never called back after I reported a critical outage. I attached screenshots in the original ticket.",InsightCloud,Customer Support,Chat,Delhi,Consumer,2,resolved,negative,frustration,Customer Support,Complaint,critical,4
FB-11112,CU-7998,2026-04-07T08:39:00,"To be clear, The latest release introduced a severe performance regression. A workaround exists but it is not acceptable long term. Please advise.",InsightMobile,Engineering,Call Center,Mumbai,Partner,2,resolved,neutral,disappointment,Performance,Suggestion,high,2
FB-10937,CU-9591,2026-04-06T23:02:00,"Hello team, We are happy with the reliability of InsightChat this quarter. The team mentioned InsightMobile in the weekly review. Please advise.",InsightSecure,Finance,Website,Pune,Internal,5,open,positive,joy,Product,Praise,low,1
FB-11995,CU-3354,2026-04-06T22:55:00,Quick update: Can you schedule a training session for the operations team? The team mentioned InsightCloud in the weekly review. Logged by the duty manager.,InsightAnalytics,Finance,Internal,New York,Enterprise,4,in_progress,positive,neutral,Customer Support,Request,low,1
FB-11953,CU-7473,2026-04-06T20:45:00,"For the record, Loved the new InsightAnalytics dashboard, it is clean and fast. We have seen this twice already. Logged by the duty manager.",InsightChat,Finance,Internal,Bangalore,Enterprise,5,closed,negative,anger,UX/UI,Praise,medium,1
FB-10255,CU-8901,2026-04-06T19:00:00,Billing error created an unauthorized charge on our card. I am following up because there was no response.,InsightPay,HR,Survey,Jaipur,Startup,2,in_progress,neutral,anger,Payment,Complaint,critical,5
FB-11718,CU-8233,2026-04-06T17:57:00,"To be clear, Refund for a failed InsightMobile payment is still pending. The team mentioned InsightCRM in the weekly review. Looking forward to a fix.",InsightAnalytics,Customer Support,Website,Singapore,Internal,2,resolved,positive,anger,Payment,Praise,medium,4
FB-12134,CU-1011,2026-04-06T17:02:00,"Hello team, Loved the new InsightChat dashboard, it is clean and fast. Please treat this as high priority. Looking forward to a fix.",InsightPortal,Operations,Email,Ahmedabad,SMB,4,closed,positive,joy,UX/UI,Praise,low,1
FB-12062,CU-8621,2026-04-06T09:27:00,"Hi, Average experience so far, we are still evaluating InsightCRM. The issue started last Thursday.",InsightCloud,Customer Support,Website,New York,Internal,3,in_progress,negative,anger,Product,Complaint,high,2
FB-10405,CU-6727,2026-04-06T03:54:00,"Hi, Mobile users report they cannot complete signup on InsightChat. The team mentioned InsightPay in the weekly review. Logged by the duty manager.",InsightMobile,Customer Support,Mobile App,Delhi,Startup,2,open,negative,frustration,Product,Bug Report,critical,3
FB-10005,CU-2796,2026-04-06T02:48:00,Quick update: Call center agents read from a script and did not understand the issue. I am following up because there was no response. Please advise.,InsightPay,HR,Email,London,SMB,2,resolved,negative,anger,Customer Support,Complaint,high,2
FB-12151,CU-7778,2026-04-06T01:41:00,Quick update: The current plan is acceptable but we will compare alternatives. I attached screenshots in the original ticket. Looking forward to a fix.,InsightSecure,Customer Support,Website,Jaipur,Partner,4,open,neutral,neutral,Performance,Information,low,1
FB-11417,CU-9141,2026-04-05T21:35:00,Quick update: Price increase was communicated poorly and feels unjustified. I am following up because there was no response. Sharing this from the field.,InsightCRM,HR,Chat,Hyderabad,Partner,1,open,negative,satisfaction,Customer Support,Praise,high,3
FB-10139,CU-7161,2026-04-05T18:50:00,"Hi, Refund for a failed InsightCRM payment is still pending. I attached screenshots in the original ticket. Please advise.",InsightCRM,Customer Support,Social Media,Dubai,Consumer,2,open,negative,anger,Payment,Complaint,critical,5
FB-11741,CU-8999,2026-04-05T17:54:00,Billing error created an unauthorized charge on our card. Please treat this as high priority. Thanks.,InsightMobile,Sales,Website,Pune,Consumer,1,open,neutral,anger,Technical Issue,Suggestion,critical,5
FB-11577,CU-6121,2026-04-05T17:27:00,"To be clear, The current plan is acceptable but we will compare alternatives. This happened after the latest update. Logged by the duty manager.",InsightMobile,Sales,Survey,London,Enterprise,4,in_progress,neutral,disappointment,Performance,Information,medium,1
FB-11998,CU-4379,2026-04-05T15:50:00,"To be clear, Authentication failures are blocking our entire sales team. I attached screenshots in the original ticket. Logged by the duty manager.",InsightAnalytics,Customer Support,Call Center,Hyderabad,Internal,2,open,positive,joy,Product,Praise,low,2
FB-11290,CU-1185,2026-04-05T15:00:00,"For the record, Refund was issued quickly and with a clear explanation. I attached screenshots in the original ticket.",InsightPay,Customer Support,Call Center,Dubai,Enterprise,5,resolved,positive,satisfaction,Payment,Praise,low,2
FB-11858,CU-9067,2026-04-05T12:29:00,Quick update: The onboarding specialist made InsightCloud easy to adopt. This is impacting customers in New York. Please advise.,InsightChat,Sales,Internal,Chennai,Startup,5,in_progress,negative,joy,Technical Issue,Praise,low,2
FB-11419,CU-7322,2026-04-05T11:43:00,"Hi, Is there a sandbox for InsightPay chargebacks? We have seen this twice already. Please advise.",InsightChat,Product,Internal,Pune,Startup,3,in_progress,neutral,anger,Technical Issue,Bug Report,medium,2
FB-12017,CU-6325,2026-04-05T09:53:00,"Hello team, The interface redesign is intuitive and reduced training time. A workaround exists but it is not acceptable long term.",InsightPay,Finance,Social Media,Hyderabad,Partner,5,in_progress,negative,joy,UX/UI,Praise,low,1
FB-10583,CU-2504,2026-04-05T08:20:00,"To be clear, Package for InsightChat arrived damaged in London. The team mentioned InsightCloud in the weekly review. Thanks.",InsightPortal,Operations,Social Media,Singapore,Startup,2,resolved,positive,satisfaction,Product,Praise,low,2
FB-11773,CU-4940,2026-04-05T06:25:00,"To be clear, Average experience so far, we are still evaluating InsightMobile. The issue started last Thursday. Sharing this from the field.",InsightCRM,Operations,Website,Ahmedabad,Startup,4,resolved,negative,anger,Product,Complaint,medium,1
FB-10662,CU-7054,2026-04-05T05:30:00,"For the record, Appreciate the proactive outage communication. This happened after the latest update. Looking forward to a fix.",InsightCloud,Customer Support,Website,Jaipur,Internal,5,open,negative,disappointment,Technical Issue,Complaint,critical,5
FB-11076,CU-6803,2026-04-05T03:09:00,"Hello team, InsightSecure audit logs are exactly what compliance needed. A workaround exists but it is not acceptable long term. Looking forward to a fix.",InsightChat,Customer Support,Call Center,Kolkata,Internal,4,in_progress,negative,neutral,UX/UI,Complaint,low,1
FB-10754,CU-8931,2026-04-05T00:31:00,Quick update: Package for InsightPortal arrived damaged in Singapore. The issue started last Thursday. Looking forward to a fix.,InsightCloud,Product,Chat,Bangalore,Consumer,1,closed,negative,frustration,Delivery,Complaint,critical,3
FB-10812,CU-2422,2026-04-05T00:24:00,"For the record, Security alert fired after suspicious admin logins. A workaround exists but it is not acceptable long term. Sharing this from the field.",InsightPay,Engineering,Internal,Bangalore,Partner,2,open,neutral,anger,Security,Suggestion,high,3
FB-10786,CU-6089,2026-04-05T00:19:00,"Hello team, Please confirm whether SSO is enabled for partner accounts. The team mentioned InsightAnalytics in the weekly review. Sharing this from the field.",InsightMobile,Product,Chat,Jaipur,Enterprise,3,in_progress,neutral,neutral,Account,Request,low,1
FB-10785,CU-8128,2026-04-04T19:46:00,"Hi, Refund for a failed InsightCRM payment is still pending. The team mentioned InsightChat in the weekly review. Sharing this from the field.",InsightPortal,Engineering,Email,Chennai,Internal,1,open,negative,anger,Payment,Praise,critical,5
FB-11023,CU-3260,2026-04-04T14:18:00,"Hi, Noting that the internal survey was completed by HR. Please treat this as high priority. Sharing this from the field.",InsightCloud,Finance,Internal,Bangalore,Consumer,3,resolved,neutral,neutral,Other,Bug Report,low,1
FB-11611,CU-1347,2026-04-04T09:21:00,We cannot login to InsightPay since the last update. This happened after the latest update. Logged by the duty manager.,InsightCloud,Engineering,Email,London,SMB,2,resolved,negative,frustration,Technical Issue,Bug Report,critical,4
FB-10980,CU-5360,2026-04-04T09:03:00,Quick update: Chat support was knowledgeable and patient. I am following up because there was no response. Looking forward to a fix.,InsightPortal,Customer Support,Call Center,Delhi,SMB,4,resolved,positive,satisfaction,Customer Support,Praise,low,1
FB-11639,CU-2839,2026-04-04T05:52:00,Documentation update saved our engineering team hours. The team mentioned InsightMobile in the weekly review.,InsightPay,Finance,Social Media,Chennai,SMB,5,resolved,positive,joy,Product,Praise,low,1
FB-10653,CU-1151,2026-04-04T04:47:00,Quick update: Support never called back after I reported a critical outage. The team mentioned InsightCloud in the weekly review. Looking forward to a fix.,InsightChat,Customer Support,Social Media,Surat,Consumer,2,closed,negative,frustration,Customer Support,Complaint,critical,4
FB-10826,CU-6593,2026-04-03T22:17:00,"For the record, Authentication failures are blocking our entire sales team. I am following up because there was no response. Looking forward to a fix.",InsightPortal,Sales,Email,Bangalore,Partner,2,open,positive,joy,Product,Bug Report,medium,2
FB-12113,CU-5421,2026-04-03T22:02:00,"For the record, Great improvement in mobile performance this month. We have seen this twice already. Please advise.",InsightPortal,Operations,Chat,Ahmedabad,Internal,5,open,neutral,anger,Technical Issue,Bug Report,low,1
FB-11745,CU-9873,2026-04-03T17:24:00,Quick update: We cannot login to InsightPay since the last update. This is impacting customers in Kolkata. Please advise.,InsightMobile,Engineering,Survey,Mumbai,Consumer,2,open,negative,frustration,Technical Issue,Bug Report,critical,4
FB-11893,CU-2028,2026-04-03T12:23:00,"Hello team, Payment reconciliation finally works without manual edits. Our enterprise account is affected. Thanks.",InsightCRM,HR,Social Media,Dubai,Startup,5,closed,negative,frustration,Account,Request,low,2
FB-11661,CU-4232,2026-04-03T10:36:00,Support never called back after I reported a critical outage. The team mentioned InsightPortal in the weekly review. Looking forward to a fix.,InsightAnalytics,Customer Support,Call Center,Dubai,Enterprise,2,in_progress,negative,frustration,Customer Support,Complaint,critical,4
FB-11434,CU-6410,2026-04-03T10:35:00,"For the record, Refund was issued quickly and with a clear explanation. We have seen this twice already. Thanks.",InsightPay,Customer Support,Social Media,Pune,Consumer,4,in_progress,positive,anger,Technical Issue,Bug Report,medium,2
FB-10504,CU-4573,2026-04-03T09:57:00,"Hello team, Is there a sandbox for InsightPay chargebacks? Our enterprise account is affected. Sharing this from the field.",InsightMobile,Operations,Call Center,New York,Internal,3,open,neutral,frustration,Account,Request,medium,2
FB-12148,CU-8735,2026-04-03T03:38:00,Duplicate invoices were sent to finance after renewal. This happened after the latest update. Looking forward to a fix.,InsightMobile,Product,Email,Pune,Startup,2,open,negative,disappointment,Product,Complaint,critical,4
FB-11223,CU-8615,2026-04-03T03:06:00,"For the record, Need access for two additional analysts this week. The issue started last Thursday. Thanks.",InsightCloud,HR,Survey,London,Consumer,4,in_progress,neutral,neutral,Customer Support,Request,low,1
FB-10820,CU-7774,2026-04-02T16:04:00,"For the record, Customer support resolved our incident in twenty minutes. A workaround exists but it is not acceptable long term. Thanks.",InsightMobile,Customer Support,Survey,Delhi,Startup,5,in_progress,neutral,neutral,Customer Support,Request,low,1
FB-10407,CU-1095,2026-04-02T14:40:00,Documentation update saved our engineering team hours. Please treat this as high priority.,InsightAnalytics,Sales,Survey,Ahmedabad,Internal,5,resolved,neutral,joy,Technical Issue,Suggestion,low,1
FB-11607,CU-9524,2026-04-02T10:15:00,"To be clear, The InsightPay checkout failed and I was still charged. This is impacting customers in Bangalore. Sharing this from the field.",InsightCloud,Customer Support,Website,Bangalore,SMB,2,open,negative,anger,Payment,Praise,critical,5
FB-11296,CU-8868,2026-04-02T08:23:00,"To be clear, Mobile users report they cannot complete signup on InsightMobile. This happened after the latest update. Looking forward to a fix.",InsightAnalytics,Product,Website,Dubai,Partner,2,resolved,negative,frustration,Technical Issue,Bug Report,critical,4
FB-10590,CU-5322,2026-04-01T13:21:00,"Hi, Delivery to London was earlier than the estimated date. Please treat this as high priority. Looking forward to a fix.",InsightPay,Operations,Mobile App,Mumbai,Internal,4,resolved,negative,satisfaction,Delivery,Bug Report,medium,1
FB-10271,CU-3598,2026-04-01T12:43:00,"For the record, Feature request: webhook retries with exponential backoff. This happened after the latest update.",InsightAnalytics,Product,Website,New York,Partner,4,in_progress,negative,neutral,Customer Support,Complaint,high,2
FB-10530,CU-3094,2026-04-01T06:34:00,"To be clear, Billing error created an unauthorized charge on our card. The team mentioned InsightCloud in the weekly review. Sharing this from the field.",InsightMobile,Customer Support,Call Center,Pune,Partner,2,resolved,neutral,anger,Payment,Praise,critical,5
FB-10545,CU-6723,2026-04-01T04:58:00,Refund was issued quickly and with a clear explanation. Please treat this as high priority. Thanks.,InsightCloud,Customer Support,Survey,Dubai,SMB,4,open,positive,satisfaction,Payment,Suggestion,low,2
FB-11130,CU-5989,2026-04-01T04:48:00,"To be clear, Loved the new InsightPortal dashboard, it is clean and fast. Our enterprise account is affected.",InsightChat,Engineering,Mobile App,Singapore,Consumer,5,in_progress,positive,satisfaction,UX/UI,Praise,low,1
FB-10296,CU-1528,2026-04-01T04:10:00,"For the record, I am delighted with the quality of the latest InsightMobile release. I am following up because there was no response. Please advise.",InsightCRM,Operations,Chat,Singapore,Enterprise,4,closed,positive,joy,Service,Praise,low,1
FB-10629,CU-5410,2026-03-31T21:33:00,"For the record, Consider adding a weekly digest for managers. The issue started last Thursday.",InsightPortal,Product,Call Center,Dubai,Partner,3,open,neutral,neutral,Other,Suggestion,low,1
FB-12155,CU-4037,2026-03-31T17:48:00,"For the record, Documentation is outdated and caused a production misconfiguration. The team mentioned InsightPay in the weekly review. Sharing this from the field.",InsightPortal,HR,Chat,Kolkata,Enterprise,2,in_progress,neutral,satisfaction,Documentation,Praise,medium,2
FB-12178,CU-3448,2026-03-31T16:04:00,"For the record, It would help to have saved filters on the explorer table. This happened after the latest update.",InsightPortal,Product,Social Media,Dubai,Internal,3,in_progress,neutral,neutral,Technical Issue,Suggestion,low,1
FB-10704,CU-8078,2026-03-31T15:10:00,"Hello team, Call center agents read from a script and did not understand the issue. The team mentioned InsightCloud in the weekly review. Looking forward to a fix.",InsightMobile,Customer Support,Social Media,Surat,Consumer,2,open,negative,anger,Customer Support,Praise,high,2
FB-10705,CU-4445,2026-03-31T03:43:00,"Hi, Chat support was knowledgeable and patient. Please treat this as high priority. Sharing this from the field.",InsightAnalytics,Customer Support,Email,Hyderabad,SMB,5,open,neutral,satisfaction,Customer Support,Suggestion,low,1
FB-11209,CU-6841,2026-03-31T00:24:00,"Hi, It would help to have saved filters on the explorer table. This is impacting customers in Kolkata. Looking forward to a fix.",InsightPortal,Finance,Mobile App,Pune,Partner,3,resolved,neutral,neutral,Other,Suggestion,low,1
FB-10125,CU-5285,2026-03-30T17:41:00,"Hello team, Please confirm whether SSO is enabled for partner accounts. I am following up because there was no response. Sharing this from the field.",InsightSecure,Product,Survey,Kolkata,Consumer,3,in_progress,neutral,neutral,Account,Request,low,1
FB-10584,CU-6577,2026-03-30T12:12:00,Response time from customer support is getting worse every week. Please treat this as high priority. Thanks.,InsightPortal,Customer Support,Call Center,Dubai,Partner,1,resolved,neutral,neutral,Customer Support,Request,medium,2
FB-11105,CU-8803,2026-03-29T23:49:00,"For the record, Package for InsightAnalytics arrived damaged in Ahmedabad. I attached screenshots in the original ticket. Looking forward to a fix.",InsightCloud,Customer Support,Internal,Hyderabad,Startup,2,in_progress,negative,satisfaction,Delivery,Complaint,medium,2
FB-10652,CU-7974,2026-03-29T22:30:00,Quick update: Chat support was knowledgeable and patient. The issue started last Thursday. Please advise.,InsightCloud,Customer Support,Mobile App,Pune,SMB,5,resolved,negative,frustration,Customer Support,Complaint,medium,1
FB-10332,CU-4193,2026-03-29T21:47:00,Where can I find the data retention policy? Our enterprise account is affected. Please advise.,InsightCRM,Finance,Survey,London,Internal,4,closed,neutral,confusion,Other,Question,low,1
FB-11526,CU-7774,2026-03-29T14:56:00,Documentation is outdated and caused a production misconfiguration. This happened after the latest update. Looking forward to a fix.,InsightChat,Operations,Email,Pune,SMB,2,closed,negative,disappointment,Documentation,Complaint,critical,3
FB-11070,CU-6307,2026-03-29T14:08:00,"Hi, Delivery to New York was earlier than the estimated date. A workaround exists but it is not acceptable long term. Logged by the duty manager.",InsightChat,Operations,Chat,Delhi,SMB,4,in_progress,negative,satisfaction,UX/UI,Praise,low,1
FB-10075,CU-5703,2026-03-29T14:02:00,I am delighted with the quality of the latest InsightPortal release. Our enterprise account is affected. Please advise.,InsightPay,Product,Mobile App,London,Enterprise,5,resolved,positive,joy,Product,Praise,low,1
FB-11180,CU-9610,2026-03-29T12:03:00,"To be clear, Sales team prepared a thoughtful demo for our executives. The team mentioned InsightChat in the weekly review. Logged by the duty manager.",InsightPay,Sales,Social Media,Bangalore,Consumer,5,open,positive,joy,Product,Praise,low,1
FB-10412,CU-7438,2026-03-29T05:50:00,"To be clear, I am delighted with the quality of the latest InsightAnalytics release. Our enterprise account is affected.",InsightMobile,HR,Website,Surat,Consumer,4,resolved,positive,joy,Product,Praise,low,1
FB-11215,CU-3515,2026-03-29T05:14:00,Quick update: Sales team prepared a thoughtful demo for our executives. I attached screenshots in the original ticket. Logged by the duty manager.,InsightChat,Customer Support,Social Media,Singapore,Startup,4,in_progress,positive,satisfaction,Customer Support,Praise,low,1
FB-10112,CU-6523,2026-03-28T20:16:00,"Hello team, I am delighted with the quality of the latest InsightMobile release. A workaround exists but it is not acceptable long term.",InsightMobile,Customer Support,Social Media,Jaipur,Internal,5,resolved,positive,joy,Product,Praise,low,1
FB-10063,CU-7580,2026-03-28T20:01:00,"Average experience so far, we are still evaluating InsightCloud. A workaround exists but it is not acceptable long term. Logged by the duty manager.",InsightPay,Engineering,Chat,London,Enterprise,4,in_progress,negative,neutral,Product,Information,medium,1
FB-10302,CU-1094,2026-03-28T15:54:00,"Hello team, Mobile users report they cannot complete signup on InsightAnalytics. We have seen this twice already.",InsightPortal,Sales,Internal,Delhi,SMB,1,in_progress,negative,anger,Technical Issue,Bug Report,critical,4
FB-10766,CU-3048,2026-03-28T13:45:00,We cannot login to InsightChat since the last update. We have seen this twice already. Looking forward to a fix.,InsightCRM,Engineering,Survey,Delhi,Consumer,1,in_progress,negative,anger,Technical Issue,Bug Report,critical,4
FB-10127,CU-3293,2026-03-28T05:46:00,Quick update: Response time from customer support is getting worse every week. I attached screenshots in the original ticket. Logged by the duty manager.,InsightSecure,Customer Support,Internal,Mumbai,Partner,2,closed,negative,frustration,Customer Support,Request,high,2
FB-11270,CU-4012,2026-03-28T04:33:00,"To be clear, Average experience so far, we are still evaluating InsightMobile. Our enterprise account is affected. Please advise.",InsightSecure,Sales,Internal,London,Startup,4,open,neutral,neutral,Account,Request,low,1
FB-11441,CU-4985,2026-03-28T00:23:00,"Hi, How do I export department analytics for last quarter? Please treat this as high priority. Thanks.",InsightAnalytics,Engineering,Chat,Ahmedabad,Enterprise,4,open,neutral,confusion,Technical Issue,Bug Report,low,1
FB-10494,CU-3013,2026-03-27T22:25:00,Refund for a failed InsightCRM payment is still pending. This is impacting customers in Jaipur. Please advise.,InsightMobile,Customer Support,Social Media,New York,SMB,1,open,negative,anger,Payment,Complaint,critical,5
FB-11404,CU-6423,2026-03-27T22:08:00,"To be clear, The onboarding specialist made InsightMobile easy to adopt. We have seen this twice already.",InsightAnalytics,Customer Support,Survey,Delhi,Consumer,4,resolved,positive,anger,Technical Issue,Praise,low,1
FB-10488,CU-3644,2026-03-27T21:09:00,"For the record, We may add twenty more seats if the trial goes well. I attached screenshots in the original ticket. Logged by the duty manager.",InsightAnalytics,Customer Support,Website,Surat,Enterprise,3,resolved,neutral,neutral,Customer Support,Suggestion,low,1
FB-11084,CU-2215,2026-03-27T12:02:00,Quick update: I am frustrated that the InsightCRM app crashes during payment. The issue started last Thursday. Looking forward to a fix.,InsightPortal,Engineering,Email,Pune,Consumer,2,closed,negative,frustration,Technical Issue,Complaint,critical,5
FB-11767,CU-8524,2026-03-27T11:48:00,Quick update: I am delighted with the quality of the latest InsightCloud release. A workaround exists but it is not acceptable long term. Please advise.,InsightMobile,Product,Email,Delhi,Enterprise,4,resolved,positive,joy,Product,Praise,low,1
FB-11087,CU-1818,2026-03-27T09:30:00,Quick update: Great improvement in mobile performance this month. I attached screenshots in the original ticket. Please advise.,InsightPay,Customer Support,Website,Mumbai,Consumer,5,closed,neutral,frustration,Customer Support,Suggestion,low,1
FB-10792,CU-1277,2026-03-27T09:10:00,Quick update: Delivery to Singapore was earlier than the estimated date. I attached screenshots in the original ticket. Please advise.,InsightMobile,Operations,Mobile App,Ahmedabad,Startup,4,in_progress,negative,satisfaction,Delivery,Praise,low,1
FB-11571,CU-5306,2026-03-27T07:49:00,Mobile users report they cannot complete signup on InsightPortal. This happened after the latest update. Please advise.,InsightAnalytics,Sales,Call Center,London,Enterprise,2,resolved,negative,frustration,Technical Issue,Bug Report,critical,4
FB-10677,CU-1893,2026-03-27T00:31:00,"Hello team, Consider adding a weekly digest for managers. This happened after the latest update. Sharing this from the field.",InsightChat,Engineering,Social Media,Pune,Startup,3,resolved,negative,disappointment,Technical Issue,Suggestion,medium,2
FB-11349,CU-3413,2026-03-26T22:58:00,I am delighted with the quality of the latest InsightCRM release. The team mentioned InsightCRM in the weekly review. Please advise.,InsightMobile,Sales,Internal,Delhi,Enterprise,5,in_progress,positive,joy,Product,Praise,low,1
FB-10562,CU-4581,2026-03-26T20:37:00,"For the record, Great improvement in mobile performance this month. This is impacting customers in Kolkata.",InsightCloud,Customer Support,Call Center,Pune,Internal,5,in_progress,neutral,neutral,Performance,Suggestion,low,1
FB-12010,CU-8446,2026-03-26T17:39:00,Quick update: The interface redesign is intuitive and reduced training time. Our enterprise account is affected. Sharing this from the field.,InsightSecure,Operations,Internal,Ahmedabad,Enterprise,4,closed,negative,frustration,Account,Request,medium,1
FB-11169,CU-5579,2026-03-26T14:08:00,"To be clear, The InsightAnalytics rollout is scheduled for next Monday in Surat. We have seen this twice already.",InsightPay,Product,Mobile App,Ahmedabad,Enterprise,4,resolved,negative,anger,Technical Issue,Complaint,high,2
FB-10746,CU-4810,2026-03-26T09:34:00,"For the record, Need access for two additional analysts this week. I am following up because there was no response. Thanks.",InsightAnalytics,Product,Chat,Mumbai,Partner,3,closed,neutral,neutral,Customer Support,Request,low,1
FB-11583,CU-7099,2026-03-26T08:40:00,"Hi, Support never called back after I reported a critical outage. A workaround exists but it is not acceptable long term. Sharing this from the field.",InsightAnalytics,Customer Support,Call Center,Mumbai,Startup,2,resolved,negative,frustration,Customer Support,Complaint,critical,4
FB-10258,CU-4744,2026-03-26T05:36:00,"For the record, Great improvement in mobile performance this month. This is impacting customers in Pune. Please advise.",InsightMobile,Sales,Mobile App,New York,Startup,5,resolved,neutral,neutral,Technical Issue,Suggestion,low,1
FB-10076,CU-2381,2026-03-26T03:51:00,"To be clear, I am delighted with the quality of the latest InsightPay release. I am following up because there was no response. Looking forward to a fix.",InsightSecure,Finance,Email,Ahmedabad,SMB,5,resolved,positive,joy,Product,Praise,low,1
FB-10120,CU-1724,2026-03-25T19:43:00,"Hello team, Support never called back after I reported a critical outage. This is impacting customers in Delhi.",InsightPay,Customer Support,Chat,Chennai,SMB,1,in_progress,negative,frustration,Customer Support,Bug Report,critical,4
FB-10834,CU-6705,2026-03-25T13:05:00,Quick update: I am delighted with the quality of the latest InsightPay release. I am following up because there was no response.,InsightChat,Product,Call Center,Bangalore,Startup,5,closed,positive,joy,Service,Praise,low,1
FB-10281,CU-1267,2026-03-25T12:00:00,"To be clear, Where can I find the data retention policy? A workaround exists but it is not acceptable long term. Logged by the duty manager.",InsightPay,Product,Email,Bangalore,Enterprise,3,open,neutral,confusion,Other,Question,low,1
FB-12068,CU-9644,2026-03-25T10:50:00,Great improvement in mobile performance this month. I am following up because there was no response.,InsightSecure,Customer Support,Social Media,Kolkata,Startup,5,open,positive,anger,Performance,Suggestion,low,1
FB-11188,CU-5478,2026-03-25T10:24:00,"Hello team, Delivery was extremely late and customer support did not respond. The issue started last Thursday. Please advise.",InsightAnalytics,Operations,Chat,Pune,Consumer,1,open,negative,frustration,Customer Support,Complaint,critical,3
FB-10214,CU-1291,2026-03-25T10:07:00,Quick update: Documentation update saved our engineering team hours. The issue started last Thursday. Sharing this from the field.,InsightPortal,Finance,Mobile App,Pune,Consumer,5,open,negative,frustration,Technical Issue,Praise,low,2
FB-11613,CU-1832,2026-03-25T08:17:00,"Hello team, Mobile users report they cannot complete signup on InsightSecure. This happened after the latest update. Looking forward to a fix.",InsightMobile,HR,Call Center,Dubai,Internal,2,in_progress,negative,frustration,Technical Issue,Bug Report,critical,4
FB-11913,CU-5643,2026-03-25T07:53:00,"Hi, Noting that the internal survey was completed by HR. This is impacting customers in Bangalore. Thanks.",InsightMobile,Customer Support,Call Center,Surat,Partner,3,open,neutral,neutral,Other,Information,low,1
FB-11129,CU-6343,2026-03-25T06:19:00,"Hi, Chat support was knowledgeable and patient. This is impacting customers in Jaipur. Sharing this from the field.",InsightMobile,Customer Support,Call Center,Jaipur,Startup,4,resolved,negative,satisfaction,Customer Support,Praise,low,1
FB-11226,CU-1176,2026-03-25T01:56:00,Call center agents read from a script and did not understand the issue. Please treat this as high priority. Thanks.,InsightSecure,Finance,Website,Bangalore,Partner,1,open,negative,anger,Customer Support,Complaint,critical,3
FB-10426,CU-4232,2026-03-24T22:22:00,"Hello team, The courier missed the delivery window three times in New York. This is impacting customers in London. Sharing this from the field.",InsightChat,Operations,Social Media,Surat,Enterprise,2,in_progress,negative,frustration,Delivery,Praise,high,2
FB-11118,CU-6139,2026-03-24T20:33:00,Quick update: Authentication failures are blocking our entire sales team. This happened after the latest update. Thanks.,InsightPortal,Operations,Survey,Singapore,Internal,2,closed,negative,frustration,Technical Issue,Bug Report,critical,4
FB-10761,CU-9251,2026-03-24T19:49:00,"To be clear, I am angry that the ticket was closed without a resolution. Please treat this as high priority. Please advise.",InsightPay,Customer Support,Call Center,Singapore,SMB,1,resolved,neutral,neutral,Customer Support,Suggestion,medium,2
FB-11402,CU-2132,2026-03-24T13:05:00,The onboarding specialist made InsightCRM easy to adopt. Our enterprise account is affected.,InsightCRM,Engineering,Social Media,Jaipur,Partner,5,open,positive,joy,Account,Request,low,1
FB-10510,CU-6127,2026-03-24T04:36:00,Call center agents read from a script and did not understand the issue. This happened after the latest update. Sharing this from the field.,InsightPortal,Finance,Survey,Jaipur,Partner,2,in_progress,negative,anger,Customer Support,Complaint,critical,3
FB-10173,CU-1699,2026-03-24T04:05:00,The interface redesign is intuitive and reduced training time. I am following up because there was no response.,InsightSecure,Customer Support,Internal,Ahmedabad,SMB,4,closed,positive,joy,UX/UI,Praise,low,1
FB-10116,CU-9008,2026-03-24T03:43:00,"To be clear, Please confirm whether SSO is enabled for partner accounts. A workaround exists but it is not acceptable long term. Thanks.",InsightCRM,Finance,Mobile App,Kolkata,Consumer,3,resolved,neutral,neutral,UX/UI,Suggestion,low,1
FB-10436,CU-1737,2026-03-24T02:51:00,"Hi, We are happy with the reliability of InsightPay this quarter. A workaround exists but it is not acceptable long term. Thanks.",InsightSecure,Engineering,Internal,Dubai,Enterprise,4,open,positive,joy,Product,Praise,low,1
FB-11003,CU-3210,2026-03-24T00:59:00,Feature request: webhook retries with exponential backoff. We have seen this twice already. Thanks.,InsightAnalytics,Engineering,Chat,Singapore,Startup,4,resolved,negative,anger,Technical Issue,Bug Report,medium,2
FB-10603,CU-3396,2026-03-23T21:39:00,"Hello team, Support never called back after I reported a critical outage. The team mentioned InsightMobile in the weekly review. Sharing this from the field.",InsightCloud,Customer Support,Website,Mumbai,SMB,2,resolved,negative,frustration,Customer Support,Praise,critical,4
FB-11038,CU-8177,2026-03-23T20:56:00,"For the record, Support never called back after I reported a critical outage. We have seen this twice already. Logged by the duty manager.",InsightSecure,Customer Support,Social Media,Ahmedabad,Consumer,2,open,negative,anger,Technical Issue,Bug Report,critical,5
FB-11606,CU-3303,2026-03-23T17:56:00,"Hi, Need access for two additional analysts this week. This happened after the latest update. Logged by the duty manager.",InsightChat,Product,Social Media,Surat,SMB,3,in_progress,negative,neutral,Customer Support,Request,medium,2
FB-11543,CU-7672,2026-03-23T17:05:00,The InsightCloud checkout failed and I was still charged. The issue started last Thursday. Please advise.,InsightCloud,Customer Support,Survey,Jaipur,Partner,2,open,negative,anger,Payment,Complaint,critical,5
FB-10155,CU-3161,2026-03-23T14:00:00,"For the record, The current plan is acceptable but we will compare alternatives. This happened after the latest update. Looking forward to a fix.",InsightChat,Operations,Social Media,Mumbai,Startup,3,open,neutral,disappointment,Product,Information,medium,1
FB-11359,CU-2518,2026-03-23T12:54:00,"Hello team, Can you schedule a training session for the operations team? I attached screenshots in the original ticket. Logged by the duty manager.",InsightAnalytics,Customer Support,Social Media,Jaipur,Enterprise,3,open,neutral,neutral,Customer Support,Request,low,1
FB-10158,CU-3480,2026-03-23T11:46:00,"To be clear, Is there a sandbox for InsightPay chargebacks? We have seen this twice already.",InsightCRM,Finance,Chat,Jaipur,Internal,4,in_progress,negative,anger,Technical Issue,Bug Report,high,3
FB-10732,CU-8444,2026-03-23T09:52:00,"For the record, The InsightCloud rollout is scheduled for next Monday in Kolkata. Our enterprise account is affected. Sharing this from the field.",InsightCloud,Sales,Email,Surat,Internal,3,open,neutral,frustration,Account,Request,low,1
FB-10667,CU-6957,2026-03-23T08:05:00,"Hello team, Package for InsightSecure arrived damaged in Pune. The issue started last Thursday. Thanks.",InsightPortal,Product,Survey,Singapore,Internal,2,in_progress,negative,frustration,Delivery,Complaint,high,2
FB-11305,CU-9143,2026-03-23T07:43:00,"Hi, I am frustrated that the InsightSecure app crashes during payment. I attached screenshots in the original ticket. Thanks.",InsightCloud,Customer Support,Mobile App,Hyderabad,Consumer,1,open,negative,joy,Technical Issue,Praise,high,5
FB-10027,CU-5451,2026-03-23T02:45:00,"To be clear, Security alert fired after suspicious admin logins. The issue started last Thursday. Looking forward to a fix.",InsightAnalytics,Engineering,Survey,Hyderabad,Partner,2,open,negative,anger,Security,Complaint,critical,5
FB-10784,CU-4013,2026-03-22T21:57:00,"For the record, I am angry that the ticket was closed without a resolution. We have seen this twice already. Thanks.",InsightMobile,Customer Support,Call Center,Surat,Enterprise,1,in_progress,negative,anger,Customer Support,Bug Report,critical,3
FB-11562,CU-9292,2026-03-22T20:44:00,Duplicate invoices were sent to finance after renewal. This is impacting customers in Kolkata. Sharing this from the field.,InsightPay,Customer Support,Website,Bangalore,Enterprise,2,resolved,negative,anger,Payment,Complaint,high,4
FB-10719,CU-2383,2026-03-22T20:19:00,The InsightPay rollout is scheduled for next Monday in Pune. This is impacting customers in Dubai. Please advise.,InsightCRM,Finance,Chat,Chennai,Enterprise,3,closed,neutral,neutral,Delivery,Information,low,1
FB-11674,CU-4101,2026-03-22T19:15:00,Quick update: The interface redesign is intuitive and reduced training time. This happened after the latest update. Please advise.,InsightChat,Sales,Survey,London,Partner,4,in_progress,negative,frustration,UX/UI,Complaint,high,2
FB-10832,CU-9176,2026-03-22T16:21:00,"To be clear, Delivery to Dubai was earlier than the estimated date. I am following up because there was no response. Please advise.",InsightSecure,Operations,Chat,Dubai,Consumer,4,resolved,positive,satisfaction,Customer Support,Praise,low,1
FB-11815,CU-4135,2026-03-22T11:58:00,"To be clear, Noting that the internal survey was completed by HR. I attached screenshots in the original ticket.",InsightCloud,Customer Support,Internal,Kolkata,Startup,3,resolved,neutral,neutral,Other,Praise,low,1
FB-10021,CU-9379,2026-03-22T11:46:00,"To be clear, Chat support was knowledgeable and patient. Please treat this as high priority. Please advise.",InsightSecure,Customer Support,Mobile App,Pune,Partner,4,open,neutral,satisfaction,Customer Support,Suggestion,low,1
FB-11064,CU-5437,2026-03-22T11:36:00,"For the record, InsightSecure audit logs are exactly what compliance needed. I am following up because there was no response. Please advise.",InsightPortal,HR,Chat,Pune,Internal,4,in_progress,neutral,neutral,Customer Support,Praise,low,1
FB-11222,CU-9633,2026-03-22T02:37:00,"For the record, It would help to have saved filters on the explorer table. The team mentioned InsightPortal in the weekly review. Please advise.",InsightPay,Operations,Social Media,Mumbai,SMB,3,in_progress,neutral,neutral,Other,Suggestion,low,1
FB-10934,CU-5781,2026-03-21T23:38:00,"For the record, How do I export department analytics for last quarter? I attached screenshots in the original ticket. Logged by the duty manager.",InsightAnalytics,Customer Support,Email,Bangalore,Partner,4,open,neutral,neutral,Customer Support,Question,low,1
FB-10184,CU-1877,2026-03-21T20:10:00,"To be clear, I am angry that the ticket was closed without a resolution. Please treat this as high priority. Sharing this from the field.",InsightChat,Customer Support,Mobile App,Hyderabad,SMB,1,closed,neutral,neutral,Customer Support,Praise,medium,2
FB-11391,CU-6990,2026-03-21T14:22:00,"To be clear, Refund was issued quickly and with a clear explanation. This happened after the latest update. Logged by the duty manager.",InsightChat,Operations,Survey,Singapore,Partner,5,open,negative,satisfaction,Payment,Complaint,high,3
FB-11370,CU-1893,2026-03-21T13:12:00,I am angry that the ticket was closed without a resolution. Our enterprise account is affected. Thanks.,InsightAnalytics,Customer Support,Survey,Delhi,Consumer,2,resolved,negative,frustration,Customer Support,Request,medium,2
FB-11351,CU-5913,2026-03-21T12:01:00,"For the record, Need access for two additional analysts this week. A workaround exists but it is not acceptable long term. Please advise.",InsightPortal,Operations,Social Media,Singapore,Consumer,3,resolved,neutral,neutral,Customer Support,Request,low,1
FB-10071,CU-4770,2026-03-21T05:08:00,"Hi, Billing error created an unauthorized charge on our card. We have seen this twice already.",InsightChat,Sales,Survey,Surat,Consumer,2,resolved,negative,anger,Technical Issue,Bug Report,critical,5
FB-10070,CU-6053,2026-03-21T03:18:00,"Hi, Mobile users report they cannot complete signup on InsightChat. I am following up because there was no response. Thanks.",InsightPortal,Sales,Website,Delhi,Consumer,2,closed,negative,frustration,Technical Issue,Bug Report,critical,4
FB-11813,CU-4241,2026-03-21T01:50:00,"Hi, Mobile users report they cannot complete signup on InsightCRM. The team mentioned InsightSecure in the weekly review. Logged by the duty manager.",InsightPay,Sales,Internal,Surat,Consumer,2,open,negative,frustration,Product,Bug Report,critical,3
FB-10156,CU-4496,2026-03-20T20:05:00,"For the record, I am frustrated that the InsightSecure app crashes during payment. We have seen this twice already. Please advise.",InsightCloud,Engineering,Internal,Surat,SMB,1,in_progress,neutral,anger,Technical Issue,Bug Report,high,4
FB-11977,CU-7855,2026-03-20T13:30:00,Mobile users report they cannot complete signup on InsightSecure. The team mentioned InsightPay in the weekly review.,InsightCloud,Sales,Social Media,Bangalore,SMB,2,closed,negative,frustration,Product,Bug Report,critical,3
FB-11192,CU-3093,2026-03-20T13:01:00,"To be clear, We are happy with the reliability of InsightChat this quarter. This happened after the latest update. Thanks.",InsightPay,Customer Support,Call Center,Kolkata,SMB,4,in_progress,positive,joy,Product,Praise,low,1
FB-10145,CU-5560,2026-03-20T12:00:00,"For the record, I am angry that the ticket was closed without a resolution. This is impacting customers in Ahmedabad. Sharing this from the field.",InsightCRM,Customer Support,Mobile App,Jaipur,Enterprise,2,resolved,negative,satisfaction,Customer Support,Complaint,high,2
FB-11253,CU-7368,2026-03-20T10:50:00,Quick update: Authentication failures are blocking our entire sales team. Our enterprise account is affected. Thanks.,InsightCRM,Sales,Social Media,Chennai,Partner,2,resolved,negative,frustration,Account,Request,high,2
FB-12007,CU-3200,2026-03-20T10:06:00,Quick update: We are happy with the reliability of InsightCRM this quarter. This is impacting customers in London. Thanks.,InsightCloud,Product,Website,Bangalore,SMB,5,resolved,positive,joy,Product,Praise,low,1
FB-11568,CU-5006,2026-03-20T08:39:00,"Hello team, Search is too slow to be usable during business hours. Please treat this as high priority. Please advise.",InsightMobile,Sales,Survey,London,Partner,1,in_progress,neutral,neutral,Performance,Suggestion,medium,2
FB-12135,CU-4266,2026-03-20T07:28:00,"To be clear, Sales team prepared a thoughtful demo for our executives. We have seen this twice already. Sharing this from the field.",InsightMobile,Customer Support,Internal,Delhi,Startup,5,resolved,positive,anger,Technical Issue,Praise,low,1
FB-11200,CU-5710,2026-03-20T07:19:00,"Hello team, I am delighted with the quality of the latest InsightCRM release. A workaround exists but it is not acceptable long term. Looking forward to a fix.",InsightCRM,Product,Email,New York,Enterprise,4,in_progress,positive,joy,Product,Praise,low,1
FB-10090,CU-8325,2026-03-20T05:44:00,"Hi, Authentication failures are blocking our entire sales team. Please treat this as high priority. Please advise.",InsightPortal,Product,Website,New York,Startup,2,resolved,negative,neutral,Technical Issue,Bug Report,medium,3
FB-10522,CU-8185,2026-03-20T05:34:00,Quick update: We are happy with the reliability of InsightPortal this quarter. We have seen this twice already. Looking forward to a fix.,InsightAnalytics,Customer Support,Internal,Mumbai,SMB,5,open,positive,joy,Product,Praise,low,1
FB-10988,CU-6118,2026-03-20T00:17:00,"To be clear, Noting that the internal survey was completed by HR. Our enterprise account is affected. Thanks.",InsightPortal,Sales,Email,Surat,Consumer,3,open,neutral,neutral,Other,Request,low,1
FB-10575,CU-6222,2026-03-19T19:47:00,"Hello team, Documentation update saved our engineering team hours. I am following up because there was no response. Logged by the duty manager.",InsightAnalytics,HR,Mobile App,Jaipur,Consumer,5,in_progress,positive,joy,Product,Praise,low,1
FB-11831,CU-6773,2026-03-19T18:20:00,"Hi, Loved the new InsightCloud dashboard, it is clean and fast. I am following up because there was no response.",InsightAnalytics,Product,Website,Dubai,Consumer,5,open,positive,satisfaction,UX/UI,Praise,low,1
FB-11930,CU-9600,2026-03-19T14:47:00,Consider adding a weekly digest for managers. Our enterprise account is affected.,InsightAnalytics,HR,Chat,London,Consumer,3,open,neutral,frustration,Account,Suggestion,low,1
FB-11530,CU-4281,2026-03-19T11:15:00,"Hello team, The latest release introduced a severe performance regression. Our enterprise account is affected. Sharing this from the field.",InsightSecure,Operations,Email,Pune,Consumer,2,closed,neutral,disappointment,Account,Request,medium,2
FB-11433,CU-7055,2026-03-19T10:28:00,"For the record, Can you schedule a training session for the operations team? The issue started last Thursday. Sharing this from the field.",InsightMobile,Sales,Call Center,Hyderabad,SMB,4,closed,neutral,neutral,Customer Support,Request,low,1
FB-11490,CU-5863,2026-03-19T06:46:00,"Hi, We are happy with the reliability of InsightAnalytics this quarter. This is impacting customers in Bangalore. Looking forward to a fix.",InsightCRM,Customer Support,Mobile App,Surat,Consumer,5,in_progress,positive,joy,Product,Praise,low,1
FB-10375,CU-2848,2026-03-19T06:32:00,"For the record, Is there a sandbox for InsightPay chargebacks? I am following up because there was no response.",InsightCRM,Engineering,Survey,Surat,Consumer,3,open,positive,satisfaction,Documentation,Praise,low,2
FB-10977,CU-1408,2026-03-19T03:19:00,Sales team prepared a thoughtful demo for our executives. We have seen this twice already.,InsightSecure,Finance,Mobile App,Singapore,Enterprise,5,open,negative,anger,Technical Issue,Bug Report,medium,2
FB-11449,CU-3791,2026-03-19T02:15:00,"For the record, Delivery to Jaipur was earlier than the estimated date. The issue started last Thursday. Thanks.",InsightChat,Operations,Website,Kolkata,Enterprise,5,open,negative,satisfaction,Delivery,Praise,low,1
FB-10578,CU-6244,2026-03-18T21:48:00,"To be clear, Sales team prepared a thoughtful demo for our executives. A workaround exists but it is not acceptable long term. Logged by the duty manager.",InsightChat,Product,Call Center,Delhi,Enterprise,4,resolved,positive,satisfaction,UX/UI,Praise,low,1
FB-12103,CU-3961,2026-03-18T20:51:00,Response time from customer support is getting worse every week. I attached screenshots in the original ticket. Sharing this from the field.,InsightChat,Customer Support,Website,London,Partner,1,closed,neutral,frustration,Customer Support,Request,medium,2
FB-10915,CU-5856,2026-03-18T19:36:00,"To be clear, I am delighted with the quality of the latest InsightAnalytics release. We have seen this twice already. Logged by the duty manager.",InsightChat,HR,Internal,Surat,Partner,5,open,positive,joy,Product,Praise,low,1
FB-11325,CU-8366,2026-03-18T10:22:00,Quick update: Call center agents read from a script and did not understand the issue. We have seen this twice already. Looking forward to a fix.,InsightSecure,Finance,Chat,Bangalore,Startup,1,in_progress,negative,anger,Customer Support,Complaint,critical,3
FB-11752,CU-1393,2026-03-18T08:02:00,"To be clear, Documentation update saved our engineering team hours. I am following up because there was no response. Sharing this from the field.",InsightPortal,Engineering,Survey,Delhi,Enterprise,5,open,positive,joy,Product,Praise,low,1
FB-11093,CU-4580,2026-03-18T04:38:00,"Hello team, The courier missed the delivery window three times in Bangalore. This happened after the latest update.",InsightPortal,Operations,Social Media,Surat,SMB,2,open,negative,frustration,Customer Support,Complaint,critical,3
FB-11794,CU-4683,2026-03-17T22:45:00,Feature request: webhook retries with exponential backoff. The issue started last Thursday. Sharing this from the field.,InsightChat,HR,Email,Ahmedabad,Consumer,4,resolved,negative,neutral,Customer Support,Request,low,1
FB-10307,CU-4478,2026-03-17T13:02:00,"For the record, Authentication failures are blocking our entire sales team. Please treat this as high priority.",InsightSecure,Product,Website,London,SMB,2,resolved,negative,neutral,Technical Issue,Bug Report,medium,3
FB-11372,CU-7053,2026-03-17T09:06:00,"For the record, Security alert fired after suspicious admin logins. I attached screenshots in the original ticket. Sharing this from the field.",InsightAnalytics,Customer Support,Call Center,Delhi,Consumer,2,resolved,neutral,anger,Security,Complaint,high,3
FB-10787,CU-4824,2026-03-17T07:13:00,Quick update: Great improvement in mobile performance this month. We have seen this twice already.,InsightSecure,Finance,Survey,London,Consumer,4,resolved,negative,anger,Technical Issue,Bug Report,medium,2
FB-10718,CU-9305,2026-03-17T06:13:00,"For the record, We cannot login to InsightCloud since the last update. The issue started last Thursday. Sharing this from the field.",InsightCloud,Engineering,Survey,Chennai,Startup,2,in_progress,negative,frustration,Technical Issue,Bug Report,critical,4
FB-12117,CU-7085,2026-03-17T06:11:00,The latest release introduced a severe performance regression. This is impacting customers in Dubai. Thanks.,InsightMobile,Product,Mobile App,Kolkata,SMB,2,open,negative,disappointment,Product,Complaint,critical,3
FB-11293,CU-8674,2026-03-17T04:12:00,"Hello team, I am angry that the ticket was closed without a resolution. This is impacting customers in Dubai. Logged by the duty manager.",InsightPay,Customer Support,Social Media,Bangalore,Enterprise,2,in_progress,negative,neutral,Customer Support,Praise,medium,2
FB-12086,CU-7377,2026-03-17T00:27:00,The interface redesign is intuitive and reduced training time. Our enterprise account is affected. Logged by the duty manager.,InsightChat,Finance,Mobile App,New York,Enterprise,4,open,negative,joy,Account,Request,medium,1
FB-10747,CU-3938,2026-03-16T23:10:00,Chat support was knowledgeable and patient. This happened after the latest update.,InsightCRM,Customer Support,Email,Ahmedabad,Internal,5,closed,negative,satisfaction,Customer Support,Complaint,medium,2
FB-10106,CU-2020,2026-03-16T16:49:00,Quick update: Appreciate the proactive outage communication. This happened after the latest update. Thanks.,InsightPortal,HR,Email,Kolkata,SMB,5,in_progress,negative,disappointment,Technical Issue,Complaint,critical,5
FB-11836,CU-7485,2026-03-16T15:41:00,Quick update: InsightSecure audit logs are exactly what compliance needed. I am following up because there was no response. Sharing this from the field.,InsightPay,Customer Support,Survey,Pune,SMB,5,resolved,negative,satisfaction,Customer Support,Praise,low,1
FB-10253,CU-5314,2026-03-16T11:33:00,"Hello team, Feature request: webhook retries with exponential backoff. Please treat this as high priority. Logged by the duty manager.",InsightPay,Finance,Call Center,Bangalore,Enterprise,3,in_progress,neutral,neutral,Customer Support,Suggestion,low,1
FB-10876,CU-3365,2026-03-16T03:21:00,"Hello team, Billing error created an unauthorized charge on our card. I am following up because there was no response. Logged by the duty manager.",InsightCRM,Engineering,Email,New York,Internal,1,resolved,neutral,anger,Other,Praise,critical,5
FB-11329,CU-6452,2026-03-16T01:11:00,"Hi, It would help to have saved filters on the explorer table. I am following up because there was no response. Thanks.",InsightPay,HR,Website,Kolkata,Partner,4,resolved,neutral,neutral,Other,Suggestion,low,1
FB-11464,CU-5125,2026-03-15T19:35:00,"To be clear, Feature request: webhook retries with exponential backoff. The team mentioned InsightPay in the weekly review. Please advise.",InsightCRM,Finance,Social Media,Delhi,Internal,3,in_progress,positive,neutral,Product,Praise,low,1
FB-10783,CU-7606,2026-03-15T14:56:00,"To be clear, Authentication failures are blocking our entire sales team. A workaround exists but it is not acceptable long term. Thanks.",InsightPortal,Product,Internal,Dubai,Consumer,2,in_progress,negative,joy,UX/UI,Praise,medium,2
FB-11593,CU-6345,2026-03-15T11:28:00,"For the record, Can you schedule a training session for the operations team? A workaround exists but it is not acceptable long term. Sharing this from the field.",InsightCRM,HR,Mobile App,Chennai,Startup,3,open,neutral,neutral,Customer Support,Request,low,1
FB-11901,CU-2522,2026-03-15T07:28:00,"For the record, Payment reconciliation finally works without manual edits. The team mentioned InsightCRM in the weekly review. Thanks.",InsightSecure,Sales,Internal,Chennai,Startup,5,open,positive,neutral,Product,Praise,low,2
FB-11394,CU-6753,2026-03-15T05:12:00,"Hello team, Sales team prepared a thoughtful demo for our executives. Our enterprise account is affected. Sharing this from the field.",InsightCloud,Customer Support,Email,Mumbai,SMB,4,open,neutral,joy,Account,Request,low,1
FB-10395,CU-9055,2026-03-15T01:17:00,"Hello team, Sharing an FYI that finance will review invoices tomorrow. The issue started last Thursday. Looking forward to a fix.",InsightCloud,HR,Internal,New York,Consumer,3,closed,neutral,neutral,Other,Information,low,2
FB-10114,CU-2923,2026-03-14T21:32:00,"For the record, Search is too slow to be usable during business hours. I attached screenshots in the original ticket.",InsightAnalytics,Customer Support,Social Media,Hyderabad,Partner,1,open,positive,joy,Performance,Praise,low,2
FB-11769,CU-5023,2026-03-14T19:55:00,We may add twenty more seats if the trial goes well. This is impacting customers in Ahmedabad. Please advise.,InsightChat,Engineering,Email,Singapore,SMB,4,open,neutral,neutral,Customer Support,Suggestion,low,1
FB-10023,CU-5700,2026-03-14T17:53:00,"For the record, Sales team prepared a thoughtful demo for our executives. This is impacting customers in London. Thanks.",InsightPay,Product,Call Center,Pune,Partner,5,resolved,neutral,satisfaction,Product,Praise,low,1
FB-11622,CU-6996,2026-03-14T12:44:00,"Quick update: Loved the new InsightCloud dashboard, it is clean and fast. I attached screenshots in the original ticket. Looking forward to a fix.",InsightMobile,Customer Support,Social Media,Jaipur,SMB,4,closed,positive,satisfaction,UX/UI,Praise,low,1
FB-11392,CU-1130,2026-03-14T11:01:00,Quick update: We cannot login to InsightPortal since the last update. Please treat this as high priority. Looking forward to a fix.,InsightAnalytics,Engineering,Internal,Ahmedabad,Internal,2,open,negative,frustration,Technical Issue,Bug Report,critical,4
FB-10739,CU-4050,2026-03-14T10:39:00,"Hi, Can you schedule a training session for the operations team? A workaround exists but it is not acceptable long term.",InsightPortal,Finance,Chat,Delhi,Startup,3,resolved,neutral,neutral,Customer Support,Request,low,1
FB-11336,CU-2416,2026-03-14T05:53:00,Quick update: Documentation is outdated and caused a production misconfiguration. A workaround exists but it is not acceptable long term. Thanks.,InsightCRM,Finance,Survey,Surat,Partner,2,closed,neutral,frustration,UX/UI,Suggestion,medium,2
FB-11020,CU-1252,2026-03-14T05:24:00,"To be clear, Sales team prepared a thoughtful demo for our executives. A workaround exists but it is not acceptable long term. Logged by the duty manager.",InsightPortal,HR,Call Center,Kolkata,Consumer,5,in_progress,positive,satisfaction,UX/UI,Praise,low,1
FB-11063,CU-8649,2026-03-14T00:23:00,"For the record, Billing error created an unauthorized charge on our card. The issue started last Thursday. Please advise.",InsightAnalytics,Product,Chat,New York,Partner,2,resolved,neutral,anger,Security,Suggestion,critical,5
FB-11563,CU-6346,2026-03-13T23:31:00,"For the record, Authentication failures are blocking our entire sales team. I attached screenshots in the original ticket. Thanks.",InsightCloud,Customer Support,Social Media,Bangalore,Consumer,2,closed,negative,joy,Product,Bug Report,medium,2
FB-10478,CU-4485,2026-03-13T20:20:00,Call center agents read from a script and did not understand the issue. Please treat this as high priority. Please advise.,InsightPay,Engineering,Internal,Delhi,Enterprise,1,resolved,negative,anger,Customer Support,Request,high,2
FB-10532,CU-1058,2026-03-13T19:17:00,Quick update: We may add twenty more seats if the trial goes well. A workaround exists but it is not acceptable long term. Sharing this from the field.,InsightCRM,Operations,Email,Jaipur,SMB,4,in_progress,neutral,anger,Customer Support,Suggestion,low,1
FB-10039,CU-3444,2026-03-13T15:04:00,Authentication failures are blocking our entire sales team. The team mentioned InsightSecure in the weekly review. Please advise.,InsightPay,Operations,Social Media,Surat,SMB,1,open,positive,joy,Product,Praise,low,2
FB-12074,CU-6543,2026-03-13T14:28:00,"Hi, Refund was issued quickly and with a clear explanation. Please treat this as high priority. Logged by the duty manager.",InsightChat,Customer Support,Email,Bangalore,Partner,5,in_progress,positive,satisfaction,Payment,Suggestion,low,2
FB-10248,CU-7375,2026-03-13T10:51:00,"For the record, It would help to have saved filters on the explorer table. Please treat this as high priority. Thanks.",InsightPay,Operations,Website,Singapore,Enterprise,3,resolved,neutral,neutral,Other,Suggestion,low,1
FB-10946,CU-8014,2026-03-13T05:56:00,"Hello team, The current plan is acceptable but we will compare alternatives. Our enterprise account is affected. Sharing this from the field.",InsightMobile,Product,Chat,Ahmedabad,Startup,4,resolved,neutral,disappointment,Account,Information,low,1
FB-10647,CU-2391,2026-03-13T04:52:00,"Hi, Authentication failures are blocking our entire sales team. The issue started last Thursday. Logged by the duty manager.",InsightAnalytics,HR,Mobile App,Surat,Partner,2,resolved,negative,frustration,Product,Bug Report,critical,3
FB-11914,CU-6566,2026-03-13T02:57:00,Quick update: I am frustrated that the InsightMobile app crashes during payment. This is impacting customers in Hyderabad.,InsightChat,Engineering,Website,Pune,SMB,1,open,negative,frustration,Technical Issue,Bug Report,critical,5
FB-11693,CU-5527,2026-03-13T01:14:00,"For the record, Can you schedule a training session for the operations team? We have seen this twice already. Sharing this from the field.",InsightCloud,Engineering,Website,Delhi,Enterprise,4,open,neutral,neutral,Customer Support,Request,low,1
FB-10308,CU-3877,2026-03-12T23:36:00,I am frustrated that the InsightAnalytics app crashes during payment. A workaround exists but it is not acceptable long term.,InsightPay,Engineering,Call Center,Hyderabad,Startup,2,closed,negative,neutral,UX/UI,Information,high,4
FB-11322,CU-9411,2026-03-12T22:29:00,"Hi, How do I export department analytics for last quarter? I am following up because there was no response. Thanks.",InsightPortal,Customer Support,Email,Mumbai,SMB,3,in_progress,neutral,confusion,Customer Support,Question,low,1
FB-10803,CU-9149,2026-03-12T21:24:00,"For the record, We are happy with the reliability of InsightAnalytics this quarter. This happened after the latest update. Logged by the duty manager.",InsightPay,Customer Support,Chat,Dubai,Consumer,4,in_progress,negative,joy,Product,Praise,low,1
FB-10401,CU-7935,2026-03-12T21:13:00,Mobile users report they cannot complete signup on InsightCRM. I am following up because there was no response. Looking forward to a fix.,InsightChat,Finance,Social Media,Surat,Enterprise,2,in_progress,negative,frustration,Technical Issue,Bug Report,critical,4
FB-11491,CU-7810,2026-03-12T17:47:00,"Hi, Authentication failures are blocking our entire sales team. Please treat this as high priority. Sharing this from the field.",InsightChat,Operations,Social Media,Chennai,Enterprise,2,resolved,negative,neutral,Technical Issue,Bug Report,high,3
FB-12192,CU-8869,2026-03-12T15:29:00,We cannot login to InsightSecure since the last update. This happened after the latest update. Thanks.,InsightSecure,Engineering,Website,Chennai,Enterprise,2,closed,negative,frustration,Technical Issue,Bug Report,critical,4
FB-11832,CU-9951,2026-03-12T13:38:00,"Hello team, Chat support was knowledgeable and patient. A workaround exists but it is not acceptable long term. Logged by the duty manager.",InsightCRM,Customer Support,Survey,Jaipur,Internal,5,open,neutral,satisfaction,Customer Support,Praise,low,1
FB-11097,CU-4650,2026-03-12T12:14:00,"Hi, Search is too slow to be usable during business hours. Our enterprise account is affected. Thanks.",InsightCloud,Customer Support,Survey,Ahmedabad,SMB,2,open,negative,joy,Account,Request,medium,2
FB-10117,CU-4570,2026-03-12T08:52:00,Quick update: Sales team prepared a thoughtful demo for our executives. I am following up because there was no response. Logged by the duty manager.,InsightPay,Finance,Mobile App,Ahmedabad,Consumer,5,open,positive,joy,Service,Praise,low,1
FB-12101,CU-2248,2026-03-12T07:13:00,Package for InsightChat arrived damaged in New York. We have seen this twice already. Sharing this from the field.,InsightAnalytics,Engineering,Mobile App,Kolkata,Partner,1,in_progress,negative,anger,Technical Issue,Bug Report,critical,4
FB-10841,CU-8193,2026-03-12T07:09:00,"To be clear, Billing error created an unauthorized charge on our card. This is impacting customers in Chennai. Logged by the duty manager.",InsightPay,Operations,Social Media,Chennai,Consumer,2,in_progress,neutral,anger,Payment,Praise,high,4
FB-11220,CU-1942,2026-03-11T18:43:00,"For the record, It would help to have saved filters on the explorer table. This happened after the latest update.",InsightCRM,Operations,Survey,Singapore,Startup,4,resolved,neutral,neutral,Technical Issue,Suggestion,low,1
FB-10162,CU-8167,2026-03-11T18:40:00,"To be clear, Sales team prepared a thoughtful demo for our executives. Please treat this as high priority. Thanks.",InsightCloud,Product,Call Center,Ahmedabad,SMB,4,open,positive,neutral,Product,Praise,low,1
FB-10508,CU-9501,2026-03-11T17:52:00,"To be clear, Payment reconciliation finally works without manual edits. I attached screenshots in the original ticket. Thanks.",InsightPortal,Customer Support,Mobile App,Singapore,SMB,5,closed,positive,satisfaction,Customer Support,Praise,low,2
FB-11376,CU-8567,2026-03-11T16:41:00,"Hello team, The current plan is acceptable but we will compare alternatives. Please treat this as high priority. Logged by the duty manager.",InsightCRM,Finance,Mobile App,Ahmedabad,SMB,3,open,neutral,neutral,Performance,Suggestion,low,1
FB-11096,CU-8722,2026-03-11T06:21:00,Quick update: Support never called back after I reported a critical outage. The team mentioned InsightSecure in the weekly review. Please advise.,InsightSecure,Customer Support,Website,Kolkata,Consumer,2,closed,negative,frustration,Customer Support,Complaint,critical,4
FB-10503,CU-4196,2026-03-11T02:33:00,Quick update: Noting that the internal survey was completed by HR. A workaround exists but it is not acceptable long term. Logged by the duty manager.,InsightAnalytics,Product,Chat,Surat,SMB,3,open,neutral,neutral,Other,Information,low,1
FB-12089,CU-7093,2026-03-11T02:16:00,"Hello team, Where can I find the data retention policy? A workaround exists but it is not acceptable long term.",InsightAnalytics,Operations,Website,Dubai,Consumer,3,resolved,neutral,confusion,Other,Question,low,1
FB-10392,CU-4571,2026-03-10T23:47:00,Noting that the internal survey was completed by HR. Please treat this as high priority. Please advise.,InsightCRM,Engineering,Email,Surat,SMB,4,open,neutral,neutral,Other,Bug Report,low,1
FB-11042,CU-1722,2026-03-10T22:28:00,Quick update: Refund was issued quickly and with a clear explanation. This happened after the latest update. Sharing this from the field.,InsightPortal,Product,Call Center,Chennai,Partner,4,open,negative,satisfaction,Customer Support,Complaint,high,2
FB-10460,CU-9501,2026-03-10T20:48:00,"For the record, Where can I find the data retention policy? Please treat this as high priority. Sharing this from the field.",InsightSecure,Engineering,Internal,Mumbai,Startup,3,resolved,neutral,confusion,Other,Question,low,1
FB-10814,CU-2927,2026-03-10T17:41:00,"Hello team, The current plan is acceptable but we will compare alternatives. The team mentioned InsightCloud in the weekly review. Looking forward to a fix.",InsightPay,Product,Internal,Mumbai,Consumer,4,open,neutral,joy,Product,Information,low,1
FB-11018,CU-1213,2026-03-10T13:17:00,"For the record, Refund for a failed InsightChat payment is still pending. Please treat this as high priority.",InsightCloud,Customer Support,Chat,Hyderabad,Startup,2,resolved,negative,anger,Payment,Suggestion,critical,5
FB-10877,CU-9010,2026-03-10T11:12:00,"For the record, Can you schedule a training session for the operations team? A workaround exists but it is not acceptable long term. Thanks.",InsightCRM,Engineering,Social Media,Pune,Enterprise,3,open,neutral,neutral,Customer Support,Request,low,1
FB-10029,CU-3704,2026-03-10T10:42:00,"Hello team, I am angry that the ticket was closed without a resolution. A workaround exists but it is not acceptable long term. Please advise.",InsightChat,Customer Support,Internal,Mumbai,Partner,1,in_progress,neutral,neutral,Customer Support,Information,medium,2
FB-10335,CU-5336,2026-03-10T10:03:00,"Hello team, Mobile users report they cannot complete signup on InsightAnalytics. This is impacting customers in Bangalore.",InsightAnalytics,HR,Email,Chennai,Enterprise,2,in_progress,negative,frustration,Technical Issue,Bug Report,critical,4
FB-11499,CU-2974,2026-03-10T07:51:00,"Hello team, Delivery was extremely late and customer support did not respond. This is impacting customers in Hyderabad. Logged by the duty manager.",InsightCRM,Operations,Call Center,Surat,Consumer,1,resolved,negative,frustration,Customer Support,Complaint,critical,3
FB-10123,CU-2295,2026-03-10T07:16:00,Quick update: Sharing an FYI that finance will review invoices tomorrow. The team mentioned InsightPay in the weekly review. Looking forward to a fix.,InsightCRM,Product,Internal,Dubai,Startup,4,open,neutral,neutral,Product,Information,low,2
FB-10789,CU-3344,2026-03-10T06:50:00,"To be clear, Delivery to Surat was earlier than the estimated date. A workaround exists but it is not acceptable long term. Logged by the duty manager.",InsightAnalytics,Operations,Survey,Dubai,Enterprise,5,in_progress,positive,satisfaction,Performance,Praise,low,1
FB-10865,CU-1298,2026-03-10T06:34:00,Feature request: webhook retries with exponential backoff. I am following up because there was no response. Please advise.,InsightAnalytics,Finance,Mobile App,Surat,SMB,3,open,neutral,neutral,Customer Support,Request,low,1
FB-11996,CU-5433,2026-03-10T03:29:00,"Hello team, Package for InsightAnalytics arrived damaged in Ahmedabad. We have seen this twice already. Looking forward to a fix.",InsightChat,HR,Website,Singapore,Internal,2,open,negative,anger,Technical Issue,Bug Report,high,3
FB-11036,CU-1389,2026-03-10T01:43:00,"Hi, Sales team prepared a thoughtful demo for our executives. I am following up because there was no response. Please advise.",InsightMobile,Operations,Chat,New York,Partner,5,open,positive,neutral,Service,Praise,low,1
FB-11664,CU-8477,2026-03-09T22:07:00,"For the record, Noting that the internal survey was completed by HR. I am following up because there was no response. Looking forward to a fix.",InsightPortal,Finance,Call Center,Surat,Consumer,3,open,neutral,neutral,Other,Information,low,1
FB-10945,CU-9580,2026-03-09T19:33:00,Delivery was extremely late and customer support did not respond. We have seen this twice already.,InsightCloud,Operations,Internal,Kolkata,Enterprise,2,resolved,negative,frustration,Customer Support,Complaint,critical,3
FB-10585,CU-7556,2026-03-09T14:55:00,"To be clear, Great improvement in mobile performance this month. The team mentioned InsightMobile in the weekly review.",InsightCRM,HR,Call Center,Surat,Startup,4,in_progress,positive,satisfaction,Performance,Praise,low,1
FB-10249,CU-1941,2026-03-09T12:39:00,"Hi, Refund was issued quickly and with a clear explanation. Please treat this as high priority.",InsightAnalytics,Finance,Email,London,Consumer,5,in_progress,positive,satisfaction,Payment,Suggestion,low,2
FB-12033,CU-9822,2026-03-09T04:20:00,"Hello team, Response time from customer support is getting worse every week. I attached screenshots in the original ticket. Please advise.",InsightCRM,Customer Support,Mobile App,Bangalore,Enterprise,1,open,neutral,neutral,Customer Support,Request,medium,2
FB-10165,CU-7870,2026-03-09T04:11:00,Search is too slow to be usable during business hours. A workaround exists but it is not acceptable long term. Thanks.,InsightPay,Sales,Call Center,Hyderabad,SMB,2,in_progress,neutral,joy,Performance,Suggestion,low,2
FB-12139,CU-8648,2026-03-09T03:53:00,Security alert fired after suspicious admin logins. This happened after the latest update. Please advise.,InsightSecure,Engineering,Website,Ahmedabad,Enterprise,2,open,negative,anger,Security,Complaint,critical,5
FB-10587,CU-5816,2026-03-08T23:59:00,"Hi, I am angry that the ticket was closed without a resolution. I attached screenshots in the original ticket. Please advise.",InsightChat,Customer Support,Call Center,Pune,SMB,2,in_progress,neutral,neutral,Customer Support,Complaint,medium,2
FB-11172,CU-7250,2026-03-08T16:27:00,"To be clear, Billing error created an unauthorized charge on our card. Please treat this as high priority.",InsightCloud,Finance,Call Center,Ahmedabad,Consumer,2,open,neutral,anger,Payment,Suggestion,high,4
FB-10882,CU-6320,2026-03-08T15:39:00,"To be clear, Appreciate the proactive outage communication. The issue started last Thursday. Sharing this from the field.",InsightCRM,Operations,Website,Dubai,Startup,5,open,neutral,satisfaction,Technical Issue,Praise,low,2
FB-11870,CU-5533,2026-03-08T09:47:00,"To be clear, Can you schedule a training session for the operations team? The issue started last Thursday.",InsightPay,Finance,Website,Chennai,SMB,3,in_progress,neutral,neutral,Customer Support,Request,low,1
FB-11455,CU-7051,2026-03-08T09:01:00,"Hello team, Refund for a failed InsightSecure payment is still pending. The team mentioned InsightPortal in the weekly review. Looking forward to a fix.",InsightCRM,Sales,Website,Hyderabad,Enterprise,2,closed,negative,anger,Product,Praise,critical,5
FB-11469,CU-1837,2026-03-08T05:51:00,"Hi, We cannot login to InsightChat since the last update. We have seen this twice already. Thanks.",InsightSecure,Engineering,Survey,Chennai,SMB,2,in_progress,negative,anger,Technical Issue,Bug Report,critical,4
FB-10762,CU-4014,2026-03-08T04:18:00,Quick update: Delivery was extremely late and customer support did not respond. Our enterprise account is affected. Thanks.,InsightCloud,Operations,Call Center,Hyderabad,Internal,2,resolved,negative,frustration,Customer Support,Complaint,critical,3
FB-10221,CU-5374,2026-03-08T04:03:00,Quick update: Need access for two additional analysts this week. A workaround exists but it is not acceptable long term.,InsightPay,Operations,Email,Bangalore,Internal,3,open,neutral,neutral,Customer Support,Request,low,1
FB-10408,CU-4933,2026-03-08T02:25:00,Appreciate the proactive outage communication. This happened after the latest update. Logged by the duty manager.,InsightAnalytics,Operations,Chat,Surat,Enterprise,4,resolved,negative,anger,Technical Issue,Complaint,critical,5
FB-10284,CU-9846,2026-03-08T01:19:00,"For the record, Documentation is outdated and caused a production misconfiguration. Please treat this as high priority. Sharing this from the field.",InsightPay,Product,Email,Hyderabad,Partner,2,resolved,neutral,neutral,Documentation,Suggestion,medium,2
FB-11525,CU-2719,2026-03-07T23:47:00,"To be clear, We may add twenty more seats if the trial goes well. Our enterprise account is affected. Please advise.",InsightCRM,Operations,Mobile App,London,SMB,4,open,neutral,neutral,Account,Request,low,1
FB-11267,CU-2866,2026-03-07T20:17:00,Quick update: Chat support was knowledgeable and patient. A workaround exists but it is not acceptable long term. Sharing this from the field.,InsightCRM,Customer Support,Survey,London,Partner,4,in_progress,neutral,satisfaction,Customer Support,Suggestion,low,1
FB-10429,CU-6371,2026-03-07T16:47:00,"For the record, Where can I find the data retention policy? Our enterprise account is affected. Sharing this from the field.",InsightCRM,Customer Support,Call Center,Dubai,Startup,3,in_progress,neutral,confusion,Other,Question,low,1
FB-11524,CU-6366,2026-03-07T15:03:00,"For the record, Duplicate invoices were sent to finance after renewal. Our enterprise account is affected. Looking forward to a fix.",InsightCRM,Engineering,Chat,Mumbai,Enterprise,2,closed,neutral,neutral,Account,Request,medium,3
FB-11355,CU-7185,2026-03-07T14:29:00,"Hello team, Chat support was knowledgeable and patient. This happened after the latest update.",InsightCloud,Customer Support,Chat,Pune,Consumer,5,closed,negative,satisfaction,Customer Support,Complaint,medium,1
FB-11274,CU-6766,2026-03-07T10:08:00,Quick update: Documentation update saved our engineering team hours. I am following up because there was no response.,InsightAnalytics,Customer Support,Survey,Delhi,Internal,4,resolved,positive,joy,Product,Praise,low,1
FB-12107,CU-7923,2026-03-07T08:01:00,"For the record, Customer support resolved our incident in twenty minutes. A workaround exists but it is not acceptable long term.",InsightChat,Customer Support,Website,Pune,Consumer,5,open,neutral,neutral,Customer Support,Request,low,1
FB-11410,CU-5600,2026-03-07T04:11:00,"To be clear, Loved the new InsightPay dashboard, it is clean and fast. This happened after the latest update. Logged by the duty manager.",InsightSecure,Engineering,Internal,Surat,Partner,5,resolved,negative,satisfaction,UX/UI,Praise,medium,1
FB-10492,CU-1486,2026-03-07T03:17:00,"For the record, Documentation is outdated and caused a production misconfiguration. I am following up because there was no response. Thanks.",InsightCloud,Product,Call Center,Chennai,Consumer,1,resolved,neutral,confusion,Documentation,Praise,medium,2
FB-10927,CU-2217,2026-03-07T03:12:00,Quick update: Response time from customer support is getting worse every week. A workaround exists but it is not acceptable long term. Looking forward to a fix.,InsightCRM,Customer Support,Social Media,Bangalore,Startup,2,in_progress,neutral,frustration,Customer Support,Request,medium,2
FB-11140,CU-3797,2026-03-06T19:14:00,"Hi, Loved the new InsightAnalytics dashboard, it is clean and fast. Our enterprise account is affected. Sharing this from the field.",InsightChat,Product,Mobile App,Dubai,SMB,5,in_progress,neutral,satisfaction,UX/UI,Request,low,1
FB-10007,CU-6310,2026-03-06T05:34:00,"For the record, The courier missed the delivery window three times in Kolkata. Please treat this as high priority. Sharing this from the field.",InsightPay,Operations,Internal,Ahmedabad,Enterprise,1,closed,negative,neutral,Customer Support,Request,medium,2
FB-11663,CU-1434,2026-03-06T05:14:00,"To be clear, Response time from customer support is getting worse every week. A workaround exists but it is not acceptable long term. Logged by the duty manager.",InsightCloud,Customer Support,Call Center,New York,SMB,2,open,neutral,neutral,Customer Support,Request,low,2
FB-10777,CU-2431,2026-03-06T02:09:00,"Hello team, The interface redesign is intuitive and reduced training time. I attached screenshots in the original ticket.",InsightCRM,Customer Support,Mobile App,Ahmedabad,Internal,4,open,positive,joy,UX/UI,Praise,low,1
FB-10842,CU-8100,2026-03-06T01:22:00,"Hello team, We are happy with the reliability of InsightCRM this quarter. We have seen this twice already. Thanks.",InsightPortal,Engineering,Mobile App,Jaipur,Startup,5,open,positive,joy,Product,Praise,low,1
FB-11187,CU-3318,2026-03-05T22:16:00,We may add twenty more seats if the trial goes well. Please treat this as high priority. Logged by the duty manager.,InsightSecure,Sales,Social Media,Mumbai,Enterprise,4,open,neutral,neutral,Customer Support,Suggestion,low,1
FB-10430,CU-9502,2026-03-05T21:33:00,"Hello team, Documentation is outdated and caused a production misconfiguration. Please treat this as high priority. Looking forward to a fix.",InsightChat,Sales,Chat,Dubai,Startup,1,in_progress,neutral,confusion,Documentation,Suggestion,medium,2
FB-11340,CU-7635,2026-03-05T16:38:00,"To be clear, Customer support resolved our incident in twenty minutes. Please treat this as high priority.",InsightChat,Customer Support,Call Center,Kolkata,Startup,5,in_progress,neutral,neutral,Customer Support,Request,low,1
FB-11804,CU-3577,2026-03-05T15:42:00,"Hi, We are happy with the reliability of InsightChat this quarter. I attached screenshots in the original ticket. Logged by the duty manager.",InsightCRM,Customer Support,Chat,Bangalore,Enterprise,5,open,positive,joy,Product,Praise,low,1
FB-10238,CU-6918,2026-03-05T07:02:00,"Hello team, Consider adding a weekly digest for managers. The team mentioned InsightSecure in the weekly review. Looking forward to a fix.",InsightCRM,Sales,Chat,Chennai,Consumer,3,closed,positive,joy,Product,Suggestion,low,1
FB-10444,CU-1324,2026-03-05T06:28:00,"Hello team, Feature request: webhook retries with exponential backoff. This is impacting customers in Pune. Logged by the duty manager.",InsightPay,Operations,Social Media,London,Internal,3,open,negative,neutral,Customer Support,Praise,low,1
FB-10360,CU-6192,2026-03-05T05:13:00,"Hi, The interface redesign is intuitive and reduced training time. The issue started last Thursday. Sharing this from the field.",InsightPay,Finance,Survey,Mumbai,Startup,4,in_progress,negative,frustration,UX/UI,Praise,medium,1
FB-12020,CU-8612,2026-03-04T21:17:00,"Hi, Package for InsightPay arrived damaged in Bangalore. Our enterprise account is affected. Looking forward to a fix.",InsightCloud,Finance,Chat,Pune,Enterprise,1,open,negative,frustration,Account,Request,high,2
FB-11949,CU-9887,2026-03-04T19:19:00,"To be clear, The InsightAnalytics checkout failed and I was still charged. Our enterprise account is affected. Sharing this from the field.",InsightCloud,Finance,Email,Chennai,SMB,2,closed,negative,anger,Account,Request,high,4
FB-11049,CU-2836,2026-03-04T18:06:00,"To be clear, Need access for two additional analysts this week. I attached screenshots in the original ticket. Looking forward to a fix.",InsightChat,Customer Support,Chat,Delhi,Partner,3,open,neutral,neutral,Customer Support,Request,low,1
FB-12081,CU-6021,2026-03-04T11:51:00,Quick update: Price increase was communicated poorly and feels unjustified. The issue started last Thursday.,InsightCloud,Finance,Call Center,Bangalore,Startup,2,closed,negative,disappointment,Customer Support,Complaint,high,3
FB-11440,CU-7223,2026-03-04T04:10:00,"Hi, Duplicate invoices were sent to finance after renewal. The issue started last Thursday.",InsightAnalytics,Operations,Survey,Delhi,Consumer,2,resolved,negative,frustration,Product,Complaint,high,3
FB-12046,CU-7334,2026-03-04T03:50:00,Quick update: Need access for two additional analysts this week. Please treat this as high priority. Thanks.,InsightPortal,Engineering,Survey,New York,Partner,3,open,negative,neutral,Customer Support,Request,medium,1
FB-10394,CU-8248,2026-03-03T21:07:00,"To be clear, Duplicate invoices were sent to finance after renewal. This happened after the latest update. Looking forward to a fix.",InsightCRM,HR,Chat,Ahmedabad,Consumer,2,closed,negative,satisfaction,Product,Complaint,high,3
FB-10257,CU-9987,2026-03-03T19:55:00,"Hello team, Customer support resolved our incident in twenty minutes. This happened after the latest update. Looking forward to a fix.",InsightAnalytics,Customer Support,Social Media,Delhi,Startup,5,in_progress,negative,anger,Customer Support,Complaint,medium,1
FB-11504,CU-5547,2026-03-03T18:34:00,"To be clear, Appreciate the proactive outage communication. I am following up because there was no response. Looking forward to a fix.",InsightPortal,Operations,Website,Kolkata,Internal,5,resolved,positive,satisfaction,Product,Praise,low,2
FB-10102,CU-9261,2026-03-03T17:18:00,Quick update: Need access for two additional analysts this week. This is impacting customers in Ahmedabad.,InsightCloud,Engineering,Internal,Singapore,Partner,4,open,negative,neutral,Customer Support,Request,medium,1
FB-10799,CU-5134,2026-03-03T14:03:00,"For the record, Is there a sandbox for InsightPay chargebacks? I am following up because there was no response. Logged by the duty manager.",InsightCRM,Sales,Call Center,Kolkata,Enterprise,4,open,positive,neutral,Customer Support,Praise,low,2
FB-10849,CU-6426,2026-03-03T13:47:00,"Hello team, Package for InsightCRM arrived damaged in Dubai. The issue started last Thursday.",InsightChat,Engineering,Social Media,Surat,SMB,2,open,negative,frustration,Delivery,Complaint,high,2
FB-11246,CU-8818,2026-03-03T13:12:00,Chat support was knowledgeable and patient. We have seen this twice already. Please advise.,InsightMobile,Customer Support,Social Media,London,Enterprise,5,open,neutral,anger,Customer Support,Bug Report,medium,1
FB-11682,CU-9325,2026-03-03T12:15:00,"Hello team, We cannot login to InsightSecure since the last update. Our enterprise account is affected.",InsightPay,Engineering,Email,Jaipur,SMB,1,resolved,negative,frustration,Account,Request,high,2
FB-10623,CU-1202,2026-03-03T08:42:00,"To be clear, The courier missed the delivery window three times in Delhi. A workaround exists but it is not acceptable long term. Looking forward to a fix.",InsightAnalytics,Operations,Mobile App,Bangalore,Partner,2,resolved,negative,satisfaction,UX/UI,Praise,medium,2
FB-12018,CU-2783,2026-03-03T07:40:00,Package for InsightAnalytics arrived damaged in Singapore. A workaround exists but it is not acceptable long term. Please advise.,InsightCloud,Product,Internal,Mumbai,Consumer,2,open,neutral,neutral,UX/UI,Suggestion,low,2
FB-10135,CU-8286,2026-03-03T03:05:00,"For the record, I am frustrated that the InsightCloud app crashes during payment. We have seen this twice already. Thanks.",InsightPay,Engineering,Survey,Singapore,Startup,2,open,negative,anger,Technical Issue,Bug Report,critical,5
FB-10290,CU-7332,2026-03-03T03:01:00,Quick update: Duplicate invoices were sent to finance after renewal. The team mentioned InsightPay in the weekly review. Logged by the duty manager.,InsightAnalytics,HR,Call Center,Pune,Partner,2,closed,negative,neutral,Product,Praise,medium,3
FB-10420,CU-9248,2026-03-02T21:10:00,"To be clear, Customer support resolved our incident in twenty minutes. Our enterprise account is affected.",InsightMobile,Customer Support,Website,Singapore,Enterprise,4,open,neutral,anger,Customer Support,Request,low,1
FB-10230,CU-5937,2026-03-02T16:06:00,"For the record, Support never called back after I reported a critical outage. I am following up because there was no response. Sharing this from the field.",InsightAnalytics,Customer Support,Mobile App,Bangalore,Consumer,1,in_progress,negative,frustration,Customer Support,Complaint,critical,4
FB-11833,CU-3935,2026-03-02T14:59:00,"To be clear, Duplicate invoices were sent to finance after renewal. Our enterprise account is affected. Logged by the duty manager.",InsightPortal,Engineering,Survey,Dubai,SMB,2,resolved,neutral,neutral,Account,Request,low,3
FB-11772,CU-2873,2026-03-02T10:55:00,"Hi, Delivery to Kolkata was earlier than the estimated date. I attached screenshots in the original ticket. Sharing this from the field.",InsightCloud,Operations,Chat,Singapore,Enterprise,5,closed,positive,satisfaction,Delivery,Praise,low,1
FB-12168,CU-3717,2026-03-02T08:47:00,The onboarding specialist made InsightCRM easy to adopt. The issue started last Thursday. Please advise.,InsightCloud,Operations,Social Media,Singapore,Partner,5,open,positive,joy,Service,Praise,low,1
FB-10463,CU-5528,2026-03-02T02:18:00,Quick update: Security alert fired after suspicious admin logins. This is impacting customers in Mumbai. Thanks.,InsightCloud,Engineering,Call Center,Surat,Enterprise,1,open,negative,anger,Security,Bug Report,critical,5
FB-12097,CU-2245,2026-03-01T23:58:00,Quick update: The interface redesign is intuitive and reduced training time. I attached screenshots in the original ticket. Please advise.,InsightMobile,Customer Support,Email,Mumbai,Startup,5,closed,negative,frustration,UX/UI,Praise,low,1
FB-11131,CU-5518,2026-03-01T21:39:00,"For the record, Loved the new InsightPay dashboard, it is clean and fast. I am following up because there was no response. Logged by the duty manager.",InsightAnalytics,Engineering,Mobile App,Kolkata,SMB,5,resolved,positive,satisfaction,UX/UI,Praise,low,1
FB-10707,CU-5492,2026-03-01T20:51:00,Quick update: Refund for a failed InsightPortal payment is still pending. This is impacting customers in Singapore.,InsightMobile,Engineering,Website,Dubai,Internal,2,open,negative,anger,Payment,Complaint,critical,5
FB-11642,CU-6987,2026-03-01T13:02:00,Quick update: Feature request: webhook retries with exponential backoff. A workaround exists but it is not acceptable long term.,InsightSecure,Finance,Chat,Delhi,Startup,3,open,negative,neutral,UX/UI,Suggestion,low,1
FB-11625,CU-3765,2026-03-01T07:55:00,Quick update: The interface redesign is intuitive and reduced training time. I attached screenshots in the original ticket. Logged by the duty manager.,InsightPay,Customer Support,Email,Pune,SMB,5,resolved,negative,frustration,UX/UI,Praise,low,1
FB-10986,CU-2448,2026-03-01T07:45:00,"For the record, Documentation is outdated and caused a production misconfiguration. This is impacting customers in London.",InsightCloud,Product,Chat,Surat,Startup,2,in_progress,neutral,confusion,Documentation,Complaint,medium,2
FB-10003,CU-2169,2026-03-01T06:42:00,Quick update: Is there a sandbox for InsightPay chargebacks? Please treat this as high priority. Logged by the duty manager.,InsightAnalytics,Finance,Email,Kolkata,Internal,3,open,negative,neutral,Technical Issue,Bug Report,medium,3
FB-10521,CU-4236,2026-03-01T00:06:00,Delivery was extremely late and customer support did not respond. Our enterprise account is affected. Please advise.,InsightChat,Operations,Mobile App,Kolkata,Partner,2,closed,negative,frustration,Customer Support,Request,critical,3
FB-11897,CU-1547,2026-02-28T20:43:00,"To be clear, Duplicate invoices were sent to finance after renewal. Please treat this as high priority. Sharing this from the field.",InsightPay,Customer Support,Survey,Hyderabad,Partner,2,open,neutral,neutral,Product,Praise,medium,3
FB-11573,CU-5938,2026-02-28T17:01:00,"Hello team, Can you schedule a training session for the operations team? I am following up because there was no response. Thanks.",InsightSecure,Engineering,Internal,Hyderabad,Partner,3,open,positive,neutral,Customer Support,Request,low,1
FB-11643,CU-6427,2026-02-28T16:53:00,"Hello team, Average experience so far, we are still evaluating InsightPay. The team mentioned InsightCRM in the weekly review.",InsightSecure,Engineering,Call Center,Delhi,Consumer,3,resolved,positive,joy,Product,Praise,low,1
FB-10641,CU-4799,2026-02-28T15:33:00,Quick update: Appreciate the proactive outage communication. This is impacting customers in Jaipur. Logged by the duty manager.,InsightMobile,Product,Social Media,London,Consumer,5,in_progress,negative,anger,Technical Issue,Bug Report,high,3
FB-12114,CU-6657,2026-02-28T15:20:00,"For the record, The onboarding specialist made InsightAnalytics easy to adopt. The team mentioned InsightMobile in the weekly review. Logged by the duty manager.",InsightMobile,Engineering,Social Media,London,SMB,4,resolved,positive,joy,Product,Praise,low,1
FB-11429,CU-4499,2026-02-28T12:24:00,"Hi, Appreciate the proactive outage communication. Our enterprise account is affected.",InsightSecure,Customer Support,Survey,Delhi,Partner,5,resolved,neutral,frustration,Account,Request,medium,2
FB-11857,CU-5227,2026-02-28T11:47:00,"For the record, I am angry that the ticket was closed without a resolution. A workaround exists but it is not acceptable long term. Looking forward to a fix.",InsightSecure,Customer Support,Email,Surat,Partner,2,open,neutral,neutral,Customer Support,Information,medium,2
FB-11482,CU-3395,2026-02-28T09:40:00,Quick update: The onboarding specialist made InsightPay easy to adopt. This happened after the latest update. Logged by the duty manager.,InsightCloud,Sales,Call Center,Singapore,Consumer,5,in_progress,negative,joy,Technical Issue,Complaint,medium,3
FB-10333,CU-4163,2026-02-28T07:46:00,Delivery was extremely late and customer support did not respond. Please treat this as high priority. Sharing this from the field.,InsightAnalytics,Operations,Website,Ahmedabad,Partner,2,open,negative,frustration,Customer Support,Complaint,critical,3
FB-11075,CU-1802,2026-02-28T01:30:00,"Hello team, Chat support was knowledgeable and patient. I attached screenshots in the original ticket. Looking forward to a fix.",InsightChat,Customer Support,Internal,Ahmedabad,Partner,5,open,positive,satisfaction,Customer Support,Praise,low,1
FB-10668,CU-6606,2026-02-27T20:51:00,"To be clear, Consider adding a weekly digest for managers. I am following up because there was no response. Sharing this from the field.",InsightAnalytics,Operations,Social Media,Surat,Partner,4,resolved,positive,satisfaction,Customer Support,Suggestion,low,1
FB-10534,CU-2363,2026-02-27T20:38:00,"Hello team, Noting that the internal survey was completed by HR. This happened after the latest update. Sharing this from the field.",InsightSecure,Product,Social Media,New York,SMB,3,in_progress,negative,neutral,Technical Issue,Information,medium,2
FB-11428,CU-1799,2026-02-27T16:45:00,"Hi, Can you schedule a training session for the operations team? This happened after the latest update. Please advise.",InsightPay,Sales,Call Center,Kolkata,Internal,3,in_progress,neutral,neutral,Customer Support,Request,low,1
FB-10524,CU-6605,2026-02-27T16:00:00,Need access for two additional analysts this week. This is impacting customers in Mumbai.,InsightCRM,Customer Support,Chat,Jaipur,Internal,3,open,negative,neutral,Customer Support,Request,low,1
FB-10383,CU-5001,2026-02-27T11:26:00,"For the record, The latest release introduced a severe performance regression. I am following up because there was no response. Please advise.",InsightSecure,Customer Support,Call Center,Delhi,Internal,2,open,neutral,disappointment,Customer Support,Complaint,high,2
FB-11955,CU-9713,2026-02-27T09:56:00,"Hello team, Duplicate invoices were sent to finance after renewal. Our enterprise account is affected. Please advise.",InsightCloud,Engineering,Call Center,Jaipur,SMB,2,in_progress,neutral,neutral,Account,Request,low,3
FB-10266,CU-9059,2026-02-27T09:30:00,"Hi, Feature request: webhook retries with exponential backoff. This is impacting customers in Mumbai.",InsightPay,Finance,Internal,Bangalore,Enterprise,4,resolved,negative,neutral,Customer Support,Complaint,medium,1
FB-11859,CU-9919,2026-02-27T07:49:00,Quick update: Call center agents read from a script and did not understand the issue. The issue started last Thursday. Please advise.,InsightPay,Sales,Social Media,Mumbai,Consumer,2,resolved,negative,frustration,Customer Support,Complaint,high,2
FB-10614,CU-8844,2026-02-27T02:26:00,Appreciate the proactive outage communication. This happened after the latest update. Sharing this from the field.,InsightCloud,Sales,Email,Bangalore,Internal,5,open,negative,anger,Technical Issue,Complaint,critical,5
FB-10499,CU-2902,2026-02-26T23:37:00,Consider adding a weekly digest for managers. The issue started last Thursday. Please advise.,InsightCRM,Finance,Survey,Mumbai,Startup,3,closed,neutral,neutral,Other,Suggestion,low,1
FB-10427,CU-9846,2026-02-26T20:10:00,Appreciate the proactive outage communication. A workaround exists but it is not acceptable long term. Sharing this from the field.,InsightPay,Customer Support,Social Media,Delhi,Startup,5,resolved,neutral,anger,UX/UI,Information,medium,2
FB-10616,CU-4801,2026-02-26T13:58:00,Documentation update saved our engineering team hours. We have seen this twice already. Sharing this from the field.,InsightPay,Operations,Mobile App,Jaipur,Enterprise,5,open,negative,anger,Technical Issue,Bug Report,medium,2
FB-10560,CU-7866,2026-02-26T09:10:00,"Hi, Payment reconciliation finally works without manual edits. This is impacting customers in London. Thanks.",InsightCRM,Product,Internal,Chennai,Partner,4,resolved,negative,frustration,Customer Support,Complaint,high,3
FB-11791,CU-3569,2026-02-26T07:11:00,"To be clear, Average experience so far, we are still evaluating InsightPortal. This happened after the latest update. Sharing this from the field.",InsightSecure,Customer Support,Mobile App,Singapore,Internal,4,resolved,negative,disappointment,Product,Complaint,high,2
FB-10370,CU-9247,2026-02-26T05:06:00,"To be clear, Call center agents read from a script and did not understand the issue. We have seen this twice already. Please advise.",InsightCRM,Operations,Call Center,Dubai,SMB,2,resolved,negative,anger,Customer Support,Bug Report,high,2
FB-11313,CU-8250,2026-02-26T04:57:00,"Hi, Sales team prepared a thoughtful demo for our executives. This happened after the latest update.",InsightChat,Customer Support,Survey,Pune,Partner,5,resolved,negative,disappointment,Product,Complaint,high,1
FB-10776,CU-4160,2026-02-26T04:22:00,"Hi, Documentation update saved our engineering team hours. Our enterprise account is affected. Sharing this from the field.",InsightAnalytics,Sales,Internal,Bangalore,Startup,5,open,neutral,joy,Account,Request,low,1
FB-11297,CU-8961,2026-02-25T23:15:00,Quick update: Delivery to Surat was earlier than the estimated date. The team mentioned InsightCloud in the weekly review. Logged by the duty manager.,InsightAnalytics,Operations,Chat,Pune,SMB,4,resolved,positive,satisfaction,Delivery,Praise,low,1
FB-11777,CU-6744,2026-02-25T22:40:00,"For the record, Billing error created an unauthorized charge on our card. Please treat this as high priority. Logged by the duty manager.",InsightAnalytics,Engineering,Social Media,Mumbai,Internal,2,in_progress,neutral,neutral,Other,Suggestion,high,4
FB-12077,CU-5176,2026-02-25T22:30:00,"To be clear, Can you schedule a training session for the operations team? The team mentioned InsightMobile in the weekly review. Thanks.",InsightPay,Operations,Website,Dubai,Partner,4,open,positive,neutral,Product,Praise,low,1
FB-12006,CU-6492,2026-02-25T18:48:00,"For the record, The interface redesign is intuitive and reduced training time. The team mentioned InsightSecure in the weekly review. Sharing this from the field.",InsightCloud,Product,Website,Bangalore,Partner,5,resolved,positive,joy,UX/UI,Praise,low,1
FB-10104,CU-5911,2026-02-25T16:53:00,Quick update: Delivery to Hyderabad was earlier than the estimated date. I am following up because there was no response. Sharing this from the field.,InsightPortal,Operations,Internal,Dubai,Enterprise,5,open,positive,satisfaction,Customer Support,Praise,low,1
FB-10204,CU-9031,2026-02-25T13:56:00,Quick update: Delivery to Dubai was earlier than the estimated date. This happened after the latest update. Logged by the duty manager.,InsightMobile,Operations,Survey,Singapore,SMB,5,open,negative,frustration,Technical Issue,Complaint,high,3
FB-10285,CU-7540,2026-02-25T02:30:00,Quick update: I am angry that the ticket was closed without a resolution. I am following up because there was no response. Please advise.,InsightPay,Customer Support,Social Media,Surat,Consumer,1,in_progress,negative,neutral,Customer Support,Complaint,high,2
FB-11877,CU-2083,2026-02-24T22:32:00,Quick update: Duplicate invoices were sent to finance after renewal. Please treat this as high priority. Looking forward to a fix.,InsightPay,Engineering,Website,London,Consumer,1,resolved,negative,neutral,Technical Issue,Bug Report,high,4
FB-11115,CU-6564,2026-02-24T21:16:00,"Hello team, How do I export department analytics for last quarter? I am following up because there was no response.",InsightPay,Finance,Mobile App,Delhi,SMB,3,resolved,neutral,confusion,Customer Support,Praise,low,1
FB-10138,CU-6484,2026-02-24T19:24:00,The courier missed the delivery window three times in New York. The team mentioned InsightCRM in the weekly review. Thanks.,InsightSecure,Operations,Chat,Dubai,Internal,2,closed,positive,satisfaction,Product,Praise,low,2
FB-10044,CU-3634,2026-02-24T10:42:00,Quick update: We are happy with the reliability of InsightAnalytics this quarter. I am following up because there was no response.,InsightCloud,HR,Survey,Pune,Internal,5,in_progress,positive,joy,Product,Praise,low,1
FB-11960,CU-4095,2026-02-24T10:06:00,"For the record, Duplicate invoices were sent to finance after renewal. Our enterprise account is affected. Thanks.",InsightCRM,HR,Website,New York,Startup,2,resolved,neutral,neutral,Account,Request,low,3
FB-11911,CU-3952,2026-02-24T04:30:00,Quick update: Sales team prepared a thoughtful demo for our executives. The team mentioned InsightAnalytics in the weekly review. Please advise.,InsightPay,Finance,Survey,Jaipur,Partner,5,in_progress,positive,joy,Product,Praise,low,1
FB-11623,CU-2862,2026-02-24T04:29:00,"Hi, Duplicate invoices were sent to finance after renewal. I am following up because there was no response. Logged by the duty manager.",InsightCRM,Customer Support,Internal,Mumbai,SMB,2,in_progress,negative,neutral,Product,Praise,medium,3
FB-11608,CU-9684,2026-02-24T00:30:00,Quick update: Noting that the internal survey was completed by HR. This happened after the latest update. Looking forward to a fix.,InsightChat,Sales,Internal,Kolkata,Consumer,3,open,negative,neutral,Technical Issue,Complaint,medium,3
FB-10938,CU-3045,2026-02-23T21:29:00,"Hi, The onboarding specialist made InsightSecure easy to adopt. Our enterprise account is affected. Looking forward to a fix.",InsightPay,Customer Support,Email,Bangalore,Partner,5,open,positive,joy,Account,Request,low,1
FB-11493,CU-1715,2026-02-23T19:14:00,"For the record, The latest release introduced a severe performance regression. We have seen this twice already. Thanks.",InsightAnalytics,Customer Support,Social Media,Ahmedabad,Consumer,2,resolved,negative,anger,Technical Issue,Bug Report,critical,4
FB-10305,CU-4425,2026-02-23T16:26:00,Quick update: Is there a sandbox for InsightPay chargebacks? This is impacting customers in Bangalore. Thanks.,InsightCRM,Finance,Website,Surat,Partner,4,resolved,negative,frustration,Technical Issue,Bug Report,high,3
FB-10133,CU-2284,2026-02-23T12:48:00,"Hello team, Is there a sandbox for InsightPay chargebacks? Our enterprise account is affected. Sharing this from the field.",InsightMobile,HR,Survey,Ahmedabad,Enterprise,4,in_progress,neutral,frustration,Account,Request,medium,2
FB-11687,CU-3319,2026-02-23T06:36:00,"Hello team, Price increase was communicated poorly and feels unjustified. The issue started last Thursday. Logged by the duty manager.",InsightCloud,Engineering,Website,Dubai,Partner,2,open,negative,satisfaction,Product,Praise,medium,3
FB-11706,CU-5300,2026-02-23T03:18:00,"Hello team, How do I export department analytics for last quarter? The issue started last Thursday. Please advise.",InsightPortal,Operations,Website,Delhi,SMB,4,closed,neutral,confusion,Technical Issue,Question,low,1
FB-11880,CU-5377,2026-02-22T23:39:00,We may add twenty more seats if the trial goes well. Our enterprise account is affected. Looking forward to a fix.,InsightAnalytics,Product,Website,Kolkata,Partner,4,resolved,neutral,anger,Account,Request,low,1
FB-11742,CU-9566,2026-02-22T22:53:00,Quick update: Payment reconciliation finally works without manual edits. A workaround exists but it is not acceptable long term. Looking forward to a fix.,InsightAnalytics,Customer Support,Website,Mumbai,Internal,4,resolved,negative,frustration,UX/UI,Information,medium,2
FB-11126,CU-8901,2026-02-22T22:48:00,"To be clear, Call center agents read from a script and did not understand the issue. We have seen this twice already. Logged by the duty manager.",InsightPay,Engineering,Internal,Pune,Enterprise,2,resolved,negative,anger,Customer Support,Complaint,critical,3
FB-10918,CU-4997,2026-02-22T21:42:00,"For the record, Mobile users report they cannot complete signup on InsightMobile. The issue started last Thursday. Thanks.",InsightSecure,Finance,Email,London,Partner,1,resolved,negative,frustration,Technical Issue,Bug Report,critical,4
FB-11071,CU-1414,2026-02-22T20:33:00,Quick update: The InsightPay checkout failed and I was still charged. I attached screenshots in the original ticket. Sharing this from the field.,InsightPay,Customer Support,Email,Chennai,Internal,2,open,negative,anger,Customer Support,Praise,critical,5
FB-10627,CU-7686,2026-02-22T19:50:00,"For the record, Billing error created an unauthorized charge on our card. I attached screenshots in the original ticket. Looking forward to a fix.",InsightSecure,Customer Support,Survey,Chennai,Startup,1,resolved,neutral,anger,Payment,Complaint,critical,5
FB-11905,CU-8362,2026-02-22T18:24:00,"To be clear, Documentation is outdated and caused a production misconfiguration. A workaround exists but it is not acceptable long term. Thanks.",InsightSecure,Finance,Chat,London,Internal,2,closed,neutral,confusion,UX/UI,Suggestion,low,2
FB-10851,CU-2345,2026-02-22T18:24:00,"To be clear, The onboarding specialist made InsightChat easy to adopt. The issue started last Thursday. Thanks.",InsightCloud,Customer Support,Mobile App,Singapore,Internal,5,open,positive,joy,Product,Praise,low,1
FB-10320,CU-4565,2026-02-22T15:41:00,"To be clear, Support never called back after I reported a critical outage. Our enterprise account is affected.",InsightPay,Customer Support,Email,Jaipur,Internal,2,resolved,negative,frustration,Customer Support,Request,critical,4
FB-11143,CU-2090,2026-02-22T15:23:00,"Hi, Payment reconciliation finally works without manual edits. I attached screenshots in the original ticket.",InsightCloud,Customer Support,Website,Hyderabad,Enterprise,5,in_progress,negative,frustration,Customer Support,Complaint,medium,2
FB-11306,CU-7150,2026-02-22T09:28:00,"Hi, Refund was issued quickly and with a clear explanation. We have seen this twice already.",InsightAnalytics,Customer Support,Social Media,New York,Internal,4,open,positive,anger,Technical Issue,Bug Report,medium,2
FB-10642,CU-3886,2026-02-22T07:42:00,"Hello team, Refund was issued quickly and with a clear explanation. The team mentioned InsightAnalytics in the weekly review.",InsightChat,Customer Support,Internal,Hyderabad,Internal,5,open,positive,satisfaction,Payment,Praise,low,2
FB-10030,CU-7211,2026-02-22T06:29:00,Quick update: Where can I find the data retention policy? This is impacting customers in Dubai. Thanks.,InsightSecure,Product,Social Media,Singapore,Consumer,3,open,neutral,confusion,Other,Question,low,1
FB-11366,CU-2565,2026-02-22T04:10:00,"For the record, The InsightMobile checkout failed and I was still charged. This is impacting customers in London. Please advise.",InsightAnalytics,Finance,Mobile App,Bangalore,SMB,2,open,negative,anger,Payment,Complaint,critical,5
FB-10434,CU-4814,2026-02-22T02:51:00,Quick update: Feature request: webhook retries with exponential backoff. We have seen this twice already. Logged by the duty manager.,InsightChat,Engineering,Chat,Hyderabad,Partner,3,open,negative,anger,Technical Issue,Bug Report,high,3
FB-11400,CU-7096,2026-02-21T11:58:00,"To be clear, We are happy with the reliability of InsightPortal this quarter. The issue started last Thursday.",InsightPortal,HR,Social Media,New York,Enterprise,5,in_progress,positive,joy,Product,Praise,low,1
FB-11558,CU-3599,2026-02-21T11:43:00,"Hi, Chat support was knowledgeable and patient. We have seen this twice already. Logged by the duty manager.",InsightSecure,Customer Support,Internal,Bangalore,Partner,4,resolved,negative,anger,Customer Support,Bug Report,high,1
FB-10949,CU-4343,2026-02-21T10:30:00,"Hi, Response time from customer support is getting worse every week. We have seen this twice already. Please advise.",InsightPay,Customer Support,Chat,Kolkata,Internal,1,open,neutral,anger,Customer Support,Request,medium,2
FB-10113,CU-4858,2026-02-21T07:00:00,"For the record, I am angry that the ticket was closed without a resolution. I attached screenshots in the original ticket.",InsightAnalytics,Customer Support,Internal,Singapore,Startup,2,closed,negative,neutral,Customer Support,Praise,medium,2
FB-10122,CU-5913,2026-02-20T22:26:00,"Hi, The InsightMobile checkout failed and I was still charged. This is impacting customers in Ahmedabad. Logged by the duty manager.",InsightChat,Operations,Chat,Mumbai,Partner,2,in_progress,negative,anger,Payment,Complaint,critical,5
FB-11179,CU-8042,2026-02-20T17:37:00,Call center agents read from a script and did not understand the issue. This is impacting customers in Mumbai.,InsightCloud,Operations,Chat,Singapore,Internal,1,open,negative,anger,Customer Support,Complaint,critical,3
FB-10225,CU-2117,2026-02-20T16:14:00,"To be clear, Where can I find the data retention policy? I am following up because there was no response. Sharing this from the field.",InsightMobile,Sales,Email,Pune,Partner,3,in_progress,neutral,confusion,Other,Question,low,1
FB-10368,CU-3675,2026-02-20T14:56:00,"Hi, I am delighted with the quality of the latest InsightCloud release. A workaround exists but it is not acceptable long term. Thanks.",InsightMobile,Product,Website,Bangalore,Startup,5,in_progress,positive,joy,Product,Praise,low,1
FB-10580,CU-6131,2026-02-20T11:25:00,We are happy with the reliability of InsightPay this quarter. This happened after the latest update. Looking forward to a fix.,InsightCloud,Sales,Internal,Jaipur,Enterprise,5,in_progress,negative,joy,Product,Praise,medium,1
FB-12027,CU-9949,2026-02-20T02:59:00,"Hi, The courier missed the delivery window three times in Pune. I am following up because there was no response. Looking forward to a fix.",InsightPortal,Operations,Call Center,London,Partner,1,in_progress,positive,satisfaction,Customer Support,Praise,low,2
FB-11446,CU-6536,2026-02-20T02:37:00,"Hi, Package for InsightPay arrived damaged in Kolkata. This is impacting customers in Surat. Logged by the duty manager.",InsightPay,Sales,Social Media,Delhi,SMB,1,in_progress,negative,frustration,Delivery,Complaint,high,2
FB-10450,CU-8240,2026-02-19T22:04:00,Where can I find the data retention policy? Please treat this as high priority.,InsightMobile,Customer Support,Website,Bangalore,Partner,3,resolved,neutral,confusion,Other,Question,low,1
FB-10022,CU-5920,2026-02-19T21:54:00,Quick update: Documentation is outdated and caused a production misconfiguration. A workaround exists but it is not acceptable long term.,InsightCloud,Finance,Social Media,London,Consumer,2,open,neutral,frustration,UX/UI,Suggestion,medium,2
FB-12009,CU-2409,2026-02-19T14:17:00,"To be clear, The courier missed the delivery window three times in Chennai. A workaround exists but it is not acceptable long term. Logged by the duty manager.",InsightCloud,Operations,Website,Pune,Internal,2,resolved,negative,satisfaction,UX/UI,Praise,medium,2
FB-11985,CU-7706,2026-02-19T13:07:00,"Hello team, Documentation is outdated and caused a production misconfiguration. The issue started last Thursday. Sharing this from the field.",InsightCloud,HR,Mobile App,London,Startup,1,resolved,neutral,frustration,Documentation,Request,medium,2
FB-10895,CU-8121,2026-02-19T12:30:00,"Hello team, Package for InsightPortal arrived damaged in Bangalore. The team mentioned InsightCloud in the weekly review. Please advise.",InsightPay,Sales,Internal,Ahmedabad,Enterprise,1,in_progress,positive,neutral,Product,Praise,low,2
FB-11466,CU-1078,2026-02-19T08:40:00,"Hello team, Duplicate invoices were sent to finance after renewal. This happened after the latest update. Logged by the duty manager.",InsightSecure,Finance,Call Center,Kolkata,Enterprise,2,open,negative,neutral,Product,Complaint,critical,4
FB-11647,CU-9388,2026-02-19T08:26:00,Quick update: Refund was issued quickly and with a clear explanation. The team mentioned InsightAnalytics in the weekly review. Sharing this from the field.,InsightChat,Operations,Internal,New York,SMB,5,open,positive,satisfaction,Payment,Praise,low,2
FB-11339,CU-9923,2026-02-19T06:37:00,"For the record, Mobile users report they cannot complete signup on InsightPortal. I attached screenshots in the original ticket. Looking forward to a fix.",InsightCloud,Customer Support,Website,Dubai,Consumer,2,resolved,negative,frustration,Technical Issue,Bug Report,critical,4
FB-11986,CU-3526,2026-02-19T06:28:00,"For the record, Appreciate the proactive outage communication. We have seen this twice already.",InsightSecure,Sales,Chat,Kolkata,SMB,5,resolved,negative,anger,Technical Issue,Bug Report,high,3
FB-10403,CU-5603,2026-02-19T01:08:00,"To be clear, Noting that the internal survey was completed by HR. Please treat this as high priority. Looking forward to a fix.",InsightPortal,HR,Survey,Pune,Startup,3,closed,neutral,neutral,Other,Bug Report,low,1
FB-10212,CU-6542,2026-02-19T00:45:00,Quick update: Chat support was knowledgeable and patient. The team mentioned InsightCloud in the weekly review.,InsightCRM,Customer Support,Mobile App,Pune,Internal,4,resolved,positive,satisfaction,Customer Support,Praise,low,1
FB-12140,CU-7584,2026-02-18T23:31:00,"Quick update: Loved the new InsightPay dashboard, it is clean and fast. The issue started last Thursday. Looking forward to a fix.",InsightAnalytics,Operations,Call Center,Dubai,Partner,5,resolved,negative,frustration,UX/UI,Praise,medium,1
FB-11337,CU-3502,2026-02-18T13:39:00,"Hello team, Please confirm whether SSO is enabled for partner accounts. A workaround exists but it is not acceptable long term. Looking forward to a fix.",InsightPay,Engineering,Call Center,Mumbai,Consumer,3,resolved,neutral,neutral,UX/UI,Suggestion,low,1
FB-10871,CU-1852,2026-02-18T13:05:00,"For the record, The current plan is acceptable but we will compare alternatives. A workaround exists but it is not acceptable long term. Please advise.",InsightSecure,Product,Email,Surat,Enterprise,3,closed,neutral,neutral,UX/UI,Suggestion,low,1
FB-12181,CU-6511,2026-02-18T11:52:00,Quick update: Mobile users report they cannot complete signup on InsightPortal. Our enterprise account is affected. Looking forward to a fix.,InsightChat,HR,Internal,Chennai,SMB,2,resolved,negative,frustration,Account,Request,high,2
FB-10143,CU-8912,2026-02-18T10:29:00,Great improvement in mobile performance this month. Please treat this as high priority.,InsightCRM,Sales,Survey,Chennai,Enterprise,5,in_progress,neutral,neutral,Technical Issue,Suggestion,low,1
FB-12194,CU-4803,2026-02-18T07:04:00,Quick update: Documentation is outdated and caused a production misconfiguration. We have seen this twice already.,InsightChat,Finance,Mobile App,Hyderabad,Partner,2,open,negative,anger,Technical Issue,Bug Report,critical,4
FB-11541,CU-8590,2026-02-18T05:06:00,"Hi, We may add twenty more seats if the trial goes well. Our enterprise account is affected. Thanks.",InsightSecure,Sales,Call Center,Singapore,Enterprise,4,resolved,neutral,anger,Account,Request,low,1
FB-11386,CU-1070,2026-02-18T00:08:00,"Hello team, Chat support was knowledgeable and patient. The team mentioned InsightCloud in the weekly review. Logged by the duty manager.",InsightAnalytics,Customer Support,Email,Kolkata,Partner,4,resolved,positive,satisfaction,Customer Support,Praise,low,1
FB-10619,CU-7101,2026-02-17T23:35:00,The latest release introduced a severe performance regression. I am following up because there was no response. Thanks.,InsightCRM,Customer Support,Email,Ahmedabad,SMB,1,resolved,negative,disappointment,Product,Complaint,critical,3
FB-10666,CU-3174,2026-02-17T21:41:00,"Hi, Delivery was extremely late and customer support did not respond. This happened after the latest update. Looking forward to a fix.",InsightCRM,Operations,Social Media,Ahmedabad,Consumer,1,resolved,negative,frustration,Customer Support,Complaint,critical,3
FB-11111,CU-6416,2026-02-17T16:53:00,"Hi, Noting that the internal survey was completed by HR. This happened after the latest update. Please advise.",InsightPortal,Sales,Website,Bangalore,Consumer,3,open,neutral,neutral,Technical Issue,Bug Report,medium,1
FB-10364,CU-8278,2026-02-17T14:55:00,"Hi, The latest release introduced a severe performance regression. This is impacting customers in Pune.",InsightCloud,Operations,Chat,Singapore,Consumer,2,open,negative,disappointment,Product,Complaint,critical,3
FB-10644,CU-3728,2026-02-17T14:26:00,"For the record, It would help to have saved filters on the explorer table. This happened after the latest update. Thanks.",InsightCRM,Sales,Call Center,Singapore,Internal,4,open,neutral,neutral,Technical Issue,Suggestion,low,1
FB-10721,CU-5344,2026-02-17T12:40:00,We cannot login to InsightMobile since the last update. We have seen this twice already. Thanks.,InsightSecure,Engineering,Survey,Ahmedabad,Enterprise,1,open,negative,anger,Technical Issue,Bug Report,critical,4
FB-10186,CU-5341,2026-02-17T12:30:00,"For the record, I am delighted with the quality of the latest InsightCRM release. This happened after the latest update. Please advise.",InsightPortal,Finance,Mobile App,London,Partner,4,in_progress,positive,joy,Product,Praise,low,1
FB-11688,CU-1023,2026-02-17T00:15:00,Quick update: Documentation update saved our engineering team hours. This is impacting customers in Jaipur. Sharing this from the field.,InsightCRM,HR,Social Media,Hyderabad,Startup,5,closed,negative,frustration,Technical Issue,Praise,low,2
FB-11261,CU-9438,2026-02-16T21:52:00,Quick update: Price increase was communicated poorly and feels unjustified. I am following up because there was no response. Thanks.,InsightMobile,Finance,Internal,Pune,Enterprise,1,resolved,negative,satisfaction,Customer Support,Praise,high,3
FB-10365,CU-7156,2026-02-16T15:55:00,"To be clear, Noting that the internal survey was completed by HR. This is impacting customers in Dubai. Sharing this from the field.",InsightSecure,Customer Support,Mobile App,Ahmedabad,Consumer,3,resolved,neutral,neutral,Other,Information,low,1
FB-11761,CU-2424,2026-02-16T13:00:00,"Hello team, Appreciate the proactive outage communication. The team mentioned InsightAnalytics in the weekly review. Logged by the duty manager.",InsightCloud,Sales,Mobile App,Delhi,Startup,4,resolved,positive,joy,Product,Praise,low,2
FB-10563,CU-9177,2026-02-16T09:32:00,"To be clear, I am angry that the ticket was closed without a resolution. The issue started last Thursday.",InsightCloud,Customer Support,Internal,Pune,Consumer,1,open,negative,satisfaction,Customer Support,Praise,medium,2
FB-10819,CU-8870,2026-02-16T04:20:00,"For the record, Great improvement in mobile performance this month. This happened after the latest update. Please advise.",InsightCRM,HR,Call Center,Delhi,Internal,5,in_progress,negative,disappointment,Technical Issue,Suggestion,medium,2
FB-10527,CU-6751,2026-02-16T03:17:00,Appreciate the proactive outage communication. I attached screenshots in the original ticket. Sharing this from the field.,InsightSecure,Customer Support,Chat,Delhi,Startup,5,closed,negative,satisfaction,Customer Support,Praise,medium,2
FB-10701,CU-8819,2026-02-16T01:13:00,"Hello team, Duplicate invoices were sent to finance after renewal. Our enterprise account is affected. Logged by the duty manager.",InsightCRM,Operations,Internal,Surat,Partner,2,closed,negative,neutral,Account,Request,medium,3
FB-11765,CU-2393,2026-02-15T22:56:00,Quick update: Call center agents read from a script and did not understand the issue. The team mentioned InsightMobile in the weekly review. Logged by the duty manager.,InsightCloud,Engineering,Website,Dubai,Internal,1,open,negative,anger,Customer Support,Complaint,critical,3
FB-10016,CU-2891,2026-02-15T21:06:00,"For the record, We cannot login to InsightPortal since the last update. A workaround exists but it is not acceptable long term. Sharing this from the field.",InsightMobile,Engineering,Mobile App,New York,Partner,2,open,negative,frustration,Technical Issue,Bug Report,critical,4
FB-10048,CU-3434,2026-02-15T18:37:00,"To be clear, Is there a sandbox for InsightPay chargebacks? This is impacting customers in Singapore. Please advise.",InsightPortal,HR,Internal,Kolkata,Consumer,3,open,neutral,neutral,Documentation,Suggestion,low,2
FB-10710,CU-5017,2026-02-15T18:12:00,"For the record, Authentication failures are blocking our entire sales team. We have seen this twice already. Looking forward to a fix.",InsightCloud,Engineering,Survey,Jaipur,Partner,2,resolved,negative,anger,Technical Issue,Bug Report,critical,4
FB-11990,CU-8495,2026-02-15T17:27:00,"To be clear, Authentication failures are blocking our entire sales team. This is impacting customers in Pune. Sharing this from the field.",InsightMobile,Finance,Survey,Singapore,Startup,2,resolved,negative,satisfaction,Technical Issue,Bug Report,medium,3
FB-11203,CU-2752,2026-02-15T15:52:00,Duplicate invoices were sent to finance after renewal. I am following up because there was no response. Please advise.,InsightCloud,Operations,Internal,New York,Enterprise,1,in_progress,neutral,neutral,Customer Support,Praise,medium,3
FB-11128,CU-1272,2026-02-15T11:42:00,"To be clear, Price increase was communicated poorly and feels unjustified. I am following up because there was no response. Logged by the duty manager.",InsightPortal,Operations,Email,New York,Consumer,2,open,positive,satisfaction,Product,Praise,low,3
FB-11467,CU-2543,2026-02-15T10:01:00,"Hello team, Call center agents read from a script and did not understand the issue. I attached screenshots in the original ticket. Logged by the duty manager.",InsightMobile,Customer Support,Social Media,Delhi,Startup,1,open,negative,anger,Customer Support,Complaint,critical,3
FB-11589,CU-1606,2026-02-15T03:37:00,Quick update: Response time from customer support is getting worse every week. Our enterprise account is affected. Please advise.,InsightCloud,Customer Support,Survey,New York,Internal,2,resolved,neutral,frustration,Customer Support,Request,medium,2
FB-11542,CU-5087,2026-02-14T23:25:00,Quick update: Please confirm whether SSO is enabled for partner accounts. A workaround exists but it is not acceptable long term. Thanks.,InsightCloud,Operations,Mobile App,Hyderabad,Internal,3,open,neutral,neutral,UX/UI,Request,low,1
FB-11601,CU-1405,2026-02-14T16:21:00,"Hello team, I am delighted with the quality of the latest InsightMobile release. I am following up because there was no response. Looking forward to a fix.",InsightAnalytics,Finance,Call Center,Jaipur,Enterprise,5,resolved,positive,joy,Product,Praise,low,1
FB-12051,CU-1393,2026-02-14T15:25:00,Quick update: Consider adding a weekly digest for managers. I am following up because there was no response. Sharing this from the field.,InsightPortal,Finance,Website,Chennai,Partner,4,open,negative,frustration,Customer Support,Suggestion,medium,1
FB-11736,CU-5831,2026-02-14T08:21:00,"To be clear, We cannot login to InsightChat since the last update. This is impacting customers in Jaipur. Sharing this from the field.",InsightAnalytics,Engineering,Mobile App,Delhi,Startup,2,open,negative,frustration,Technical Issue,Bug Report,critical,4
FB-11403,CU-9173,2026-02-14T08:19:00,"To be clear, Delivery was extremely late and customer support did not respond. The team mentioned InsightChat in the weekly review. Thanks.",InsightPortal,Operations,Email,Hyderabad,Enterprise,2,in_progress,negative,frustration,Customer Support,Complaint,critical,3
FB-11943,CU-2016,2026-02-14T07:17:00,Quick update: Appreciate the proactive outage communication. The issue started last Thursday.,InsightChat,Engineering,Survey,Dubai,Startup,5,in_progress,negative,frustration,Technical Issue,Complaint,high,4
FB-10825,CU-9892,2026-02-14T06:43:00,"For the record, Documentation update saved our engineering team hours. I am following up because there was no response. Thanks.",InsightSecure,Finance,Survey,Delhi,Consumer,5,in_progress,positive,joy,Product,Praise,low,1
FB-10791,CU-7039,2026-02-14T00:01:00,Price increase was communicated poorly and feels unjustified. This is impacting customers in New York. Please advise.,InsightChat,Customer Support,Internal,Singapore,SMB,1,in_progress,negative,satisfaction,Technical Issue,Suggestion,medium,4
FB-10098,CU-7653,2026-02-13T20:19:00,"For the record, The current plan is acceptable but we will compare alternatives. The issue started last Thursday.",InsightPortal,Operations,Social Media,Chennai,Enterprise,4,resolved,neutral,neutral,Performance,Information,low,1
FB-11507,CU-5435,2026-02-13T08:10:00,How do I export department analytics for last quarter? I attached screenshots in the original ticket. Sharing this from the field.,InsightAnalytics,Customer Support,Email,London,Internal,4,open,neutral,confusion,Customer Support,Question,low,1
FB-10327,CU-5267,2026-02-13T05:02:00,"For the record, Loved the new InsightPortal dashboard, it is clean and fast. A workaround exists but it is not acceptable long term. Please advise.",InsightAnalytics,Finance,Website,London,Consumer,5,in_progress,neutral,neutral,UX/UI,Suggestion,low,1
FB-11384,CU-9223,2026-02-13T04:07:00,It would help to have saved filters on the explorer table. This is impacting customers in New York. Sharing this from the field.,InsightCRM,Product,Survey,Bangalore,Partner,3,open,neutral,neutral,Other,Suggestion,low,1
FB-11451,CU-6053,2026-02-13T04:06:00,"Hello team, Response time from customer support is getting worse every week. I am following up because there was no response. Sharing this from the field.",InsightCloud,Customer Support,Email,London,Consumer,2,resolved,positive,neutral,Customer Support,Request,low,2
FB-12163,CU-7199,2026-02-13T00:34:00,"Hi, InsightSecure audit logs are exactly what compliance needed. We have seen this twice already. Please advise.",InsightSecure,Engineering,Email,Mumbai,Partner,5,open,negative,anger,Technical Issue,Bug Report,medium,2
FB-11245,CU-1187,2026-02-12T18:36:00,"Hello team, Payment reconciliation finally works without manual edits. This happened after the latest update. Thanks.",InsightMobile,Sales,Website,Jaipur,Internal,4,resolved,negative,frustration,Product,Complaint,high,3
FB-11443,CU-9060,2026-02-12T16:32:00,Quick update: The onboarding specialist made InsightAnalytics easy to adopt. The team mentioned InsightSecure in the weekly review. Sharing this from the field.,InsightCRM,Product,Mobile App,Jaipur,SMB,4,open,positive,joy,Product,Praise,low,1
FB-10874,CU-7884,2026-02-12T08:15:00,"Hello team, I am angry that the ticket was closed without a resolution. A workaround exists but it is not acceptable long term. Looking forward to a fix.",InsightCloud,Customer Support,Social Media,London,Partner,2,in_progress,negative,satisfaction,Customer Support,Information,medium,2
FB-10862,CU-6383,2026-02-12T03:54:00,"To be clear, It would help to have saved filters on the explorer table. Our enterprise account is affected. Thanks.",InsightCRM,Engineering,Email,Kolkata,Internal,4,open,neutral,neutral,Account,Suggestion,low,1
FB-10108,CU-6654,2026-02-12T03:36:00,Quick update: Authentication failures are blocking our entire sales team. The issue started last Thursday. Please advise.,InsightChat,Engineering,Email,Bangalore,Enterprise,2,open,negative,frustration,Technical Issue,Bug Report,critical,4
FB-11044,CU-2001,2026-02-12T03:29:00,"Hi, Chat support was knowledgeable and patient. The team mentioned InsightCRM in the weekly review. Please advise.",InsightAnalytics,Customer Support,Email,London,Partner,4,resolved,positive,satisfaction,Customer Support,Praise,low,1
FB-10649,CU-1282,2026-02-11T22:34:00,"Hello team, Search is too slow to be usable during business hours. Our enterprise account is affected. Looking forward to a fix.",InsightCRM,Engineering,Internal,New York,Consumer,2,closed,positive,joy,Account,Request,low,2
FB-11302,CU-9418,2026-02-11T22:18:00,"Hi, Payment reconciliation finally works without manual edits. I am following up because there was no response. Please advise.",InsightSecure,Operations,Mobile App,Surat,Partner,5,open,negative,neutral,Customer Support,Praise,low,2
FB-11890,CU-9426,2026-02-11T22:07:00,"Hi, Sharing an FYI that finance will review invoices tomorrow. The team mentioned InsightPortal in the weekly review. Please advise.",InsightMobile,Operations,Internal,Mumbai,Startup,3,resolved,neutral,neutral,Other,Information,low,2
FB-11415,CU-4615,2026-02-11T20:32:00,"Hello team, Security alert fired after suspicious admin logins. I attached screenshots in the original ticket. Looking forward to a fix.",InsightSecure,Customer Support,Internal,Surat,Enterprise,2,open,negative,anger,Security,Complaint,critical,5
FB-10101,CU-9793,2026-02-11T15:38:00,"Hello team, Delivery was extremely late and customer support did not respond. A workaround exists but it is not acceptable long term. Sharing this from the field.",InsightPortal,Operations,Website,Dubai,Enterprise,1,in_progress,negative,frustration,Customer Support,Complaint,critical,3
FB-10359,CU-9770,2026-02-11T14:10:00,"Hi, Sharing an FYI that finance will review invoices tomorrow. Our enterprise account is affected. Please advise.",InsightMobile,Finance,Social Media,Mumbai,SMB,3,resolved,neutral,neutral,Account,Information,low,2
FB-10829,CU-5370,2026-02-11T13:15:00,The onboarding specialist made InsightPay easy to adopt. I am following up because there was no response. Please advise.,InsightCRM,Operations,Survey,Dubai,SMB,5,open,positive,joy,Service,Praise,low,1
FB-10207,CU-4254,2026-02-11T03:50:00,Support never called back after I reported a critical outage. I am following up because there was no response. Sharing this from the field.,InsightCloud,Customer Support,Call Center,Singapore,Startup,1,resolved,negative,frustration,Customer Support,Complaint,critical,4
FB-10928,CU-5098,2026-02-11T01:15:00,"To be clear, How do I export department analytics for last quarter? We have seen this twice already.",InsightPortal,Operations,Mobile App,Pune,Consumer,3,in_progress,neutral,anger,Technical Issue,Bug Report,medium,1
FB-11528,CU-8864,2026-02-11T00:16:00,Quick update: Mobile users report they cannot complete signup on InsightAnalytics. This happened after the latest update. Looking forward to a fix.,InsightMobile,Customer Support,Chat,Chennai,Startup,2,open,negative,frustration,Technical Issue,Bug Report,critical,4
FB-10638,CU-2295,2026-02-10T23:42:00,Quick update: Chat support was knowledgeable and patient. Please treat this as high priority. Looking forward to a fix.,InsightCloud,Customer Support,Call Center,New York,Enterprise,5,open,negative,satisfaction,Customer Support,Bug Report,medium,1
FB-10726,CU-4052,2026-02-10T20:49:00,"Hi, Where can I find the data retention policy? The issue started last Thursday. Sharing this from the field.",InsightSecure,Product,Social Media,Hyderabad,Consumer,3,resolved,neutral,confusion,Other,Question,low,1
FB-11103,CU-2281,2026-02-10T20:23:00,"Hi, InsightSecure audit logs are exactly what compliance needed. I am following up because there was no response. Thanks.",InsightCRM,Customer Support,Email,Delhi,Internal,5,in_progress,positive,satisfaction,Customer Support,Praise,low,1
FB-11227,CU-1087,2026-02-10T14:27:00,"Hello team, Mobile users report they cannot complete signup on InsightMobile. Our enterprise account is affected.",InsightCRM,Sales,Call Center,Jaipur,Enterprise,2,resolved,negative,frustration,Account,Request,critical,3
FB-10688,CU-2730,2026-02-10T10:49:00,Quick update: Authentication failures are blocking our entire sales team. We have seen this twice already. Please advise.,InsightSecure,Finance,Survey,Kolkata,Partner,2,in_progress,negative,anger,Technical Issue,Bug Report,critical,4
FB-11847,CU-7257,2026-02-10T09:22:00,"For the record, Need access for two additional analysts this week. Our enterprise account is affected.",InsightMobile,Sales,Social Media,Hyderabad,Internal,3,in_progress,neutral,neutral,Customer Support,Request,low,1
FB-12090,CU-1226,2026-02-10T08:08:00,Where can I find the data retention policy? Our enterprise account is affected. Logged by the duty manager.,InsightAnalytics,Engineering,Internal,Delhi,Consumer,3,open,neutral,confusion,Other,Question,low,1
FB-10001,CU-2519,2026-02-10T04:13:00,Call center agents read from a script and did not understand the issue. The team mentioned InsightAnalytics in the weekly review. Thanks.,InsightSecure,Customer Support,Chat,Surat,Startup,2,resolved,negative,anger,Customer Support,Complaint,high,2
FB-10525,CU-5052,2026-02-10T03:55:00,"Hello team, Payment reconciliation finally works without manual edits. This is impacting customers in Jaipur. Logged by the duty manager.",InsightAnalytics,Finance,Chat,Delhi,Consumer,5,resolved,negative,neutral,Customer Support,Praise,low,2
FB-10636,CU-5726,2026-02-09T15:28:00,"Hi, Billing error created an unauthorized charge on our card. Our enterprise account is affected. Please advise.",InsightCRM,Operations,Social Media,Jaipur,Enterprise,2,closed,neutral,anger,Account,Request,critical,5
FB-11081,CU-5119,2026-02-09T15:02:00,"Hi, Consider adding a weekly digest for managers. I am following up because there was no response. Looking forward to a fix.",InsightSecure,Product,Mobile App,Singapore,SMB,3,closed,positive,satisfaction,Customer Support,Suggestion,low,1
FB-11357,CU-1440,2026-02-09T12:07:00,Great improvement in mobile performance this month. The team mentioned InsightPortal in the weekly review. Please advise.,InsightAnalytics,Product,Email,Delhi,SMB,4,resolved,neutral,neutral,Performance,Suggestion,low,1
FB-11971,CU-6596,2026-02-09T11:07:00,"Hi, Search is too slow to be usable during business hours. The team mentioned InsightMobile in the weekly review. Sharing this from the field.",InsightAnalytics,Product,Chat,Kolkata,Enterprise,1,resolved,positive,joy,Product,Praise,low,2
FB-10174,CU-5026,2026-02-09T08:28:00,Quick update: Appreciate the proactive outage communication. This happened after the latest update. Thanks.,InsightMobile,Customer Support,Social Media,Chennai,Consumer,5,closed,negative,disappointment,Technical Issue,Complaint,critical,5
FB-10470,CU-2048,2026-02-09T06:00:00,"Hello team, Documentation is outdated and caused a production misconfiguration. I am following up because there was no response. Sharing this from the field.",InsightMobile,Engineering,Chat,Jaipur,SMB,2,in_progress,positive,satisfaction,Documentation,Praise,low,2
FB-12166,CU-9598,2026-02-09T04:57:00,Quick update: Payment reconciliation finally works without manual edits. The issue started last Thursday. Please advise.,InsightCRM,HR,Call Center,Hyderabad,Startup,4,resolved,negative,frustration,Customer Support,Complaint,medium,2
FB-11326,CU-9581,2026-02-09T00:00:00,It would help to have saved filters on the explorer table. I attached screenshots in the original ticket. Thanks.,InsightPay,Customer Support,Internal,Hyderabad,Partner,3,resolved,neutral,neutral,Other,Suggestion,low,1
FB-11527,CU-9231,2026-02-08T21:18:00,Quick update: Great improvement in mobile performance this month. I am following up because there was no response. Please advise.,InsightCRM,Product,Survey,Mumbai,Partner,5,open,neutral,frustration,Technical Issue,Suggestion,low,1
FB-10921,CU-1482,2026-02-08T20:57:00,"Hello team, Sharing an FYI that finance will review invoices tomorrow. Our enterprise account is affected. Thanks.",InsightPay,HR,Email,Chennai,SMB,3,open,neutral,neutral,Account,Information,low,2
FB-10484,CU-7188,2026-02-08T15:05:00,"Hi, Billing error created an unauthorized charge on our card. We have seen this twice already. Sharing this from the field.",InsightSecure,Engineering,Email,Chennai,Consumer,1,in_progress,negative,anger,Technical Issue,Bug Report,critical,5
FB-12032,CU-1584,2026-02-08T13:44:00,"For the record, The latest release introduced a severe performance regression. This happened after the latest update. Looking forward to a fix.",InsightMobile,Operations,Mobile App,Pune,Startup,2,in_progress,negative,disappointment,Product,Complaint,critical,3
FB-11814,CU-9089,2026-02-08T13:27:00,"Hi, Need access for two additional analysts this week. A workaround exists but it is not acceptable long term. Please advise.",InsightAnalytics,Product,Call Center,New York,SMB,3,in_progress,neutral,neutral,Customer Support,Request,low,1
FB-10442,CU-4450,2026-02-08T07:42:00,"Hi, Package for InsightAnalytics arrived damaged in Pune. The issue started last Thursday. Logged by the duty manager.",InsightSecure,Product,Internal,Jaipur,Startup,2,open,negative,frustration,Delivery,Complaint,high,2
FB-10109,CU-1831,2026-02-08T04:06:00,"Hello team, Great improvement in mobile performance this month. Our enterprise account is affected. Sharing this from the field.",InsightCRM,Operations,Call Center,London,SMB,5,open,neutral,frustration,Account,Request,low,1
FB-11082,CU-7159,2026-02-08T00:36:00,"To be clear, Great improvement in mobile performance this month. Our enterprise account is affected. Logged by the duty manager.",InsightCloud,Sales,Call Center,Jaipur,Startup,5,in_progress,neutral,neutral,Account,Request,low,1
FB-11334,CU-1060,2026-02-07T21:33:00,"Hi, I am delighted with the quality of the latest InsightSecure release. I attached screenshots in the original ticket.",InsightMobile,Customer Support,Email,Dubai,Partner,5,open,positive,joy,Product,Praise,low,1
FB-10262,CU-8289,2026-02-07T19:41:00,"Hi, Documentation update saved our engineering team hours. We have seen this twice already. Please advise.",InsightChat,Product,Survey,New York,Partner,5,in_progress,neutral,anger,Technical Issue,Bug Report,medium,1
FB-11019,CU-1246,2026-02-07T19:30:00,"Hi, Appreciate the proactive outage communication. This happened after the latest update.",InsightPay,Sales,Survey,Singapore,Partner,5,resolved,negative,disappointment,Technical Issue,Complaint,critical,5
FB-11903,CU-9509,2026-02-07T18:24:00,"To be clear, The onboarding specialist made InsightAnalytics easy to adopt. We have seen this twice already.",InsightChat,Engineering,Mobile App,Surat,Internal,5,closed,positive,anger,Technical Issue,Praise,low,1
FB-10853,CU-5660,2026-02-07T18:18:00,"Hello team, Search is too slow to be usable during business hours. I am following up because there was no response. Thanks.",InsightCloud,HR,Email,Surat,Consumer,1,resolved,positive,joy,Performance,Praise,low,2
FB-11486,CU-9734,2026-02-07T17:23:00,Package for InsightCloud arrived damaged in Bangalore. Please treat this as high priority. Looking forward to a fix.,InsightPay,HR,Survey,Surat,SMB,1,open,negative,frustration,Technical Issue,Bug Report,high,3
FB-11182,CU-1640,2026-02-07T16:27:00,"Hello team, Average experience so far, we are still evaluating InsightCRM. I am following up because there was no response. Please advise.",InsightAnalytics,Engineering,Email,Surat,SMB,3,in_progress,neutral,neutral,Product,Praise,low,1
FB-10643,CU-6295,2026-02-07T16:13:00,Quick update: Appreciate the proactive outage communication. The team mentioned InsightPortal in the weekly review. Logged by the duty manager.,InsightChat,Customer Support,Social Media,London,Startup,4,in_progress,positive,neutral,Product,Praise,low,2
FB-10137,CU-8121,2026-02-07T15:09:00,Quick update: Call center agents read from a script and did not understand the issue. A workaround exists but it is not acceptable long term. Thanks.,InsightCloud,Operations,Social Media,Pune,Startup,2,in_progress,negative,frustration,Customer Support,Complaint,high,2
FB-10325,CU-1620,2026-02-07T13:59:00,Quick update: Great improvement in mobile performance this month. This is impacting customers in Jaipur. Logged by the duty manager.,InsightSecure,Customer Support,Internal,New York,Startup,4,open,negative,frustration,Technical Issue,Suggestion,medium,2
FB-11538,CU-2286,2026-02-07T13:49:00,"Hello team, Billing error created an unauthorized charge on our card. A workaround exists but it is not acceptable long term. Please advise.",InsightSecure,Sales,Survey,Delhi,Partner,1,closed,neutral,anger,UX/UI,Suggestion,critical,5
FB-11318,CU-4422,2026-02-07T10:38:00,"For the record, InsightSecure audit logs are exactly what compliance needed. This is impacting customers in Pune.",InsightPortal,Finance,Mobile App,Kolkata,SMB,5,closed,neutral,neutral,Product,Complaint,low,1
FB-10706,CU-5974,2026-02-07T07:59:00,Quick update: Delivery to Jaipur was earlier than the estimated date. We have seen this twice already. Logged by the duty manager.,InsightAnalytics,Operations,Survey,Mumbai,Startup,5,open,negative,anger,Technical Issue,Bug Report,medium,3
FB-10588,CU-4710,2026-02-07T07:04:00,"Hello team, I am delighted with the quality of the latest InsightChat release. This happened after the latest update.",InsightCloud,Product,Chat,Pune,Consumer,4,open,positive,joy,Product,Praise,low,1
FB-11624,CU-6406,2026-02-07T04:58:00,Sharing an FYI that finance will review invoices tomorrow. I attached screenshots in the original ticket.,InsightCRM,Customer Support,Social Media,Chennai,Startup,3,open,neutral,neutral,Other,Information,low,2
FB-10845,CU-7289,2026-02-07T04:09:00,"For the record, Customer support resolved our incident in twenty minutes. This is impacting customers in London. Looking forward to a fix.",InsightCRM,Customer Support,Social Media,Pune,SMB,5,open,neutral,anger,Customer Support,Request,low,1
FB-10735,CU-7157,2026-02-07T03:49:00,Quick update: Please confirm whether SSO is enabled for partner accounts. The team mentioned InsightCRM in the weekly review. Thanks.,InsightPortal,Sales,Chat,Ahmedabad,Partner,3,open,negative,neutral,Account,Request,medium,1
FB-12099,CU-5296,2026-02-07T01:28:00,I am delighted with the quality of the latest InsightAnalytics release. I am following up because there was no response. Thanks.,InsightPay,Customer Support,Mobile App,Hyderabad,Partner,5,resolved,positive,joy,Service,Praise,low,1
FB-10586,CU-5351,2026-02-07T00:30:00,Chat support was knowledgeable and patient. The team mentioned InsightCloud in the weekly review. Thanks.,InsightPortal,Customer Support,Mobile App,Kolkata,Enterprise,4,open,positive,satisfaction,Customer Support,Praise,low,1
FB-10057,CU-5295,2026-02-06T17:07:00,"To be clear, Customer support resolved our incident in twenty minutes. The issue started last Thursday. Please advise.",InsightPortal,Customer Support,Chat,Dubai,Internal,4,closed,neutral,neutral,Customer Support,Request,low,1
FB-11851,CU-5748,2026-02-06T17:02:00,"Hello team, Where can I find the data retention policy? The issue started last Thursday. Thanks.",InsightPortal,Customer Support,Internal,Delhi,Internal,4,open,neutral,confusion,Other,Question,low,1
FB-11672,CU-8638,2026-02-06T16:07:00,"Hello team, Consider adding a weekly digest for managers. We have seen this twice already.",InsightPortal,Finance,Call Center,London,Consumer,3,resolved,negative,anger,Technical Issue,Suggestion,medium,2
FB-10382,CU-6779,2026-02-06T15:37:00,"To be clear, InsightSecure audit logs are exactly what compliance needed. The team mentioned InsightPortal in the weekly review. Thanks.",InsightChat,Sales,Social Media,Hyderabad,Enterprise,5,open,positive,joy,Product,Praise,low,1
FB-10282,CU-5198,2026-02-06T11:56:00,Refund for a failed InsightPay payment is still pending. Our enterprise account is affected. Looking forward to a fix.,InsightCRM,Operations,Social Media,Surat,Partner,1,in_progress,negative,anger,Account,Request,critical,5
FB-10582,CU-3790,2026-02-06T10:44:00,Call center agents read from a script and did not understand the issue. This happened after the latest update.,InsightChat,Product,Email,Jaipur,Consumer,1,open,negative,anger,Customer Support,Complaint,critical,3
FB-11398,CU-8440,2026-02-06T09:30:00,"Hi, Need access for two additional analysts this week. Our enterprise account is affected. Thanks.",InsightChat,HR,Social Media,New York,Internal,3,open,neutral,neutral,Customer Support,Request,low,1
FB-10243,CU-2127,2026-02-06T05:46:00,"To be clear, I am delighted with the quality of the latest InsightMobile release. This is impacting customers in Singapore. Thanks.",InsightSecure,Engineering,Call Center,Pune,Consumer,5,open,positive,joy,Product,Praise,low,1
FB-11264,CU-1494,2026-02-06T05:25:00,We may add twenty more seats if the trial goes well. Please treat this as high priority. Sharing this from the field.,InsightAnalytics,Operations,Call Center,New York,Internal,3,in_progress,neutral,neutral,Customer Support,Suggestion,low,1
FB-11733,CU-3199,2026-02-06T04:22:00,The interface redesign is intuitive and reduced training time. A workaround exists but it is not acceptable long term. Thanks.,InsightPortal,Finance,Website,Hyderabad,Startup,4,open,negative,anger,UX/UI,Information,medium,1
FB-10992,CU-6208,2026-02-06T03:39:00,"Hi, Price increase was communicated poorly and feels unjustified. I attached screenshots in the original ticket. Please advise.",InsightCloud,Customer Support,Website,Dubai,SMB,1,resolved,negative,satisfaction,Customer Support,Suggestion,medium,3
FB-10330,CU-7533,2026-02-06T03:03:00,"To be clear, It would help to have saved filters on the explorer table. The team mentioned InsightMobile in the weekly review. Logged by the duty manager.",InsightMobile,Engineering,Internal,Bangalore,Consumer,3,resolved,neutral,neutral,Other,Suggestion,low,1
FB-10953,CU-3222,2026-02-05T23:23:00,"Hello team, It would help to have saved filters on the explorer table. The team mentioned InsightMobile in the weekly review. Please advise.",InsightAnalytics,Engineering,Chat,Mumbai,Partner,3,closed,neutral,neutral,Other,Suggestion,low,1
FB-10446,CU-5494,2026-02-05T18:54:00,"To be clear, Sales team prepared a thoughtful demo for our executives. I am following up because there was no response. Thanks.",InsightCRM,Sales,Call Center,Dubai,Internal,5,open,positive,satisfaction,Product,Praise,low,1
FB-10555,CU-3301,2026-02-05T15:16:00,Authentication failures are blocking our entire sales team. Our enterprise account is affected.,InsightPortal,Finance,Mobile App,Jaipur,Consumer,2,open,negative,frustration,Account,Request,medium,2
FB-11517,CU-2744,2026-02-05T14:01:00,Quick update: Where can I find the data retention policy? This is impacting customers in Pune. Sharing this from the field.,InsightChat,Finance,Internal,New York,Internal,4,open,neutral,confusion,Other,Question,low,1
FB-10438,CU-4318,2026-02-05T12:52:00,How do I export department analytics for last quarter? This happened after the latest update. Please advise.,InsightCloud,Customer Support,Call Center,Singapore,Partner,3,in_progress,neutral,confusion,Technical Issue,Bug Report,medium,1
FB-11775,CU-9402,2026-02-05T11:32:00,Quick update: Customer support resolved our incident in twenty minutes. I attached screenshots in the original ticket. Looking forward to a fix.,InsightAnalytics,Customer Support,Mobile App,Surat,Internal,5,resolved,negative,frustration,Customer Support,Request,low,1
FB-10260,CU-1324,2026-02-05T11:23:00,"For the record, Support never called back after I reported a critical outage. The issue started last Thursday.",InsightAnalytics,Customer Support,Chat,Surat,Startup,2,resolved,negative,frustration,Customer Support,Complaint,critical,4
FB-10940,CU-9733,2026-02-05T02:43:00,"To be clear, The current plan is acceptable but we will compare alternatives. The issue started last Thursday.",InsightSecure,Operations,Survey,New York,Consumer,3,open,neutral,neutral,Performance,Information,low,1
FB-11393,CU-2681,2026-02-05T01:50:00,Quick update: The courier missed the delivery window three times in Dubai. The issue started last Thursday. Sharing this from the field.,InsightPortal,Operations,Website,Ahmedabad,Internal,1,closed,negative,frustration,Customer Support,Complaint,critical,3
FB-11208,CU-3211,2026-02-04T21:55:00,"To be clear, Appreciate the proactive outage communication. I attached screenshots in the original ticket.",InsightAnalytics,Customer Support,Call Center,Pune,SMB,4,open,positive,satisfaction,Product,Praise,low,2
FB-12180,CU-5990,2026-02-04T19:51:00,"Hi, Sales team prepared a thoughtful demo for our executives. We have seen this twice already. Logged by the duty manager.",InsightPortal,HR,Internal,Hyderabad,Startup,4,resolved,negative,anger,Technical Issue,Bug Report,medium,2
FB-11555,CU-9662,2026-02-04T16:48:00,"For the record, The InsightSecure checkout failed and I was still charged. The issue started last Thursday. Looking forward to a fix.",InsightChat,HR,Chat,Dubai,Startup,2,open,negative,anger,Payment,Complaint,critical,5
FB-11032,CU-3480,2026-02-04T16:48:00,"Hi, Refund was issued quickly and with a clear explanation. We have seen this twice already. Thanks.",InsightCRM,Product,Chat,Kolkata,Enterprise,5,in_progress,positive,anger,Technical Issue,Bug Report,medium,2
FB-11279,CU-5120,2026-02-04T16:11:00,Quick update: I am delighted with the quality of the latest InsightPortal release. We have seen this twice already.,InsightPay,Sales,Call Center,Surat,Startup,5,open,positive,joy,Product,Praise,low,1
FB-11008,CU-7334,2026-02-04T10:45:00,Can you schedule a training session for the operations team? A workaround exists but it is not acceptable long term. Sharing this from the field.,InsightCRM,Customer Support,Call Center,Hyderabad,Internal,3,in_progress,neutral,neutral,Customer Support,Request,low,1
FB-11060,CU-3251,2026-02-04T06:50:00,Quick update: Mobile users report they cannot complete signup on InsightCRM. We have seen this twice already.,InsightChat,Finance,Survey,London,Partner,1,resolved,negative,anger,Technical Issue,Bug Report,critical,4
FB-10884,CU-5594,2026-02-04T00:58:00,"Hello team, Please confirm whether SSO is enabled for partner accounts. We have seen this twice already. Thanks.",InsightChat,Customer Support,Internal,Delhi,Enterprise,3,open,negative,anger,Security,Request,medium,2
FB-10055,CU-2591,2026-02-03T21:48:00,"Hi, The InsightPortal checkout failed and I was still charged. Our enterprise account is affected. Thanks.",InsightMobile,Finance,Website,Bangalore,Consumer,2,open,negative,anger,Account,Request,critical,5
FB-10765,CU-3509,2026-02-03T11:40:00,"For the record, Refund was issued quickly and with a clear explanation. I am following up because there was no response. Thanks.",InsightPortal,Engineering,Internal,Kolkata,Startup,5,open,positive,satisfaction,Payment,Praise,low,2
FB-11989,CU-7398,2026-02-03T09:49:00,"For the record, Noting that the internal survey was completed by HR. We have seen this twice already. Looking forward to a fix.",InsightAnalytics,Sales,Social Media,Singapore,Partner,3,open,neutral,neutral,Technical Issue,Bug Report,medium,1
FB-11605,CU-7572,2026-02-03T08:24:00,"Hello team, We cannot login to InsightCRM since the last update. The issue started last Thursday. Thanks.",InsightPay,Engineering,Website,Dubai,Consumer,1,in_progress,negative,frustration,Technical Issue,Bug Report,critical,4
FB-12041,CU-5112,2026-02-03T06:25:00,"For the record, I am angry that the ticket was closed without a resolution. Please treat this as high priority. Please advise.",InsightAnalytics,Customer Support,Call Center,Dubai,SMB,2,resolved,neutral,neutral,Customer Support,Suggestion,low,2
FB-10596,CU-9224,2026-02-03T04:22:00,Quick update: Authentication failures are blocking our entire sales team. The team mentioned InsightAnalytics in the weekly review. Please advise.,InsightAnalytics,HR,Email,Surat,Internal,1,open,negative,joy,Product,Bug Report,high,2
FB-10088,CU-6848,2026-02-03T01:48:00,"Hi, Payment reconciliation finally works without manual edits. The issue started last Thursday. Sharing this from the field.",InsightCRM,Product,Website,Dubai,Internal,5,open,negative,frustration,Customer Support,Complaint,medium,2
FB-10274,CU-5828,2026-02-03T01:31:00,"For the record, The current plan is acceptable but we will compare alternatives. The team mentioned InsightCRM in the weekly review. Looking forward to a fix.",InsightPortal,Sales,Internal,Delhi,Partner,4,open,neutral,neutral,Product,Information,low,1
FB-11646,CU-1490,2026-02-02T16:14:00,Quick update: Sales team prepared a thoughtful demo for our executives. Our enterprise account is affected. Thanks.,InsightPay,Customer Support,Mobile App,Bangalore,SMB,4,open,negative,frustration,Account,Request,medium,1
FB-12011,CU-8215,2026-02-02T14:34:00,"For the record, Billing error created an unauthorized charge on our card. Our enterprise account is affected. Sharing this from the field.",InsightPay,Product,Website,Bangalore,Enterprise,2,in_progress,neutral,anger,Account,Request,critical,5
FB-12079,CU-4844,2026-02-02T10:55:00,Quick update: Response time from customer support is getting worse every week. A workaround exists but it is not acceptable long term. Looking forward to a fix.,InsightCRM,Customer Support,Social Media,Ahmedabad,Consumer,2,resolved,neutral,frustration,Customer Support,Request,medium,2
FB-10709,CU-2661,2026-02-02T08:38:00,"For the record, Refund for a failed InsightPortal payment is still pending. I am following up because there was no response. Looking forward to a fix.",InsightChat,Customer Support,Website,London,Startup,2,open,negative,anger,Payment,Complaint,critical,5
FB-11232,CU-5008,2026-02-02T06:11:00,"Hello team, The InsightAnalytics checkout failed and I was still charged. A workaround exists but it is not acceptable long term. Thanks.",InsightPay,Operations,Survey,Surat,Enterprise,1,open,negative,anger,Payment,Praise,critical,5
FB-11067,CU-6189,2026-02-02T05:26:00,"Hi, We cannot login to InsightChat since the last update. Our enterprise account is affected. Logged by the duty manager.",InsightCloud,Engineering,Social Media,Delhi,Internal,1,resolved,negative,frustration,Account,Request,critical,3
FB-10875,CU-5095,2026-02-02T04:45:00,"Hello team, It would help to have saved filters on the explorer table. Our enterprise account is affected. Logged by the duty manager.",InsightPay,Operations,Website,New York,Enterprise,3,resolved,neutral,neutral,Account,Suggestion,low,1
FB-10449,CU-1891,2026-02-02T03:30:00,I am frustrated that the InsightCloud app crashes during payment. The team mentioned InsightChat in the weekly review. Sharing this from the field.,InsightCRM,Engineering,Survey,Kolkata,SMB,2,closed,positive,joy,Technical Issue,Praise,low,4
FB-11981,CU-7208,2026-02-02T02:52:00,"To be clear, Please confirm whether SSO is enabled for partner accounts. The issue started last Thursday. Looking forward to a fix.",InsightAnalytics,Product,Survey,Surat,Partner,3,resolved,neutral,neutral,Security,Request,low,1
FB-11160,CU-7321,2026-02-02T02:41:00,"Hi, Delivery was extremely late and customer support did not respond. I attached screenshots in the original ticket. Logged by the duty manager.",InsightSecure,Operations,Chat,Delhi,Partner,2,in_progress,negative,frustration,Customer Support,Complaint,critical,3
FB-12108,CU-8431,2026-02-01T23:16:00,"Hello team, Support never called back after I reported a critical outage. A workaround exists but it is not acceptable long term.",InsightMobile,Customer Support,Call Center,Ahmedabad,SMB,2,in_progress,negative,frustration,Customer Support,Complaint,critical,4
FB-10288,CU-5713,2026-02-01T19:59:00,"For the record, We may add twenty more seats if the trial goes well. I attached screenshots in the original ticket.",InsightMobile,Customer Support,Website,Hyderabad,Internal,4,resolved,neutral,neutral,Customer Support,Suggestion,low,1
FB-10326,CU-9834,2026-02-01T15:40:00,"To be clear, Appreciate the proactive outage communication. A workaround exists but it is not acceptable long term.",InsightCloud,Finance,Social Media,Jaipur,Enterprise,5,closed,neutral,satisfaction,UX/UI,Praise,medium,2
FB-10952,CU-4341,2026-02-01T13:16:00,Quick update: We are happy with the reliability of InsightPay this quarter. Our enterprise account is affected. Logged by the duty manager.,InsightPortal,Operations,Internal,Hyderabad,Enterprise,4,in_progress,positive,joy,Product,Praise,low,1
FB-10700,CU-5015,2026-02-01T08:51:00,Refund for a failed InsightCloud payment is still pending. A workaround exists but it is not acceptable long term. Looking forward to a fix.,InsightMobile,Finance,Call Center,New York,Internal,1,in_progress,negative,anger,Payment,Complaint,critical,5
FB-11483,CU-2647,2026-02-01T07:17:00,"Hello team, I am frustrated that the InsightCRM app crashes during payment. A workaround exists but it is not acceptable long term.",InsightChat,Engineering,Social Media,Mumbai,SMB,1,open,negative,neutral,UX/UI,Information,high,4
FB-10457,CU-5289,2026-02-01T05:12:00,"Hi, Delivery was extremely late and customer support did not respond. Our enterprise account is affected. Logged by the duty manager.",InsightPay,Operations,Mobile App,Ahmedabad,Internal,2,open,negative,frustration,Customer Support,Complaint,critical,3
FB-12137,CU-1092,2026-02-01T02:25:00,"Hi, Where can I find the data retention policy? The team mentioned InsightPay in the weekly review. Looking forward to a fix.",InsightAnalytics,Finance,Survey,Bangalore,Consumer,3,closed,neutral,confusion,Other,Question,low,1
FB-10633,CU-6515,2026-01-31T22:18:00,"Hi, We cannot login to InsightCloud since the last update. A workaround exists but it is not acceptable long term. Thanks.",InsightCloud,Engineering,Mobile App,New York,Enterprise,2,open,negative,frustration,Technical Issue,Bug Report,critical,4
FB-11184,CU-9456,2026-01-31T18:07:00,"Hi, The InsightPay rollout is scheduled for next Monday in Ahmedabad. This happened after the latest update. Logged by the duty manager.",InsightPay,Customer Support,Mobile App,Surat,Startup,3,open,negative,frustration,Delivery,Complaint,high,2
FB-11894,CU-6508,2026-01-31T09:22:00,"Hi, The onboarding specialist made InsightAnalytics easy to adopt. The team mentioned InsightPay in the weekly review. Please advise.",InsightSecure,Sales,Survey,Pune,SMB,5,closed,positive,joy,Product,Praise,low,1
FB-11574,CU-1030,2026-01-31T06:47:00,"For the record, Loved the new InsightMobile dashboard, it is clean and fast. A workaround exists but it is not acceptable long term.",InsightAnalytics,Engineering,Social Media,Ahmedabad,Consumer,4,open,neutral,satisfaction,UX/UI,Praise,low,1
FB-11397,CU-2192,2026-01-31T00:08:00,"To be clear, Delivery was extremely late and customer support did not respond. Please treat this as high priority.",InsightPay,Operations,Website,Bangalore,Enterprise,2,resolved,negative,frustration,Customer Support,Complaint,critical,3
FB-11965,CU-7840,2026-01-30T17:06:00,"To be clear, Delivery to Ahmedabad was earlier than the estimated date. This is impacting customers in Singapore. Please advise.",InsightPay,Operations,Social Media,Kolkata,Startup,5,resolved,negative,satisfaction,Delivery,Praise,low,1
FB-11856,CU-1310,2026-01-30T14:35:00,"Hello team, The current plan is acceptable but we will compare alternatives. Please treat this as high priority.",InsightCloud,Engineering,Social Media,Kolkata,Internal,3,resolved,neutral,neutral,Performance,Suggestion,low,1
FB-10687,CU-3023,2026-01-30T12:58:00,Delivery to Jaipur was earlier than the estimated date. This is impacting customers in Singapore. Please advise.,InsightMobile,Operations,Mobile App,Pune,SMB,5,open,negative,neutral,Delivery,Bug Report,low,1
FB-10054,CU-5847,2026-01-30T12:36:00,"Hi, Sharing an FYI that finance will review invoices tomorrow. Our enterprise account is affected. Thanks.",InsightSecure,Sales,Social Media,Ahmedabad,Internal,3,in_progress,neutral,neutral,Account,Information,low,2
FB-10083,CU-1461,2026-01-30T12:05:00,Quick update: Documentation is outdated and caused a production misconfiguration. The team mentioned InsightSecure in the weekly review.,InsightSecure,Operations,Survey,Surat,Internal,2,resolved,negative,confusion,Documentation,Praise,medium,2
FB-10943,CU-6967,2026-01-30T08:50:00,"Hello team, Support never called back after I reported a critical outage. The team mentioned InsightMobile in the weekly review. Sharing this from the field.",InsightPay,Customer Support,Call Center,Pune,Startup,2,open,negative,frustration,Customer Support,Praise,critical,4
FB-11962,CU-8976,2026-01-30T08:08:00,Quick update: The InsightSecure rollout is scheduled for next Monday in New York. This happened after the latest update. Thanks.,InsightChat,HR,Internal,Dubai,Enterprise,3,closed,negative,frustration,Technical Issue,Complaint,critical,4
FB-10208,CU-9095,2026-01-30T00:00:00,Quick update: Can you schedule a training session for the operations team? We have seen this twice already. Thanks.,InsightCloud,Customer Support,Email,Surat,Partner,3,open,neutral,neutral,Customer Support,Request,low,1
FB-10536,CU-3430,2026-01-29T23:46:00,"To be clear, Chat support was knowledgeable and patient. I attached screenshots in the original ticket. Logged by the duty manager.",InsightChat,Customer Support,Internal,Surat,Consumer,5,open,positive,satisfaction,Customer Support,Praise,low,1
FB-12024,CU-5515,2026-01-29T20:33:00,"Hello team, Sales team prepared a thoughtful demo for our executives. This happened after the latest update. Sharing this from the field.",InsightChat,HR,Website,Ahmedabad,Consumer,5,resolved,negative,disappointment,Product,Complaint,medium,1
FB-11715,CU-5583,2026-01-29T20:29:00,Security alert fired after suspicious admin logins. We have seen this twice already. Sharing this from the field.,InsightPortal,Engineering,Email,Chennai,Enterprise,2,open,negative,anger,Security,Bug Report,critical,5
FB-11969,CU-8606,2026-01-29T19:22:00,"Hello team, Feature request: webhook retries with exponential backoff. This happened after the latest update. Logged by the duty manager.",InsightChat,HR,Email,London,Enterprise,3,in_progress,negative,neutral,Product,Complaint,high,2
FB-10041,CU-8438,2026-01-29T09:45:00,"For the record, Call center agents read from a script and did not understand the issue. This happened after the latest update. Sharing this from the field.",InsightAnalytics,Finance,Mobile App,London,SMB,1,closed,negative,anger,Customer Support,Complaint,critical,3
FB-11554,CU-4921,2026-01-29T09:28:00,Quick update: Where can I find the data retention policy? Please treat this as high priority. Sharing this from the field.,InsightMobile,Sales,Survey,Surat,Internal,3,in_progress,neutral,confusion,Other,Question,low,1
FB-10037,CU-2958,2026-01-29T03:46:00,"For the record, Sales team prepared a thoughtful demo for our executives. A workaround exists but it is not acceptable long term. Looking forward to a fix.",InsightCRM,Product,Email,Delhi,SMB,5,resolved,neutral,neutral,UX/UI,Suggestion,low,1
FB-11503,CU-1863,2026-01-29T03:20:00,"Hello team, The onboarding specialist made InsightAnalytics easy to adopt. Our enterprise account is affected. Logged by the duty manager.",InsightChat,Operations,Call Center,Ahmedabad,Consumer,5,in_progress,positive,joy,Account,Praise,low,1
FB-11957,CU-4854,2026-01-29T02:33:00,"For the record, Loved the new InsightPortal dashboard, it is clean and fast. This happened after the latest update. Thanks.",InsightSecure,Sales,Mobile App,Dubai,Enterprise,5,resolved,negative,disappointment,UX/UI,Complaint,high,1
FB-11534,CU-4046,2026-01-29T00:46:00,"For the record, Refund for a failed InsightSecure payment is still pending. A workaround exists but it is not acceptable long term. Thanks.",InsightMobile,Sales,Internal,Pune,Startup,2,resolved,negative,anger,Payment,Suggestion,critical,5
FB-11074,CU-3855,2026-01-28T22:39:00,"Hello team, Refund was issued quickly and with a clear explanation. The issue started last Thursday. Thanks.",InsightCRM,Sales,Website,Bangalore,Startup,5,resolved,positive,satisfaction,Payment,Praise,low,2
FB-10462,CU-6511,2026-01-28T18:02:00,Can you schedule a training session for the operations team? Please treat this as high priority. Please advise.,InsightPortal,Sales,Chat,Chennai,Consumer,4,in_progress,neutral,neutral,Customer Support,Request,low,1
FB-11150,CU-6576,2026-01-28T18:01:00,"To be clear, InsightSecure audit logs are exactly what compliance needed. This happened after the latest update. Sharing this from the field.",InsightCRM,HR,Email,Surat,Internal,5,open,negative,disappointment,Product,Complaint,medium,1
FB-12171,CU-4800,2026-01-28T16:18:00,"To be clear, Delivery to Ahmedabad was earlier than the estimated date. We have seen this twice already. Looking forward to a fix.",InsightAnalytics,Operations,Internal,London,Consumer,4,open,negative,anger,Technical Issue,Bug Report,medium,2
FB-10157,CU-6133,2026-01-28T12:05:00,Quick update: I am delighted with the quality of the latest InsightPay release. I attached screenshots in the original ticket. Logged by the duty manager.,InsightCloud,Customer Support,Survey,Bangalore,SMB,4,in_progress,positive,joy,Product,Praise,low,1
FB-11590,CU-2875,2026-01-28T09:08:00,"For the record, Loved the new InsightChat dashboard, it is clean and fast. Our enterprise account is affected. Logged by the duty manager.",InsightSecure,HR,Internal,London,Enterprise,5,open,neutral,satisfaction,UX/UI,Request,low,1
FB-10795,CU-4694,2026-01-28T07:03:00,"Hello team, The interface redesign is intuitive and reduced training time. We have seen this twice already. Looking forward to a fix.",InsightPay,Customer Support,Internal,Ahmedabad,Enterprise,4,open,negative,anger,UX/UI,Praise,medium,1
FB-11312,CU-3265,2026-01-28T05:33:00,We cannot login to InsightPay since the last update. Please treat this as high priority.,InsightAnalytics,Engineering,Call Center,Bangalore,Consumer,1,resolved,negative,frustration,Technical Issue,Bug Report,critical,4
FB-11048,CU-4097,2026-01-27T22:48:00,Quick update: I am delighted with the quality of the latest InsightPay release. I am following up because there was no response.,InsightPay,Operations,Chat,New York,SMB,4,open,positive,joy,Service,Praise,low,1
FB-10251,CU-1076,2026-01-27T19:12:00,"To be clear, Delivery was extremely late and customer support did not respond. A workaround exists but it is not acceptable long term. Sharing this from the field.",InsightPortal,Operations,Social Media,Mumbai,Consumer,2,in_progress,negative,frustration,Customer Support,Complaint,critical,3
FB-10887,CU-4345,2026-01-27T19:08:00,"Hi, The InsightMobile checkout failed and I was still charged. The issue started last Thursday. Looking forward to a fix.",InsightPay,Customer Support,Survey,London,Startup,2,resolved,negative,anger,Payment,Complaint,critical,5
FB-11749,CU-1633,2026-01-27T18:50:00,"To be clear, How do I export department analytics for last quarter? I attached screenshots in the original ticket. Sharing this from the field.",InsightPortal,Customer Support,Social Media,Surat,Enterprise,4,in_progress,neutral,satisfaction,Customer Support,Praise,low,1
FB-11904,CU-5421,2026-01-27T14:13:00,"To be clear, Package for InsightMobile arrived damaged in Delhi. We have seen this twice already. Looking forward to a fix.",InsightCRM,Engineering,Website,Pune,Internal,1,resolved,negative,anger,Technical Issue,Bug Report,high,3
FB-11807,CU-2533,2026-01-27T09:31:00,"For the record, Delivery was extremely late and customer support did not respond. This is impacting customers in London.",InsightChat,Operations,Social Media,Dubai,Partner,2,in_progress,negative,frustration,Customer Support,Complaint,critical,3
FB-10724,CU-8571,2026-01-27T08:11:00,Quick update: How do I export department analytics for last quarter? Please treat this as high priority. Please advise.,InsightAnalytics,Product,Social Media,Singapore,SMB,3,open,neutral,confusion,Technical Issue,Bug Report,low,1
FB-10731,CU-3487,2026-01-27T08:08:00,"To be clear, Delivery to Pune was earlier than the estimated date. We have seen this twice already. Thanks.",InsightChat,Operations,Call Center,Chennai,SMB,4,resolved,negative,anger,Technical Issue,Bug Report,medium,2
FB-12146,CU-7798,2026-01-27T03:04:00,Delivery was extremely late and customer support did not respond. I attached screenshots in the original ticket. Sharing this from the field.,InsightPortal,Operations,Website,Hyderabad,Consumer,1,resolved,negative,frustration,Customer Support,Complaint,critical,3
FB-11194,CU-1412,2026-01-26T20:19:00,"For the record, Noting that the internal survey was completed by HR. This is impacting customers in Bangalore. Thanks.",InsightChat,HR,Mobile App,Jaipur,Enterprise,3,open,neutral,neutral,Other,Information,low,1
FB-11823,CU-9219,2026-01-26T18:26:00,"To be clear, I am angry that the ticket was closed without a resolution. I attached screenshots in the original ticket.",InsightPortal,Customer Support,Chat,Singapore,Internal,2,in_progress,positive,satisfaction,Customer Support,Praise,low,2
FB-10142,CU-7129,2026-01-26T16:47:00,Quick update: Duplicate invoices were sent to finance after renewal. This is impacting customers in Singapore.,InsightCRM,Engineering,Chat,Chennai,Internal,2,in_progress,negative,neutral,Payment,Complaint,medium,4
FB-10879,CU-4840,2026-01-26T14:57:00,Quick update: Payment reconciliation finally works without manual edits. The issue started last Thursday. Looking forward to a fix.,InsightMobile,Customer Support,Internal,Pune,SMB,5,closed,negative,frustration,Customer Support,Complaint,medium,3
FB-10861,CU-8045,2026-01-26T14:15:00,"Hi, The InsightCRM checkout failed and I was still charged. I am following up because there was no response.",InsightChat,Customer Support,Website,Surat,Startup,1,in_progress,positive,anger,Payment,Praise,medium,4
FB-10549,CU-8674,2026-01-26T12:11:00,"For the record, We cannot login to InsightAnalytics since the last update. A workaround exists but it is not acceptable long term. Thanks.",InsightCloud,Engineering,Internal,Hyderabad,Internal,1,resolved,negative,frustration,Technical Issue,Bug Report,critical,4
FB-10684,CU-2044,2026-01-26T07:01:00,"Quick update: Loved the new InsightChat dashboard, it is clean and fast. We have seen this twice already. Sharing this from the field.",InsightSecure,Operations,Social Media,New York,Internal,5,resolved,negative,anger,Technical Issue,Bug Report,medium,2
FB-10904,CU-2549,2026-01-26T04:51:00,"Hi, Can you schedule a training session for the operations team? A workaround exists but it is not acceptable long term. Logged by the duty manager.",InsightCloud,Customer Support,Internal,Kolkata,Consumer,3,resolved,neutral,neutral,Customer Support,Request,low,1
FB-11677,CU-9515,2026-01-26T01:27:00,Payment reconciliation finally works without manual edits. This is impacting customers in Kolkata.,InsightAnalytics,Customer Support,Website,Hyderabad,Partner,4,in_progress,negative,anger,Customer Support,Bug Report,high,2
FB-10178,CU-6435,2026-01-26T00:33:00,Is there a sandbox for InsightPay chargebacks? Our enterprise account is affected.,InsightPortal,Customer Support,Call Center,Singapore,SMB,3,open,negative,frustration,Account,Request,medium,2
FB-11532,CU-7985,2026-01-25T23:28:00,"To be clear, Average experience so far, we are still evaluating InsightChat. I attached screenshots in the original ticket.",InsightAnalytics,Customer Support,Mobile App,Bangalore,Internal,3,open,negative,satisfaction,Product,Praise,low,1
FB-12039,CU-3156,2026-01-25T22:56:00,"Hello team, Documentation update saved our engineering team hours. I am following up because there was no response. Please advise.",InsightCloud,HR,Website,Delhi,Consumer,5,closed,positive,joy,Product,Praise,low,1
FB-10702,CU-1157,2026-01-25T19:31:00,Quick update: I am frustrated that the InsightCRM app crashes during payment. Please treat this as high priority. Thanks.,InsightAnalytics,Engineering,Chat,Dubai,Enterprise,2,resolved,negative,neutral,Technical Issue,Bug Report,critical,5
FB-11174,CU-1567,2026-01-25T19:29:00,"Hi, Loved the new InsightPay dashboard, it is clean and fast. The team mentioned InsightCRM in the weekly review. Sharing this from the field.",InsightCloud,Operations,Internal,Mumbai,SMB,4,open,positive,satisfaction,UX/UI,Praise,low,1
FB-10511,CU-7914,2026-01-25T18:22:00,"Hi, The interface redesign is intuitive and reduced training time. This happened after the latest update. Thanks.",InsightAnalytics,Operations,Mobile App,Kolkata,Startup,4,open,negative,disappointment,UX/UI,Complaint,high,2
FB-10889,CU-8292,2026-01-25T14:27:00,"Hello team, Response time from customer support is getting worse every week. A workaround exists but it is not acceptable long term. Sharing this from the field.",InsightMobile,Customer Support,Social Media,Hyderabad,Startup,2,resolved,neutral,neutral,Customer Support,Request,low,2
FB-10905,CU-1642,2026-01-25T04:25:00,"Average experience so far, we are still evaluating InsightPay. The issue started last Thursday. Logged by the duty manager.",InsightSecure,Operations,Chat,Dubai,Enterprise,3,resolved,negative,anger,Product,Complaint,high,2
FB-11810,CU-2491,2026-01-25T01:03:00,Authentication failures are blocking our entire sales team. This is impacting customers in Delhi. Looking forward to a fix.,InsightMobile,Finance,Website,London,SMB,2,resolved,negative,frustration,Technical Issue,Bug Report,high,3
FB-11790,CU-4026,2026-01-24T23:52:00,"Hi, Search is too slow to be usable during business hours. I am following up because there was no response. Thanks.",InsightSecure,Finance,Call Center,Chennai,Internal,2,resolved,positive,joy,Performance,Praise,low,2
FB-10004,CU-9179,2026-01-24T18:56:00,Payment reconciliation finally works without manual edits. I attached screenshots in the original ticket. Please advise.,InsightSecure,Customer Support,Chat,London,Consumer,5,open,negative,neutral,Customer Support,Complaint,low,2
FB-10010,CU-8749,2026-01-24T17:08:00,"To be clear, Loved the new InsightCRM dashboard, it is clean and fast. This happened after the latest update. Thanks.",InsightPortal,Operations,Chat,Delhi,Enterprise,5,open,negative,satisfaction,UX/UI,Praise,medium,1
FB-10991,CU-6598,2026-01-24T15:46:00,"Hello team, Need access for two additional analysts this week. I am following up because there was no response. Logged by the duty manager.",InsightChat,Customer Support,Email,Delhi,Enterprise,3,closed,negative,neutral,Customer Support,Request,medium,1
FB-10012,CU-7209,2026-01-24T12:57:00,"Hello team, Feature request: webhook retries with exponential backoff. A workaround exists but it is not acceptable long term. Thanks.",InsightPay,Operations,Website,Pune,Startup,3,closed,neutral,neutral,UX/UI,Suggestion,low,1
FB-10035,CU-5581,2026-01-24T11:51:00,Mobile users report they cannot complete signup on InsightCRM. The team mentioned InsightChat in the weekly review. Looking forward to a fix.,InsightAnalytics,Product,Social Media,Kolkata,Enterprise,2,in_progress,negative,frustration,Product,Bug Report,critical,3
FB-10866,CU-2096,2026-01-24T05:12:00,Quick update: Call center agents read from a script and did not understand the issue. I attached screenshots in the original ticket. Looking forward to a fix.,InsightPortal,Customer Support,Call Center,Dubai,Internal,2,closed,negative,frustration,Customer Support,Complaint,high,2
FB-10859,CU-7401,2026-01-24T04:21:00,Appreciate the proactive outage communication. I am following up because there was no response.,InsightAnalytics,Sales,Call Center,Pune,Internal,5,resolved,positive,anger,Customer Support,Praise,low,2
FB-11656,CU-5303,2026-01-24T02:01:00,"Hi, The courier missed the delivery window three times in Singapore. This is impacting customers in Surat. Logged by the duty manager.",InsightCRM,Operations,Survey,Singapore,Consumer,2,open,negative,frustration,Delivery,Complaint,high,2
FB-10559,CU-5129,2026-01-24T00:48:00,"Hi, Billing error created an unauthorized charge on our card. This happened after the latest update. Looking forward to a fix.",InsightChat,Product,Email,Surat,SMB,1,open,negative,anger,Technical Issue,Complaint,critical,5
FB-12179,CU-7007,2026-01-23T19:48:00,"To be clear, Response time from customer support is getting worse every week. Our enterprise account is affected. Thanks.",InsightSecure,Customer Support,Email,New York,Internal,1,closed,neutral,frustration,Customer Support,Request,medium,2
FB-10738,CU-7575,2026-01-23T17:49:00,Quick update: Great improvement in mobile performance this month. The team mentioned InsightPay in the weekly review. Logged by the duty manager.,InsightSecure,Finance,Survey,Singapore,SMB,5,resolved,positive,neutral,Product,Praise,low,1
FB-11373,CU-6555,2026-01-23T17:37:00,"For the record, Delivery to Chennai was earlier than the estimated date. Our enterprise account is affected. Please advise.",InsightChat,Operations,Call Center,Mumbai,Startup,5,open,neutral,satisfaction,Account,Request,low,1
FB-10465,CU-8559,2026-01-23T15:14:00,Quick update: Documentation update saved our engineering team hours. A workaround exists but it is not acceptable long term. Thanks.,InsightPortal,Finance,Survey,Singapore,Enterprise,4,open,neutral,frustration,UX/UI,Suggestion,low,1
FB-10717,CU-7540,2026-01-23T12:03:00,Quick update: Billing error created an unauthorized charge on our card. We have seen this twice already.,InsightPortal,Engineering,Call Center,Delhi,Consumer,2,in_progress,negative,anger,Technical Issue,Bug Report,critical,5
FB-10811,CU-1686,2026-01-23T09:27:00,"To be clear, Support never called back after I reported a critical outage. This is impacting customers in New York. Please advise.",InsightPortal,Customer Support,Internal,Ahmedabad,Consumer,2,open,negative,frustration,Customer Support,Bug Report,critical,4
FB-12145,CU-1139,2026-01-22T20:39:00,"Hello team, Billing error created an unauthorized charge on our card. Please treat this as high priority. Thanks.",InsightPortal,Finance,Email,Pune,Consumer,2,open,neutral,anger,Technical Issue,Suggestion,high,4
FB-10509,CU-5206,2026-01-22T20:10:00,"Hi, How do I export department analytics for last quarter? A workaround exists but it is not acceptable long term.",InsightCloud,Sales,Website,Surat,Enterprise,3,in_progress,neutral,confusion,UX/UI,Information,low,1
FB-11763,CU-2511,2026-01-22T16:05:00,"Hello team, Package for InsightCloud arrived damaged in Singapore. Please treat this as high priority. Sharing this from the field.",InsightCRM,Customer Support,Social Media,Jaipur,Startup,2,in_progress,negative,neutral,Technical Issue,Bug Report,medium,3
FB-11132,CU-5799,2026-01-22T12:46:00,"Hi, Is there a sandbox for InsightPay chargebacks? This is impacting customers in Delhi. Looking forward to a fix.",InsightCloud,Engineering,Website,Bangalore,Startup,4,open,negative,satisfaction,Documentation,Complaint,medium,2
FB-11171,CU-9126,2026-01-22T05:11:00,"For the record, Mobile users report they cannot complete signup on InsightPay. A workaround exists but it is not acceptable long term. Looking forward to a fix.",InsightSecure,Customer Support,Social Media,Singapore,SMB,2,open,negative,frustration,UX/UI,Bug Report,critical,3
FB-10387,CU-9443,2026-01-21T13:25:00,"Hi, Documentation update saved our engineering team hours. Please treat this as high priority. Looking forward to a fix.",InsightAnalytics,Sales,Internal,London,Partner,5,open,neutral,joy,Product,Praise,low,1
FB-11077,CU-3378,2026-01-21T10:28:00,"Hi, Need access for two additional analysts this week. The team mentioned InsightChat in the weekly review. Sharing this from the field.",InsightAnalytics,Operations,Call Center,Delhi,Internal,3,closed,neutral,neutral,Customer Support,Request,low,1
FB-11510,CU-5377,2026-01-21T10:24:00,Refund was issued quickly and with a clear explanation. We have seen this twice already. Logged by the duty manager.,InsightSecure,Sales,Email,New York,Partner,4,in_progress,positive,anger,Technical Issue,Bug Report,medium,2
FB-10380,CU-9270,2026-01-21T09:42:00,Duplicate invoices were sent to finance after renewal. Our enterprise account is affected. Logged by the duty manager.,InsightPortal,Engineering,Social Media,Kolkata,Startup,2,resolved,negative,neutral,Account,Request,medium,3
FB-10598,CU-8555,2026-01-21T09:19:00,"Hello team, We are happy with the reliability of InsightSecure this quarter. I am following up because there was no response. Please advise.",InsightCloud,Product,Email,Pune,Consumer,4,open,positive,joy,Product,Praise,low,1
FB-11145,CU-6461,2026-01-21T08:18:00,"To be clear, Sharing an FYI that finance will review invoices tomorrow. The team mentioned InsightCloud in the weekly review. Please advise.",InsightCRM,Customer Support,Call Center,Chennai,Partner,4,in_progress,neutral,neutral,Product,Information,low,2
FB-11982,CU-7247,2026-01-20T23:53:00,"Hello team, The latest release introduced a severe performance regression. The team mentioned InsightPay in the weekly review. Please advise.",InsightMobile,Product,Internal,Bangalore,Enterprise,2,closed,neutral,disappointment,Product,Praise,high,2
FB-11053,CU-1213,2026-01-20T22:00:00,Quick update: Appreciate the proactive outage communication. A workaround exists but it is not acceptable long term. Please advise.,InsightMobile,Finance,Email,Ahmedabad,Internal,5,open,neutral,neutral,UX/UI,Suggestion,low,2
FB-10640,CU-4509,2026-01-20T20:56:00,"Hello team, We may add twenty more seats if the trial goes well. The team mentioned InsightMobile in the weekly review. Logged by the duty manager.",InsightCloud,Sales,Website,Pune,Enterprise,3,in_progress,positive,neutral,Product,Praise,low,1
FB-11692,CU-2745,2026-01-20T19:23:00,Quick update: The latest release introduced a severe performance regression. This happened after the latest update. Thanks.,InsightPay,HR,Mobile App,Surat,Startup,2,resolved,negative,disappointment,Product,Complaint,critical,3
FB-11720,CU-6483,2026-01-20T15:04:00,Sales team prepared a thoughtful demo for our executives. Please treat this as high priority. Looking forward to a fix.,InsightChat,Customer Support,Chat,New York,Internal,4,in_progress,positive,neutral,Product,Praise,low,1
FB-11974,CU-1903,2026-01-20T14:35:00,"For the record, Refund for a failed InsightChat payment is still pending. This happened after the latest update. Looking forward to a fix.",InsightAnalytics,Operations,Survey,Hyderabad,Internal,2,resolved,negative,anger,Payment,Complaint,critical,5
FB-12085,CU-5112,2026-01-20T02:01:00,"To be clear, We are happy with the reliability of InsightCRM this quarter. I attached screenshots in the original ticket. Thanks.",InsightCloud,Customer Support,Chat,Bangalore,SMB,5,resolved,positive,joy,Product,Praise,low,1
FB-11771,CU-8669,2026-01-19T19:56:00,"For the record, I am angry that the ticket was closed without a resolution. The team mentioned InsightAnalytics in the weekly review. Sharing this from the field.",InsightMobile,Customer Support,Survey,Jaipur,Internal,2,open,positive,satisfaction,Customer Support,Praise,low,2
FB-10020,CU-2137,2026-01-19T12:21:00,"Hi, Is there a sandbox for InsightPay chargebacks? The issue started last Thursday. Thanks.",InsightAnalytics,HR,Social Media,Hyderabad,Internal,3,in_progress,negative,frustration,Customer Support,Complaint,high,2
FB-12008,CU-5694,2026-01-19T09:38:00,Refund for a failed InsightPay payment is still pending. Our enterprise account is affected. Looking forward to a fix.,InsightCRM,HR,Mobile App,Pune,Internal,2,resolved,negative,anger,Account,Request,critical,5
FB-11907,CU-1693,2026-01-19T08:51:00,Quick update: Documentation is outdated and caused a production misconfiguration. The team mentioned InsightPay in the weekly review.,InsightAnalytics,Operations,Website,Bangalore,SMB,2,open,negative,confusion,Documentation,Praise,medium,2
FB-10011,CU-7912,2026-01-19T06:34:00,Quick update: Documentation update saved our engineering team hours. This happened after the latest update. Logged by the duty manager.,InsightPortal,Operations,Email,Bangalore,Consumer,5,open,negative,neutral,Product,Complaint,medium,1
FB-10526,CU-4270,2026-01-19T04:27:00,Need access for two additional analysts this week. I am following up because there was no response. Thanks.,InsightPay,Sales,Mobile App,Dubai,Enterprise,3,in_progress,negative,neutral,Customer Support,Request,medium,1
FB-11716,CU-3742,2026-01-19T04:10:00,"Hello team, Great improvement in mobile performance this month. A workaround exists but it is not acceptable long term. Sharing this from the field.",InsightPay,Customer Support,Chat,Jaipur,Partner,4,open,neutral,neutral,Performance,Suggestion,low,1
FB-10346,CU-8772,2026-01-19T03:50:00,"For the record, Please confirm whether SSO is enabled for partner accounts. A workaround exists but it is not acceptable long term. Logged by the duty manager.",InsightMobile,Finance,Internal,Mumbai,SMB,3,resolved,neutral,neutral,Security,Suggestion,low,1
FB-12025,CU-4916,2026-01-19T02:34:00,"Hello team, Documentation is outdated and caused a production misconfiguration. I am following up because there was no response.",InsightCRM,Sales,Call Center,Dubai,Enterprise,1,closed,positive,confusion,Documentation,Praise,low,2
FB-11163,CU-9034,2026-01-18T21:35:00,"Hi, Great improvement in mobile performance this month. A workaround exists but it is not acceptable long term.",InsightPay,Operations,Call Center,Ahmedabad,Startup,5,open,neutral,frustration,Performance,Suggestion,low,1
FB-11456,CU-6775,2026-01-18T18:04:00,Quick update: Noting that the internal survey was completed by HR. The team mentioned InsightCloud in the weekly review. Please advise.,InsightMobile,Sales,Chat,Hyderabad,Enterprise,4,in_progress,neutral,neutral,Other,Praise,low,1
FB-10323,CU-7835,2026-01-18T17:24:00,"Hello team, Appreciate the proactive outage communication. This is impacting customers in Kolkata. Logged by the duty manager.",InsightSecure,HR,Email,Bangalore,Internal,4,open,negative,anger,Technical Issue,Praise,high,3
FB-11944,CU-2399,2026-01-18T10:08:00,Quick update: The InsightChat checkout failed and I was still charged. The issue started last Thursday. Sharing this from the field.,InsightCloud,Product,Email,Ahmedabad,SMB,2,open,negative,anger,Customer Support,Complaint,critical,5
FB-11919,CU-5060,2026-01-18T09:25:00,"Hi, I am frustrated that the InsightSecure app crashes during payment. Our enterprise account is affected.",InsightSecure,Engineering,Call Center,Pune,SMB,1,resolved,negative,joy,Account,Request,high,4
FB-11333,CU-2578,2026-01-18T09:09:00,"To be clear, The InsightCRM rollout is scheduled for next Monday in Surat. I attached screenshots in the original ticket. Please advise.",InsightPay,Customer Support,Internal,London,Consumer,3,in_progress,neutral,satisfaction,Delivery,Praise,low,1
FB-12088,CU-5166,2026-01-18T02:26:00,"Hello team, I am frustrated that the InsightSecure app crashes during payment. This happened after the latest update. Please advise.",InsightPay,Engineering,Website,Mumbai,Consumer,2,open,negative,neutral,Technical Issue,Complaint,critical,5
FB-11476,CU-6426,2026-01-17T19:39:00,"Hi, Response time from customer support is getting worse every week. Our enterprise account is affected. Please advise.",InsightCloud,Customer Support,Social Media,Jaipur,Enterprise,2,resolved,neutral,neutral,Customer Support,Request,medium,2
FB-10994,CU-9944,2026-01-17T12:40:00,"To be clear, Customer support resolved our incident in twenty minutes. The team mentioned InsightAnalytics in the weekly review.",InsightChat,Customer Support,Chat,Jaipur,Internal,4,in_progress,positive,joy,Customer Support,Praise,low,1
FB-11389,CU-5149,2026-01-17T12:04:00,Quick update: Response time from customer support is getting worse every week. The issue started last Thursday. Sharing this from the field.,InsightChat,Customer Support,Survey,Hyderabad,SMB,2,closed,negative,frustration,Customer Support,Request,medium,2
FB-10294,CU-1483,2026-01-17T10:53:00,Sales team prepared a thoughtful demo for our executives. We have seen this twice already. Sharing this from the field.,InsightMobile,Finance,Survey,Pune,Consumer,5,open,positive,anger,Technical Issue,Bug Report,low,1
FB-11900,CU-5785,2026-01-17T09:11:00,"Hello team, The onboarding specialist made InsightAnalytics easy to adopt. We have seen this twice already. Please advise.",InsightChat,Engineering,Internal,Bangalore,SMB,5,resolved,positive,anger,Technical Issue,Bug Report,low,1
FB-10528,CU-5986,2026-01-17T08:31:00,Quick update: Delivery was extremely late and customer support did not respond. I attached screenshots in the original ticket. Please advise.,InsightSecure,Operations,Mobile App,Surat,Internal,2,open,negative,frustration,Customer Support,Complaint,critical,3
FB-10232,CU-2877,2026-01-17T07:39:00,Quick update: Sales team prepared a thoughtful demo for our executives. The issue started last Thursday. Logged by the duty manager.,InsightAnalytics,Operations,Email,London,Partner,5,resolved,negative,frustration,Customer Support,Praise,medium,1
FB-11139,CU-4865,2026-01-17T05:07:00,Quick update: Refund for a failed InsightSecure payment is still pending. I am following up because there was no response. Thanks.,InsightPay,Product,Call Center,London,Internal,1,resolved,negative,anger,Payment,Complaint,critical,5
FB-11999,CU-1672,2026-01-17T02:52:00,"Hello team, We may add twenty more seats if the trial goes well. We have seen this twice already. Sharing this from the field.",InsightSecure,Customer Support,Website,Mumbai,Consumer,4,open,neutral,anger,Technical Issue,Bug Report,medium,1
FB-11737,CU-2048,2026-01-16T22:29:00,Noting that the internal survey was completed by HR. I am following up because there was no response. Logged by the duty manager.,InsightSecure,Finance,Call Center,Bangalore,Consumer,4,closed,neutral,neutral,Other,Information,low,1
FB-12047,CU-5457,2026-01-16T18:53:00,"Hello team, Great improvement in mobile performance this month. This happened after the latest update. Looking forward to a fix.",InsightChat,Finance,Social Media,London,SMB,5,open,negative,disappointment,Technical Issue,Complaint,medium,3
FB-10329,CU-2382,2026-01-16T16:55:00,"Hello team, We cannot login to InsightMobile since the last update. The team mentioned InsightSecure in the weekly review. Please advise.",InsightPay,Engineering,Email,Jaipur,SMB,2,resolved,negative,frustration,Technical Issue,Bug Report,high,3
FB-11001,CU-8765,2026-01-16T14:27:00,"Hello team, The InsightPay checkout failed and I was still charged. This is impacting customers in Dubai.",InsightPortal,Finance,Social Media,Pune,SMB,2,resolved,negative,anger,Payment,Praise,critical,5
FB-10912,CU-8950,2026-01-16T13:36:00,"Hi, Billing error created an unauthorized charge on our card. The issue started last Thursday.",InsightCloud,Engineering,Chat,Singapore,Partner,2,resolved,negative,anger,Other,Complaint,critical,5
FB-11244,CU-5913,2026-01-16T11:46:00,"Hello team, Please confirm whether SSO is enabled for partner accounts. A workaround exists but it is not acceptable long term. Please advise.",InsightChat,Operations,Internal,Mumbai,Partner,3,in_progress,neutral,neutral,UX/UI,Suggestion,low,1
FB-10617,CU-5001,2026-01-16T09:02:00,Noting that the internal survey was completed by HR. This happened after the latest update.,InsightSecure,Product,Social Media,Mumbai,Partner,3,in_progress,negative,neutral,Technical Issue,Complaint,high,2
FB-10437,CU-6026,2026-01-16T08:49:00,Delivery was extremely late and customer support did not respond. Our enterprise account is affected. Sharing this from the field.,InsightCloud,Operations,Chat,London,SMB,1,open,negative,frustration,Customer Support,Request,critical,3
FB-11098,CU-2765,2026-01-16T08:26:00,"Hello team, Documentation is outdated and caused a production misconfiguration. We have seen this twice already. Thanks.",InsightCRM,Finance,Website,Bangalore,SMB,2,resolved,negative,anger,Technical Issue,Bug Report,high,3
FB-10270,CU-7251,2026-01-16T06:57:00,"Hi, InsightSecure audit logs are exactly what compliance needed. Please treat this as high priority. Looking forward to a fix.",InsightAnalytics,HR,Website,Surat,Internal,4,open,negative,neutral,Technical Issue,Bug Report,medium,2
FB-11201,CU-4212,2026-01-16T02:10:00,Documentation is outdated and caused a production misconfiguration. This is impacting customers in Dubai. Please advise.,InsightSecure,Product,Social Media,Surat,Internal,1,open,neutral,confusion,Documentation,Suggestion,medium,2
FB-12193,CU-1385,2026-01-15T22:29:00,"For the record, Where can I find the data retention policy? The team mentioned InsightChat in the weekly review. Please advise.",InsightMobile,Sales,Social Media,Delhi,Partner,3,in_progress,neutral,confusion,Other,Question,low,1
FB-11694,CU-6381,2026-01-15T19:57:00,"To be clear, The current plan is acceptable but we will compare alternatives. I am following up because there was no response. Looking forward to a fix.",InsightCRM,Product,Social Media,London,Internal,3,open,neutral,neutral,Performance,Information,low,1
FB-11435,CU-4636,2026-01-15T15:48:00,"To be clear, The onboarding specialist made InsightPay easy to adopt. The issue started last Thursday. Please advise.",InsightChat,Engineering,Social Media,Hyderabad,Enterprise,4,resolved,positive,joy,Product,Praise,low,1
FB-11291,CU-4424,2026-01-15T02:51:00,"Hello team, Authentication failures are blocking our entire sales team. Our enterprise account is affected. Sharing this from the field.",InsightPay,Finance,Chat,Pune,SMB,1,resolved,negative,frustration,Account,Request,high,2
FB-12123,CU-7241,2026-01-14T22:28:00,Need access for two additional analysts this week. We have seen this twice already. Thanks.,InsightAnalytics,HR,Call Center,New York,Startup,3,open,negative,neutral,Customer Support,Request,low,1
FB-10888,CU-2389,2026-01-14T21:53:00,Appreciate the proactive outage communication. We have seen this twice already. Thanks.,InsightChat,Customer Support,Email,Delhi,Enterprise,5,open,negative,anger,Technical Issue,Bug Report,critical,5
FB-10087,CU-3986,2026-01-14T21:29:00,Can you schedule a training session for the operations team? Please treat this as high priority. Please advise.,InsightPortal,Finance,Email,Surat,Internal,3,resolved,neutral,neutral,Customer Support,Request,low,1
FB-10755,CU-1458,2026-01-14T20:20:00,"Hi, The current plan is acceptable but we will compare alternatives. This happened after the latest update. Sharing this from the field.",InsightPay,Sales,Website,Bangalore,Consumer,4,open,neutral,disappointment,Technical Issue,Information,low,1
FB-11610,CU-7427,2026-01-14T18:52:00,"Hello team, How do I export department analytics for last quarter? Please treat this as high priority. Please advise.",InsightCloud,Engineering,Social Media,Bangalore,Enterprise,3,in_progress,neutral,confusion,Technical Issue,Bug Report,medium,1
FB-11465,CU-3706,2026-01-14T17:17:00,Great improvement in mobile performance this month. This happened after the latest update. Please advise.,InsightChat,Engineering,Website,Ahmedabad,Consumer,5,open,negative,disappointment,Technical Issue,Complaint,medium,2
FB-10239,CU-2275,2026-01-14T12:41:00,"For the record, Refund for a failed InsightCloud payment is still pending. A workaround exists but it is not acceptable long term. Please advise.",InsightChat,Product,Social Media,Pune,SMB,2,in_progress,neutral,anger,Payment,Suggestion,high,4
FB-10094,CU-4292,2026-01-14T11:32:00,"Hello team, Consider adding a weekly digest for managers. Please treat this as high priority. Logged by the duty manager.",InsightCRM,Customer Support,Email,Delhi,Consumer,4,open,neutral,neutral,Other,Suggestion,low,1
FB-10062,CU-7897,2026-01-14T08:03:00,"Hi, InsightSecure audit logs are exactly what compliance needed. This happened after the latest update. Thanks.",InsightMobile,Finance,Mobile App,New York,Enterprise,5,in_progress,negative,disappointment,Product,Complaint,high,2
FB-11591,CU-5079,2026-01-14T03:21:00,Quick update: The latest release introduced a severe performance regression. This is impacting customers in Jaipur. Looking forward to a fix.,InsightCRM,Customer Support,Chat,New York,SMB,2,resolved,negative,disappointment,Product,Complaint,critical,3
FB-11863,CU-8189,2026-01-14T01:23:00,"Hello team, Documentation update saved our engineering team hours. We have seen this twice already. Looking forward to a fix.",InsightChat,Sales,Email,Bangalore,Startup,5,resolved,positive,anger,Product,Bug Report,low,1
FB-12005,CU-1393,2026-01-13T23:17:00,"Hi, Delivery was extremely late and customer support did not respond. This is impacting customers in Jaipur.",InsightCloud,Operations,Website,Chennai,Partner,1,resolved,negative,frustration,Customer Support,Complaint,critical,3
FB-10863,CU-3651,2026-01-13T21:18:00,Customer support resolved our incident in twenty minutes. The issue started last Thursday. Thanks.,InsightAnalytics,Customer Support,Chat,Delhi,Internal,5,open,neutral,anger,Customer Support,Request,low,1
FB-11506,CU-9605,2026-01-13T20:10:00,"For the record, Customer support resolved our incident in twenty minutes. The issue started last Thursday. Thanks.",InsightAnalytics,Customer Support,Call Center,Singapore,Enterprise,5,in_progress,neutral,anger,Customer Support,Request,low,1
FB-11586,CU-4204,2026-01-13T17:13:00,Sharing an FYI that finance will review invoices tomorrow. The issue started last Thursday.,InsightChat,Customer Support,Website,Kolkata,Consumer,3,resolved,neutral,neutral,Other,Information,low,2
FB-11026,CU-8700,2026-01-13T06:52:00,"Hi, The InsightCloud checkout failed and I was still charged. This is impacting customers in New York. Looking forward to a fix.",InsightMobile,Product,Email,Kolkata,SMB,2,closed,negative,anger,Payment,Praise,critical,5
FB-11827,CU-2039,2026-01-13T03:07:00,Quick update: Response time from customer support is getting worse every week. I am following up because there was no response. Please advise.,InsightChat,Customer Support,Mobile App,Surat,Internal,1,resolved,neutral,neutral,Customer Support,Request,medium,2
FB-11662,CU-2411,2026-01-13T02:17:00,I am frustrated that the InsightPortal app crashes during payment. I am following up because there was no response.,InsightAnalytics,Engineering,Survey,Hyderabad,Partner,1,in_progress,negative,joy,Technical Issue,Praise,high,5
FB-12122,CU-2063,2026-01-12T19:33:00,"Hi, Security alert fired after suspicious admin logins. I attached screenshots in the original ticket. Looking forward to a fix.",InsightAnalytics,Customer Support,Website,Singapore,Startup,2,resolved,negative,anger,Security,Complaint,critical,5
FB-10981,CU-4511,2026-01-12T13:54:00,Quick update: The onboarding specialist made InsightAnalytics easy to adopt. I am following up because there was no response.,InsightMobile,Customer Support,Internal,Ahmedabad,Partner,4,in_progress,positive,joy,Service,Praise,low,1
FB-10042,CU-3037,2026-01-12T09:38:00,"Hello team, Consider adding a weekly digest for managers. Please treat this as high priority. Please advise.",InsightAnalytics,Engineering,Internal,New York,Startup,3,resolved,neutral,neutral,Other,Suggestion,low,1
FB-10272,CU-4982,2026-01-12T08:37:00,"Hello team, Authentication failures are blocking our entire sales team. This happened after the latest update. Logged by the duty manager.",InsightCloud,Engineering,Website,Ahmedabad,Partner,1,resolved,negative,disappointment,Product,Bug Report,critical,3
FB-11536,CU-5955,2026-01-12T08:29:00,Quick update: The onboarding specialist made InsightCRM easy to adopt. I am following up because there was no response. Logged by the duty manager.,InsightAnalytics,HR,Email,Ahmedabad,SMB,5,open,positive,joy,Service,Praise,low,1
FB-12082,CU-5919,2026-01-12T02:40:00,"To be clear, Support never called back after I reported a critical outage. Our enterprise account is affected. Please advise.",InsightAnalytics,Customer Support,Chat,Delhi,Partner,2,open,negative,frustration,Customer Support,Request,critical,4
FB-10267,CU-7199,2026-01-11T22:47:00,Quick update: Where can I find the data retention policy? This happened after the latest update. Sharing this from the field.,InsightChat,HR,Call Center,Bangalore,Enterprise,3,in_progress,negative,confusion,Other,Question,medium,1
FB-10854,CU-9337,2026-01-11T22:30:00,"Hi, Price increase was communicated poorly and feels unjustified. I am following up because there was no response.",InsightPortal,Product,Social Media,Bangalore,Internal,2,resolved,positive,satisfaction,Customer Support,Praise,low,3
FB-10241,CU-4992,2026-01-11T20:53:00,"For the record, Response time from customer support is getting worse every week. I attached screenshots in the original ticket. Looking forward to a fix.",InsightChat,Customer Support,Website,Mumbai,Partner,2,in_progress,neutral,neutral,Customer Support,Request,medium,2
FB-11500,CU-9452,2026-01-11T19:22:00,"To be clear, Payment reconciliation finally works without manual edits. This happened after the latest update.",InsightAnalytics,Product,Survey,Kolkata,SMB,4,open,negative,frustration,Product,Complaint,high,3
FB-10183,CU-1328,2026-01-11T14:04:00,Quick update: Feature request: webhook retries with exponential backoff. A workaround exists but it is not acceptable long term. Sharing this from the field.,InsightPay,Product,Survey,Bangalore,Enterprise,4,open,neutral,neutral,Customer Support,Suggestion,low,1
FB-11842,CU-8130,2026-01-11T13:22:00,"For the record, Refund was issued quickly and with a clear explanation. Please treat this as high priority. Sharing this from the field.",InsightPortal,Sales,Call Center,London,Startup,5,open,neutral,satisfaction,Customer Support,Suggestion,low,2
FB-11751,CU-9759,2026-01-11T09:34:00,"For the record, Need access for two additional analysts this week. The issue started last Thursday. Thanks.",InsightSecure,Product,Internal,New York,Consumer,3,open,neutral,neutral,Customer Support,Request,low,1
FB-10389,CU-4907,2026-01-11T08:43:00,"Hello team, Authentication failures are blocking our entire sales team. I attached screenshots in the original ticket. Looking forward to a fix.",InsightCRM,Customer Support,Mobile App,Mumbai,SMB,2,open,positive,joy,Product,Praise,low,2
FB-11405,CU-2006,2026-01-11T08:10:00,"Hello team, Refund for a failed InsightSecure payment is still pending. Our enterprise account is affected. Looking forward to a fix.",InsightSecure,Engineering,Call Center,Singapore,SMB,1,open,negative,anger,Account,Request,critical,5
FB-11942,CU-4776,2026-01-11T00:58:00,"Hi, Chat support was knowledgeable and patient. We have seen this twice already. Please advise.",InsightMobile,Customer Support,Survey,New York,Startup,5,resolved,neutral,anger,Customer Support,Bug Report,low,1
FB-11309,CU-9009,2026-01-11T00:38:00,Appreciate the proactive outage communication. Our enterprise account is affected. Logged by the duty manager.,InsightSecure,Engineering,Call Center,Delhi,SMB,4,resolved,neutral,neutral,Account,Request,medium,2
FB-10548,CU-8443,2026-01-11T00:25:00,"For the record, The interface redesign is intuitive and reduced training time. Please treat this as high priority.",InsightChat,Finance,Social Media,Jaipur,Partner,5,open,negative,neutral,UX/UI,Suggestion,low,1
FB-12129,CU-9237,2026-01-10T23:38:00,"To be clear, It would help to have saved filters on the explorer table. Our enterprise account is affected. Sharing this from the field.",InsightCRM,Sales,Email,Ahmedabad,Internal,4,open,neutral,neutral,Account,Suggestion,low,1
FB-10976,CU-8167,2026-01-10T14:59:00,"Hello team, I am delighted with the quality of the latest InsightPay release. Please treat this as high priority. Logged by the duty manager.",InsightAnalytics,HR,Chat,Pune,SMB,4,open,positive,joy,Product,Praise,low,1
FB-12126,CU-9444,2026-01-10T13:54:00,"Hello team, Documentation update saved our engineering team hours. I am following up because there was no response. Sharing this from the field.",InsightSecure,Sales,Social Media,Hyderabad,Enterprise,4,open,positive,joy,Customer Support,Praise,low,1
FB-11369,CU-7745,2026-01-10T07:46:00,"Hello team, Response time from customer support is getting worse every week. The issue started last Thursday. Sharing this from the field.",InsightAnalytics,Customer Support,Social Media,Hyderabad,SMB,1,open,neutral,frustration,Customer Support,Request,medium,2
FB-10397,CU-7722,2026-01-10T07:33:00,"Hi, The interface redesign is intuitive and reduced training time. This is impacting customers in London. Please advise.",InsightMobile,HR,Survey,Chennai,Consumer,5,resolved,negative,anger,UX/UI,Praise,low,1
FB-11764,CU-1591,2026-01-10T06:07:00,Quick update: Price increase was communicated poorly and feels unjustified. A workaround exists but it is not acceptable long term. Logged by the duty manager.,InsightCloud,Finance,Email,Surat,Internal,2,open,negative,satisfaction,UX/UI,Suggestion,medium,3
FB-10963,CU-8644,2026-01-10T03:55:00,"Hello team, Refund was issued quickly and with a clear explanation. This is impacting customers in London. Logged by the duty manager.",InsightPortal,Engineering,Email,Ahmedabad,Enterprise,4,resolved,positive,satisfaction,Payment,Praise,low,2
FB-10469,CU-2126,2026-01-10T03:08:00,Price increase was communicated poorly and feels unjustified. This happened after the latest update. Thanks.,InsightChat,Engineering,Chat,Dubai,SMB,2,open,negative,disappointment,Technical Issue,Complaint,critical,5
FB-11106,CU-9286,2026-01-09T21:30:00,"For the record, Chat support was knowledgeable and patient. This happened after the latest update. Sharing this from the field.",InsightMobile,Customer Support,Mobile App,Mumbai,SMB,4,open,negative,satisfaction,Customer Support,Complaint,medium,1
FB-11101,CU-3233,2026-01-09T19:50:00,"Hello team, I am angry that the ticket was closed without a resolution. The team mentioned InsightSecure in the weekly review. Thanks.",InsightCRM,Customer Support,Website,Mumbai,Startup,2,in_progress,positive,joy,Customer Support,Praise,low,2
FB-11314,CU-3466,2026-01-09T05:49:00,Quick update: The onboarding specialist made InsightCRM easy to adopt. This happened after the latest update. Please advise.,InsightChat,Finance,Email,Chennai,Consumer,4,in_progress,negative,joy,Technical Issue,Complaint,medium,2
FB-10432,CU-5968,2026-01-09T03:23:00,"Hi, Can you schedule a training session for the operations team? This is impacting customers in Surat. Sharing this from the field.",InsightAnalytics,Product,Social Media,Chennai,Enterprise,3,resolved,neutral,neutral,Customer Support,Request,low,1
FB-10170,CU-6145,2026-01-09T03:10:00,It would help to have saved filters on the explorer table. The team mentioned InsightAnalytics in the weekly review. Thanks.,InsightPortal,Engineering,Chat,Surat,Partner,4,open,neutral,neutral,Other,Suggestion,low,1
FB-11948,CU-3658,2026-01-09T00:57:00,Price increase was communicated poorly and feels unjustified. This is impacting customers in Jaipur. Please advise.,InsightCloud,HR,Website,Surat,Consumer,2,open,negative,disappointment,Technical Issue,Suggestion,medium,4
FB-10966,CU-1280,2026-01-08T19:18:00,Delivery was extremely late and customer support did not respond. A workaround exists but it is not acceptable long term. Sharing this from the field.,InsightChat,Operations,Call Center,New York,Startup,1,closed,negative,frustration,Customer Support,Complaint,critical,3
FB-11114,CU-7590,2026-01-08T18:20:00,Refund was issued quickly and with a clear explanation. I am following up because there was no response. Please advise.,InsightSecure,HR,Call Center,Pune,SMB,5,in_progress,positive,satisfaction,Payment,Praise,low,2
FB-10797,CU-7132,2026-01-08T17:00:00,"Hi, Search is too slow to be usable during business hours. I attached screenshots in the original ticket. Sharing this from the field.",InsightAnalytics,Customer Support,Chat,Mumbai,SMB,1,resolved,positive,satisfaction,Performance,Praise,low,2
FB-10896,CU-7766,2026-01-08T12:24:00,"Hi, The courier missed the delivery window three times in Pune. I attached screenshots in the original ticket. Logged by the duty manager.",InsightCloud,Operations,Email,Singapore,Startup,2,in_progress,negative,frustration,Customer Support,Complaint,high,2
FB-10894,CU-2886,2026-01-08T11:20:00,"For the record, Please confirm whether SSO is enabled for partner accounts. A workaround exists but it is not acceptable long term. Logged by the duty manager.",InsightChat,Finance,Social Media,Singapore,Startup,3,open,neutral,neutral,Security,Suggestion,low,1
FB-11712,CU-6524,2026-01-08T01:36:00,"To be clear, We may add twenty more seats if the trial goes well. This is impacting customers in Pune.",InsightPortal,Product,Website,Pune,Enterprise,4,in_progress,neutral,anger,Performance,Suggestion,low,1
FB-11929,CU-7035,2026-01-08T01:22:00,"To be clear, The interface redesign is intuitive and reduced training time. I attached screenshots in the original ticket. Logged by the duty manager.",InsightCloud,Customer Support,Chat,Delhi,Internal,4,resolved,positive,satisfaction,UX/UI,Praise,low,1
FB-11286,CU-4248,2026-01-07T22:21:00,Customer support resolved our incident in twenty minutes. This happened after the latest update. Sharing this from the field.,InsightCloud,Customer Support,Internal,Delhi,SMB,5,in_progress,negative,anger,Customer Support,Request,medium,1
FB-10025,CU-2746,2026-01-07T20:44:00,"For the record, Security alert fired after suspicious admin logins. This is impacting customers in New York. Looking forward to a fix.",InsightPay,Engineering,Chat,Delhi,SMB,1,resolved,neutral,anger,Security,Complaint,critical,4
FB-11883,CU-2530,2026-01-07T20:38:00,Quick update: Customer support resolved our incident in twenty minutes. This happened after the latest update. Thanks.,InsightSecure,Customer Support,Survey,Ahmedabad,Enterprise,4,open,negative,frustration,Customer Support,Request,high,2
FB-10625,CU-2875,2026-01-07T19:41:00,Quick update: We cannot login to InsightAnalytics since the last update. Our enterprise account is affected. Thanks.,InsightPay,Engineering,Website,Mumbai,Internal,1,in_progress,negative,frustration,Account,Request,critical,3
FB-11218,CU-8351,2026-01-07T14:11:00,"Hi, Documentation update saved our engineering team hours. I am following up because there was no response. Looking forward to a fix.",InsightAnalytics,Customer Support,Chat,Pune,Startup,5,open,positive,joy,Product,Praise,low,1
FB-10052,CU-3950,2026-01-07T07:33:00,We cannot login to InsightAnalytics since the last update. This happened after the latest update. Please advise.,InsightChat,Engineering,Email,Mumbai,Enterprise,2,resolved,negative,frustration,Technical Issue,Bug Report,critical,4
FB-10728,CU-6798,2026-01-06T21:14:00,"To be clear, Sharing an FYI that finance will review invoices tomorrow. A workaround exists but it is not acceptable long term. Thanks.",InsightPay,Operations,Email,Jaipur,Partner,4,in_progress,neutral,neutral,UX/UI,Information,low,2
FB-11992,CU-1509,2026-01-06T20:47:00,Quick update: The latest release introduced a severe performance regression. This is impacting customers in Surat.,InsightAnalytics,Engineering,Internal,Jaipur,SMB,1,in_progress,negative,disappointment,Product,Complaint,critical,3
FB-10496,CU-9158,2026-01-06T16:56:00,Quick update: Customer support resolved our incident in twenty minutes. The team mentioned InsightCloud in the weekly review. Please advise.,InsightPay,Customer Support,Mobile App,Bangalore,Internal,5,closed,neutral,neutral,Customer Support,Request,low,1
FB-11721,CU-3854,2026-01-06T14:37:00,Quick update: InsightSecure audit logs are exactly what compliance needed. This is impacting customers in Bangalore. Sharing this from the field.,InsightCRM,Customer Support,Social Media,Mumbai,Partner,5,resolved,negative,frustration,Technical Issue,Bug Report,medium,2
FB-12023,CU-5519,2026-01-06T14:23:00,"Hello team, The latest release introduced a severe performance regression. I am following up because there was no response. Sharing this from the field.",InsightAnalytics,Finance,Email,Mumbai,Enterprise,2,in_progress,positive,disappointment,Customer Support,Praise,medium,2
FB-10546,CU-7958,2026-01-06T12:46:00,"For the record, Call center agents read from a script and did not understand the issue. The issue started last Thursday. Thanks.",InsightPay,Finance,Survey,Ahmedabad,Internal,2,open,negative,anger,Customer Support,Complaint,high,2
FB-10231,CU-3316,2026-01-06T09:43:00,"For the record, The InsightPortal rollout is scheduled for next Monday in Mumbai. A workaround exists but it is not acceptable long term. Looking forward to a fix.",InsightSecure,Customer Support,Mobile App,Ahmedabad,Enterprise,3,in_progress,neutral,frustration,UX/UI,Information,medium,1
FB-10878,CU-1225,2026-01-06T09:17:00,"Hi, Delivery to Singapore was earlier than the estimated date. This happened after the latest update. Thanks.",InsightMobile,Operations,Internal,Singapore,Partner,5,open,negative,satisfaction,Technical Issue,Complaint,medium,3
FB-11614,CU-9763,2026-01-06T07:44:00,We are happy with the reliability of InsightSecure this quarter. A workaround exists but it is not acceptable long term. Sharing this from the field.,InsightCRM,Engineering,Website,Pune,Enterprise,5,resolved,positive,joy,Product,Praise,low,1
FB-11843,CU-3442,2026-01-06T06:47:00,"For the record, Payment reconciliation finally works without manual edits. We have seen this twice already. Please advise.",InsightPortal,HR,Survey,Bangalore,Startup,5,resolved,negative,anger,Technical Issue,Bug Report,medium,3
FB-11438,CU-4548,2026-01-06T06:18:00,Duplicate invoices were sent to finance after renewal. The team mentioned InsightCloud in the weekly review.,InsightAnalytics,Engineering,Website,Hyderabad,Internal,2,resolved,positive,satisfaction,Product,Praise,low,3
FB-11474,CU-4728,2026-01-06T04:58:00,"Hi, Security alert fired after suspicious admin logins. I attached screenshots in the original ticket. Logged by the duty manager.",InsightChat,Customer Support,Mobile App,Mumbai,SMB,2,open,negative,anger,Security,Complaint,critical,5
FB-11110,CU-6251,2026-01-06T03:24:00,"Hello team, It would help to have saved filters on the explorer table. The issue started last Thursday.",InsightMobile,Engineering,Social Media,Jaipur,Internal,3,in_progress,neutral,neutral,Other,Suggestion,low,1
FB-10198,CU-5250,2026-01-05T23:01:00,"To be clear, Authentication failures are blocking our entire sales team. A workaround exists but it is not acceptable long term. Looking forward to a fix.",InsightPortal,Product,Chat,Pune,Consumer,2,resolved,negative,joy,Product,Praise,medium,2
FB-11671,CU-5963,2026-01-05T20:48:00,Duplicate invoices were sent to finance after renewal. Please treat this as high priority. Logged by the duty manager.,InsightCRM,Sales,Chat,Dubai,Partner,2,resolved,negative,neutral,Product,Bug Report,high,3
FB-11368,CU-1759,2026-01-05T20:01:00,"For the record, The InsightSecure checkout failed and I was still charged. I am following up because there was no response. Thanks.",InsightCloud,Finance,Mobile App,Surat,SMB,2,open,positive,anger,Payment,Praise,medium,4
FB-10539,CU-3672,2026-01-05T15:48:00,"For the record, Where can I find the data retention policy? This happened after the latest update. Please advise.",InsightPortal,HR,Social Media,Hyderabad,Consumer,3,open,neutral,confusion,Other,Question,low,1
FB-11564,CU-6451,2026-01-05T15:08:00,"Hi, Search is too slow to be usable during business hours. This happened after the latest update. Logged by the duty manager.",InsightPay,Finance,Call Center,Pune,Internal,2,resolved,negative,disappointment,Product,Complaint,critical,3
FB-12095,CU-9624,2026-01-05T12:19:00,"Hi, I am frustrated that the InsightMobile app crashes during payment. This happened after the latest update. Thanks.",InsightAnalytics,Engineering,Website,Singapore,SMB,2,resolved,negative,disappointment,Technical Issue,Complaint,critical,5
FB-10939,CU-5040,2026-01-05T11:52:00,Quick update: Is there a sandbox for InsightPay chargebacks? Our enterprise account is affected. Looking forward to a fix.,InsightAnalytics,Operations,Email,London,Partner,3,resolved,negative,frustration,Account,Request,high,2
FB-11460,CU-4919,2026-01-05T08:44:00,"Hello team, Consider adding a weekly digest for managers. We have seen this twice already. Looking forward to a fix.",InsightPortal,Product,Internal,Singapore,Internal,4,resolved,negative,anger,Technical Issue,Suggestion,medium,2
FB-10581,CU-3788,2026-01-05T03:20:00,I am delighted with the quality of the latest InsightPortal release. Please treat this as high priority.,InsightChat,Operations,Mobile App,Delhi,Internal,4,closed,positive,joy,Product,Praise,low,1
FB-11566,CU-3988,2026-01-05T02:58:00,Quick update: Is there a sandbox for InsightPay chargebacks? The issue started last Thursday. Looking forward to a fix.,InsightMobile,Engineering,Chat,Bangalore,SMB,3,closed,negative,frustration,Customer Support,Complaint,high,3
FB-11411,CU-8679,2026-01-04T23:14:00,Duplicate invoices were sent to finance after renewal. The team mentioned InsightMobile in the weekly review. Please advise.,InsightCloud,Engineering,Internal,Singapore,Partner,1,resolved,positive,neutral,Product,Praise,low,3
FB-12078,CU-4809,2026-01-04T21:29:00,Quick update: The interface redesign is intuitive and reduced training time. I am following up because there was no response. Please advise.,InsightCRM,Sales,Survey,New York,Consumer,5,resolved,positive,joy,UX/UI,Praise,low,1
FB-11052,CU-2452,2026-01-04T21:09:00,"Hi, How do I export department analytics for last quarter? We have seen this twice already. Sharing this from the field.",InsightPay,Product,Social Media,Bangalore,Consumer,4,closed,neutral,anger,Technical Issue,Bug Report,medium,1
FB-11161,CU-8965,2026-01-04T16:58:00,Quick update: The latest release introduced a severe performance regression. This is impacting customers in Delhi. Logged by the duty manager.,InsightCRM,Engineering,Email,Chennai,Enterprise,2,resolved,negative,disappointment,Product,Complaint,critical,3
FB-11796,CU-5524,2026-01-04T13:30:00,"Hi, Documentation is outdated and caused a production misconfiguration. The team mentioned InsightAnalytics in the weekly review. Please advise.",InsightChat,Product,Mobile App,Singapore,Partner,2,in_progress,neutral,confusion,Documentation,Praise,medium,2
FB-10772,CU-3792,2026-01-04T12:30:00,"For the record, The interface redesign is intuitive and reduced training time. Our enterprise account is affected. Thanks.",InsightChat,Engineering,Website,Jaipur,Internal,5,closed,negative,joy,Account,Request,low,1
FB-11029,CU-2161,2026-01-04T06:02:00,"Hi, Great improvement in mobile performance this month. Please treat this as high priority. Thanks.",InsightPay,Engineering,Chat,Jaipur,Startup,5,resolved,neutral,neutral,Technical Issue,Suggestion,low,1
FB-11247,CU-2422,2026-01-04T05:19:00,"Hi, I am frustrated that the InsightPay app crashes during payment. Please treat this as high priority. Thanks.",InsightPortal,Engineering,Call Center,Pune,Enterprise,1,resolved,negative,neutral,Technical Issue,Bug Report,critical,5
FB-10390,CU-3883,2026-01-04T00:16:00,"For the record, Sharing an FYI that finance will review invoices tomorrow. A workaround exists but it is not acceptable long term.",InsightAnalytics,Finance,Website,New York,Consumer,3,resolved,neutral,neutral,UX/UI,Information,low,2
FB-10431,CU-4483,2026-01-03T22:32:00,"To be clear, I am delighted with the quality of the latest InsightPortal release. This is impacting customers in Mumbai. Thanks.",InsightCloud,Finance,Internal,Chennai,Enterprise,5,resolved,positive,joy,Product,Praise,low,1
FB-10607,CU-7615,2026-01-03T22:20:00,"For the record, We are happy with the reliability of InsightPortal this quarter. The team mentioned InsightMobile in the weekly review. Sharing this from the field.",InsightSecure,Sales,Mobile App,Ahmedabad,Enterprise,5,resolved,positive,joy,Product,Praise,low,1
FB-10078,CU-7171,2026-01-03T19:45:00,"Hi, Duplicate invoices were sent to finance after renewal. Please treat this as high priority. Logged by the duty manager.",InsightCloud,Product,Survey,Dubai,SMB,2,resolved,negative,neutral,Product,Bug Report,medium,3
FB-11879,CU-1162,2026-01-03T15:11:00,"For the record, Feature request: webhook retries with exponential backoff. I attached screenshots in the original ticket.",InsightPay,Customer Support,Call Center,Surat,Consumer,3,in_progress,neutral,neutral,Customer Support,Praise,low,1
FB-11747,CU-5172,2026-01-03T14:31:00,"Hi, Sharing an FYI that finance will review invoices tomorrow. I attached screenshots in the original ticket. Looking forward to a fix.",InsightPay,Customer Support,Survey,Delhi,Startup,3,in_progress,neutral,neutral,Other,Information,low,2
FB-11868,CU-8252,2026-01-03T08:01:00,"Hi, Response time from customer support is getting worse every week. The team mentioned InsightAnalytics in the weekly review. Logged by the duty manager.",InsightSecure,Customer Support,Internal,Mumbai,Partner,2,resolved,positive,neutral,Customer Support,Request,low,2
FB-10293,CU-9869,2026-01-03T06:41:00,"Hi, The interface redesign is intuitive and reduced training time. The issue started last Thursday. Sharing this from the field.",InsightMobile,Sales,Call Center,Dubai,SMB,5,open,negative,frustration,UX/UI,Praise,low,1
FB-10224,CU-6415,2026-01-03T05:37:00,We cannot login to InsightCloud since the last update. We have seen this twice already. Looking forward to a fix.,InsightAnalytics,Engineering,Internal,New York,SMB,2,open,negative,anger,Technical Issue,Bug Report,critical,4
FB-11800,CU-7557,2026-01-03T04:34:00,Quick update: It would help to have saved filters on the explorer table. The issue started last Thursday. Looking forward to a fix.,InsightSecure,Finance,Email,Singapore,Partner,3,open,neutral,neutral,Technical Issue,Suggestion,low,1
FB-11616,CU-6780,2026-01-03T01:07:00,"To be clear, Documentation is outdated and caused a production misconfiguration. The team mentioned InsightMobile in the weekly review. Thanks.",InsightMobile,Sales,Email,Delhi,SMB,2,resolved,positive,joy,Product,Praise,low,2
FB-11271,CU-3186,2026-01-03T00:35:00,"Loved the new InsightChat dashboard, it is clean and fast. Please treat this as high priority. Thanks.",InsightPay,Sales,Website,Delhi,Partner,5,open,negative,satisfaction,UX/UI,Praise,low,1
FB-10993,CU-9864,2026-01-02T22:16:00,"For the record, Search is too slow to be usable during business hours. Please treat this as high priority. Looking forward to a fix.",InsightPay,Sales,Website,Dubai,Consumer,2,in_progress,neutral,neutral,Performance,Suggestion,low,2
FB-11582,CU-5322,2026-01-02T06:50:00,"To be clear, Need access for two additional analysts this week. A workaround exists but it is not acceptable long term.",InsightMobile,Customer Support,Email,Hyderabad,SMB,3,resolved,neutral,neutral,Customer Support,Request,low,1
FB-10727,CU-2820,2026-01-02T03:14:00,"Hi, Customer support resolved our incident in twenty minutes. A workaround exists but it is not acceptable long term. Looking forward to a fix.",InsightPortal,Customer Support,Mobile App,Kolkata,Internal,5,open,neutral,anger,Customer Support,Complaint,low,1
FB-11040,CU-1747,2026-01-02T01:56:00,"To be clear, The onboarding specialist made InsightAnalytics easy to adopt. This happened after the latest update.",InsightCRM,Engineering,Social Media,Surat,Enterprise,4,in_progress,negative,joy,Product,Praise,medium,1
FB-10018,CU-1653,2026-01-02T01:19:00,"Hi, Loved the new InsightCloud dashboard, it is clean and fast. We have seen this twice already. Sharing this from the field.",InsightSecure,HR,Survey,Delhi,Internal,5,open,negative,anger,UX/UI,Bug Report,medium,1
FB-12112,CU-1712,2026-01-01T21:19:00,Quick update: Delivery was extremely late and customer support did not respond. I am following up because there was no response. Sharing this from the field.,InsightChat,Operations,Call Center,Pune,Consumer,1,open,negative,frustration,Customer Support,Complaint,critical,3
FB-10206,CU-3508,2026-01-01T17:16:00,"For the record, Refund was issued quickly and with a clear explanation. Please treat this as high priority.",InsightPortal,Finance,Call Center,New York,Internal,5,resolved,neutral,satisfaction,Payment,Suggestion,low,2
FB-11494,CU-9789,2026-01-01T16:12:00,"Hello team, Refund was issued quickly and with a clear explanation. A workaround exists but it is not acceptable long term. Sharing this from the field.",InsightPay,Customer Support,Mobile App,Chennai,Internal,4,in_progress,positive,satisfaction,Payment,Praise,low,2
FB-11092,CU-4972,2026-01-01T12:36:00,"For the record, Refund for a failed InsightAnalytics payment is still pending. Our enterprise account is affected. Please advise.",InsightCRM,HR,Social Media,Bangalore,Partner,2,in_progress,neutral,anger,Account,Request,critical,5
FB-11950,CU-2862,2026-01-01T10:12:00,"Hi, The onboarding specialist made InsightChat easy to adopt. I attached screenshots in the original ticket. Please advise.",InsightMobile,Customer Support,Website,Surat,Enterprise,5,open,positive,joy,Customer Support,Praise,low,1
FB-10093,CU-3828,2026-01-01T04:54:00,"To be clear, Documentation update saved our engineering team hours. Our enterprise account is affected. Please advise.",InsightCloud,Engineering,Internal,Surat,Internal,5,closed,neutral,joy,Account,Request,low,1
FB-11983,CU-2789,2026-01-01T02:52:00,The current plan is acceptable but we will compare alternatives. This is impacting customers in Hyderabad. Logged by the duty manager.,InsightSecure,Product,Mobile App,Surat,Partner,3,resolved,neutral,neutral,Performance,Information,low,1
FB-11667,CU-6554,2025-12-31T22:07:00,"Hello team, Delivery was extremely late and customer support did not respond. A workaround exists but it is not acceptable long term. Please advise.",InsightChat,Operations,Website,Pune,Internal,1,resolved,negative,frustration,Customer Support,Complaint,critical,3
FB-11294,CU-5622,2025-12-31T19:44:00,"To be clear, Loved the new InsightChat dashboard, it is clean and fast. This happened after the latest update. Thanks.",InsightCloud,Sales,Call Center,Surat,Enterprise,4,open,negative,satisfaction,UX/UI,Praise,medium,1
FB-11437,CU-3101,2025-12-31T16:18:00,Quick update: Delivery was extremely late and customer support did not respond. The issue started last Thursday. Looking forward to a fix.,InsightMobile,Operations,Internal,London,Partner,1,closed,negative,frustration,Customer Support,Complaint,critical,3
FB-11690,CU-1297,2025-12-31T11:00:00,Payment reconciliation finally works without manual edits. This is impacting customers in Kolkata. Sharing this from the field.,InsightSecure,HR,Chat,Jaipur,Partner,4,closed,negative,anger,Customer Support,Information,medium,2
FB-10367,CU-6927,2025-12-31T08:31:00,Quick update: Security alert fired after suspicious admin logins. Our enterprise account is affected. Logged by the duty manager.,InsightCloud,Engineering,Internal,Jaipur,Consumer,1,resolved,negative,anger,Account,Request,critical,4
FB-10009,CU-1344,2025-12-31T07:14:00,"For the record, The onboarding specialist made InsightCRM easy to adopt. Our enterprise account is affected. Please advise.",InsightCloud,Product,Call Center,Jaipur,SMB,5,open,neutral,joy,Account,Request,low,1
FB-10533,CU-4902,2025-12-31T05:14:00,"Hello team, Price increase was communicated poorly and feels unjustified. A workaround exists but it is not acceptable long term. Please advise.",InsightPay,Sales,Social Media,Ahmedabad,Internal,2,open,neutral,disappointment,UX/UI,Suggestion,medium,3
FB-11892,CU-4620,2025-12-31T04:21:00,"To be clear, Please confirm whether SSO is enabled for partner accounts. We have seen this twice already. Please advise.",InsightSecure,Sales,Survey,Ahmedabad,SMB,4,resolved,neutral,anger,Security,Request,low,1
FB-12184,CU-7874,2025-12-31T01:16:00,"Hello team, Where can I find the data retention policy? I attached screenshots in the original ticket. Looking forward to a fix.",InsightSecure,Customer Support,Internal,Surat,SMB,3,in_progress,neutral,confusion,Other,Question,low,1
FB-11175,CU-5576,2025-12-31T00:51:00,"For the record, I am angry that the ticket was closed without a resolution. A workaround exists but it is not acceptable long term. Looking forward to a fix.",InsightAnalytics,Customer Support,Chat,Singapore,Enterprise,1,closed,neutral,neutral,Customer Support,Information,medium,2
FB-11926,CU-1052,2025-12-31T00:38:00,"To be clear, Delivery was extremely late and customer support did not respond. This is impacting customers in Surat. Looking forward to a fix.",InsightCRM,Operations,Mobile App,Jaipur,Startup,2,resolved,negative,frustration,Delivery,Complaint,critical,3
FB-11205,CU-9658,2025-12-31T00:30:00,"Hello team, Delivery was extremely late and customer support did not respond. The issue started last Thursday. Please advise.",InsightMobile,Operations,Internal,Kolkata,Internal,2,open,negative,frustration,Customer Support,Complaint,critical,3
FB-12199,CU-6698,2025-12-31T00:28:00,"Hi, Noting that the internal survey was completed by HR. I attached screenshots in the original ticket. Thanks.",InsightPay,Customer Support,Survey,Chennai,Enterprise,3,open,neutral,neutral,Other,Information,low,1
FB-10006,CU-6573,2025-12-30T21:56:00,"Hi, Customer support resolved our incident in twenty minutes. I am following up because there was no response. Sharing this from the field.",InsightAnalytics,Customer Support,Mobile App,Bangalore,Consumer,4,open,positive,anger,Customer Support,Request,low,1
FB-11164,CU-6193,2025-12-30T16:48:00,"For the record, Documentation update saved our engineering team hours. A workaround exists but it is not acceptable long term. Please advise.",InsightCRM,Sales,Call Center,Ahmedabad,Partner,5,in_progress,neutral,neutral,UX/UI,Suggestion,low,1
FB-12177,CU-6383,2025-12-30T12:01:00,"Hi, The onboarding specialist made InsightMobile easy to adopt. We have seen this twice already. Thanks.",InsightMobile,Engineering,Internal,Chennai,Startup,5,open,negative,anger,Technical Issue,Bug Report,medium,2
FB-10072,CU-8538,2025-12-30T12:01:00,Quick update: Delivery was extremely late and customer support did not respond. I attached screenshots in the original ticket. Logged by the duty manager.,InsightSecure,Operations,Survey,Surat,Consumer,2,resolved,negative,frustration,Customer Support,Complaint,critical,3
FB-11224,CU-4812,2025-12-30T09:17:00,"Hi, Security alert fired after suspicious admin logins. We have seen this twice already. Thanks.",InsightChat,Engineering,Website,Hyderabad,SMB,2,closed,negative,anger,Security,Bug Report,critical,5
FB-10759,CU-4004,2025-12-30T05:57:00,"For the record, I am angry that the ticket was closed without a resolution. The team mentioned InsightMobile in the weekly review. Thanks.",InsightPortal,Customer Support,Survey,Mumbai,Internal,1,open,positive,joy,Customer Support,Praise,low,2
FB-10147,CU-7364,2025-12-30T05:23:00,"Hello team, Need access for two additional analysts this week. I am following up because there was no response. Please advise.",InsightMobile,Sales,Chat,Jaipur,SMB,3,in_progress,neutral,neutral,Customer Support,Request,low,1
FB-10996,CU-2013,2025-12-30T02:30:00,"For the record, Package for InsightMobile arrived damaged in Ahmedabad. The team mentioned InsightSecure in the weekly review. Looking forward to a fix.",InsightCloud,Engineering,Call Center,Dubai,Partner,2,in_progress,positive,satisfaction,Delivery,Praise,low,2
FB-12029,CU-7956,2025-12-29T23:27:00,We are happy with the reliability of InsightMobile this quarter. This is impacting customers in New York. Sharing this from the field.,InsightMobile,Product,Social Media,London,Consumer,5,in_progress,positive,joy,Product,Praise,low,1
FB-10763,CU-9753,2025-12-29T21:04:00,"Hello team, Mobile users report they cannot complete signup on InsightCloud. The issue started last Thursday. Thanks.",InsightChat,Sales,Website,Jaipur,Internal,1,open,negative,frustration,Technical Issue,Bug Report,critical,4
FB-10268,CU-9060,2025-12-29T20:29:00,"Hello team, Duplicate invoices were sent to finance after renewal. A workaround exists but it is not acceptable long term.",InsightPortal,Product,Call Center,Hyderabad,Enterprise,2,open,negative,neutral,UX/UI,Complaint,high,3
FB-10543,CU-2481,2025-12-29T18:27:00,Quick update: Is there a sandbox for InsightPay chargebacks? We have seen this twice already. Looking forward to a fix.,InsightAnalytics,Operations,Survey,Mumbai,SMB,3,resolved,negative,anger,Technical Issue,Bug Report,high,4
FB-11265,CU-1438,2025-12-29T09:22:00,"For the record, The interface redesign is intuitive and reduced training time. The issue started last Thursday. Logged by the duty manager.",InsightChat,Engineering,Chat,Jaipur,SMB,5,open,negative,neutral,UX/UI,Praise,low,1
FB-11708,CU-2527,2025-12-29T05:06:00,"Hi, The courier missed the delivery window three times in Delhi. This is impacting customers in Bangalore. Sharing this from the field.",InsightCRM,Operations,Email,Chennai,Internal,2,resolved,negative,frustration,Customer Support,Complaint,high,2
FB-10650,CU-2370,2025-12-28T20:19:00,"Hello team, Need access for two additional analysts this week. The issue started last Thursday. Looking forward to a fix.",InsightSecure,Operations,Mobile App,Kolkata,SMB,3,open,negative,neutral,Customer Support,Request,low,1
FB-11829,CU-9971,2025-12-28T18:48:00,Is there a sandbox for InsightPay chargebacks? This is impacting customers in Dubai. Sharing this from the field.,InsightChat,HR,Website,Bangalore,Startup,3,open,negative,satisfaction,Customer Support,Praise,medium,2
FB-11409,CU-7122,2025-12-28T18:15:00,Quick update: Is there a sandbox for InsightPay chargebacks? We have seen this twice already.,InsightCRM,Operations,Call Center,Chennai,Partner,4,in_progress,negative,anger,Technical Issue,Bug Report,high,4
FB-10768,CU-7752,2025-12-28T17:41:00,"Hi, We are happy with the reliability of InsightPortal this quarter. This is impacting customers in London. Thanks.",InsightPortal,Product,Website,Delhi,SMB,5,open,positive,joy,Product,Praise,low,1
FB-11191,CU-3894,2025-12-28T17:07:00,"To be clear, Authentication failures are blocking our entire sales team. I am following up because there was no response. Thanks.",InsightChat,Customer Support,Survey,Hyderabad,Partner,2,open,positive,joy,Product,Praise,low,2
FB-11940,CU-9940,2025-12-28T16:51:00,"Hi, Security alert fired after suspicious admin logins. I am following up because there was no response. Sharing this from the field.",InsightCloud,Engineering,Chat,Jaipur,Partner,1,resolved,negative,anger,Security,Bug Report,critical,5
FB-10336,CU-1571,2025-12-28T14:45:00,"To be clear, Where can I find the data retention policy? The team mentioned InsightCloud in the weekly review. Looking forward to a fix.",InsightAnalytics,Customer Support,Mobile App,Surat,Partner,4,resolved,neutral,confusion,Other,Question,low,1
FB-11439,CU-7533,2025-12-28T12:23:00,"For the record, Need access for two additional analysts this week. Please treat this as high priority. Sharing this from the field.",InsightChat,Product,Chat,Singapore,Consumer,4,in_progress,neutral,neutral,Customer Support,Request,low,1
FB-10235,CU-5597,2025-12-28T05:41:00,Quick update: Payment reconciliation finally works without manual edits. I attached screenshots in the original ticket. Please advise.,InsightCloud,Customer Support,Email,Kolkata,SMB,5,open,negative,frustration,Customer Support,Complaint,medium,2
FB-11327,CU-5956,2025-12-28T04:11:00,Quick update: Sales team prepared a thoughtful demo for our executives. This happened after the latest update. Looking forward to a fix.,InsightAnalytics,HR,Social Media,Surat,Partner,5,in_progress,negative,disappointment,Product,Complaint,high,1
FB-10744,CU-4669,2025-12-27T19:14:00,"To be clear, Package for InsightSecure arrived damaged in Dubai. The issue started last Thursday. Logged by the duty manager.",InsightSecure,Finance,Internal,Bangalore,Partner,2,resolved,negative,frustration,Delivery,Praise,high,2
FB-11928,CU-7573,2025-12-27T18:21:00,"For the record, Please confirm whether SSO is enabled for partner accounts. I am following up because there was no response. Looking forward to a fix.",InsightChat,Finance,Social Media,Pune,Enterprise,3,closed,neutral,neutral,Security,Request,low,1
FB-10313,CU-6114,2025-12-27T16:49:00,"To be clear, Chat support was knowledgeable and patient. Our enterprise account is affected.",InsightAnalytics,Customer Support,Call Center,Hyderabad,SMB,5,open,neutral,satisfaction,Customer Support,Request,low,1
FB-10211,CU-8178,2025-12-27T13:58:00,"Hello team, Chat support was knowledgeable and patient. This is impacting customers in Surat. Logged by the duty manager.",InsightPortal,Customer Support,Email,Jaipur,Consumer,5,resolved,negative,satisfaction,Customer Support,Praise,low,1
FB-11431,CU-2684,2025-12-27T12:57:00,"To be clear, Chat support was knowledgeable and patient. Our enterprise account is affected.",InsightCRM,Customer Support,Chat,Surat,Enterprise,4,open,neutral,satisfaction,Customer Support,Request,low,1
FB-11846,CU-3103,2025-12-27T11:49:00,Quick update: Security alert fired after suspicious admin logins. Please treat this as high priority. Sharing this from the field.,InsightMobile,Engineering,Mobile App,London,Internal,1,open,negative,anger,Security,Bug Report,critical,5
FB-11572,CU-8992,2025-12-27T07:21:00,Quick update: Appreciate the proactive outage communication. We have seen this twice already. Sharing this from the field.,InsightAnalytics,Finance,Social Media,Surat,Consumer,5,in_progress,negative,anger,Technical Issue,Bug Report,high,4
FB-11346,CU-6287,2025-12-27T04:59:00,"Hi, Average experience so far, we are still evaluating InsightCRM. Please treat this as high priority. Looking forward to a fix.",InsightCRM,Finance,Website,Delhi,Consumer,4,in_progress,negative,neutral,Product,Bug Report,medium,1
FB-10172,CU-4641,2025-12-27T04:07:00,"For the record, Payment reconciliation finally works without manual edits. This is impacting customers in Kolkata. Sharing this from the field.",InsightPay,Customer Support,Email,Delhi,Consumer,4,open,negative,neutral,Customer Support,Information,low,2
FB-11871,CU-6914,2025-12-27T01:51:00,"Hello team, The courier missed the delivery window three times in Hyderabad. This happened after the latest update. Logged by the duty manager.",InsightMobile,Operations,Call Center,Dubai,Partner,2,in_progress,negative,frustration,Customer Support,Complaint,critical,3
FB-11061,CU-4933,2025-12-26T23:39:00,"For the record, Package for InsightCloud arrived damaged in London. A workaround exists but it is not acceptable long term. Looking forward to a fix.",InsightChat,Operations,Social Media,Dubai,Internal,2,open,negative,frustration,Delivery,Complaint,high,2
FB-10920,CU-4117,2025-12-26T21:53:00,"Hello team, It would help to have saved filters on the explorer table. This is impacting customers in Dubai.",InsightMobile,HR,Survey,Jaipur,Startup,3,closed,neutral,neutral,Other,Suggestion,low,1
FB-10771,CU-7802,2025-12-26T17:10:00,"Hi, I am frustrated that the InsightSecure app crashes during payment. I attached screenshots in the original ticket. Logged by the duty manager.",InsightMobile,Customer Support,Mobile App,Kolkata,Partner,2,in_progress,negative,neutral,Customer Support,Praise,high,4
FB-10756,CU-6247,2025-12-26T14:11:00,"Hi, The InsightChat rollout is scheduled for next Monday in New York. A workaround exists but it is not acceptable long term. Logged by the duty manager.",InsightCRM,Finance,Mobile App,New York,SMB,3,in_progress,neutral,neutral,UX/UI,Information,low,1
FB-12065,CU-5753,2025-12-26T13:29:00,Mobile users report they cannot complete signup on InsightChat. I attached screenshots in the original ticket. Thanks.,InsightSecure,Customer Support,Email,Kolkata,Internal,1,open,negative,frustration,Technical Issue,Bug Report,critical,4
FB-10737,CU-1464,2025-12-26T09:58:00,"To be clear, Sales team prepared a thoughtful demo for our executives. This is impacting customers in Delhi. Thanks.",InsightChat,HR,Internal,Dubai,Startup,4,open,positive,satisfaction,Product,Praise,low,1
FB-11489,CU-5693,2025-12-26T06:34:00,"Hi, I am angry that the ticket was closed without a resolution. The team mentioned InsightCRM in the weekly review. Please advise.",InsightPortal,Customer Support,Website,Mumbai,Internal,2,open,neutral,neutral,Customer Support,Praise,low,2
FB-11991,CU-5164,2025-12-26T04:07:00,"Hi, Refund was issued quickly and with a clear explanation. A workaround exists but it is not acceptable long term. Logged by the duty manager.",InsightPay,HR,Website,Chennai,SMB,5,resolved,positive,satisfaction,Payment,Suggestion,low,2
FB-10015,CU-5345,2025-12-26T02:34:00,The courier missed the delivery window three times in Mumbai. Our enterprise account is affected.,InsightCRM,Operations,Email,Hyderabad,Enterprise,2,resolved,negative,frustration,Account,Request,high,2
FB-11941,CU-4090,2025-12-26T02:20:00,"To be clear, Package for InsightCRM arrived damaged in Hyderabad. The team mentioned InsightSecure in the weekly review. Please advise.",InsightPortal,Customer Support,Social Media,Chennai,Startup,1,in_progress,positive,neutral,Product,Praise,low,2
FB-10722,CU-7879,2025-12-26T00:22:00,"To be clear, The InsightMobile rollout is scheduled for next Monday in Pune. This happened after the latest update. Logged by the duty manager.",InsightCRM,Customer Support,Mobile App,Surat,Consumer,3,in_progress,negative,frustration,Product,Complaint,high,1
FB-11496,CU-8088,2025-12-25T17:39:00,"Hi, Security alert fired after suspicious admin logins. Our enterprise account is affected. Looking forward to a fix.",InsightCloud,Engineering,Mobile App,Chennai,SMB,2,resolved,negative,anger,Security,Request,critical,5
FB-10663,CU-1273,2025-12-25T17:17:00,Quick update: Is there a sandbox for InsightPay chargebacks? This is impacting customers in Ahmedabad. Logged by the duty manager.,InsightCRM,Finance,Survey,Dubai,Internal,3,resolved,negative,frustration,Delivery,Complaint,high,3
FB-11385,CU-9905,2025-12-25T15:53:00,The InsightCRM checkout failed and I was still charged. The issue started last Thursday. Logged by the duty manager.,InsightCloud,Operations,Chat,Ahmedabad,Enterprise,2,open,negative,anger,Payment,Complaint,critical,5
FB-11519,CU-3960,2025-12-25T12:31:00,"For the record, Documentation is outdated and caused a production misconfiguration. I attached screenshots in the original ticket. Sharing this from the field.",InsightAnalytics,Customer Support,Call Center,Bangalore,Internal,2,open,neutral,satisfaction,Documentation,Praise,low,2
FB-11367,CU-9508,2025-12-25T12:27:00,"For the record, Loved the new InsightCloud dashboard, it is clean and fast. Please treat this as high priority. Sharing this from the field.",InsightCRM,Operations,Email,Mumbai,SMB,5,resolved,neutral,satisfaction,UX/UI,Suggestion,low,1
FB-10065,CU-5176,2025-12-25T10:27:00,"Hi, Support never called back after I reported a critical outage. The team mentioned InsightCRM in the weekly review. Looking forward to a fix.",InsightSecure,Customer Support,Survey,Mumbai,Internal,2,closed,negative,frustration,Customer Support,Complaint,critical,4
FB-11256,CU-9561,2025-12-25T09:14:00,Quick update: Call center agents read from a script and did not understand the issue. This is impacting customers in Bangalore. Logged by the duty manager.,InsightPortal,Sales,Social Media,Bangalore,SMB,2,in_progress,negative,anger,Customer Support,Complaint,high,2
FB-11786,CU-5017,2025-12-24T22:58:00,"Hi, Great improvement in mobile performance this month. Please treat this as high priority. Sharing this from the field.",InsightAnalytics,Operations,Survey,New York,Startup,5,resolved,neutral,neutral,Technical Issue,Suggestion,low,1
FB-10835,CU-1820,2025-12-24T22:58:00,We cannot login to InsightMobile since the last update. I am following up because there was no response. Looking forward to a fix.,InsightMobile,Engineering,Social Media,Surat,Partner,1,closed,negative,frustration,Technical Issue,Bug Report,critical,4
FB-10498,CU-2059,2025-12-24T22:21:00,"Hello team, We may add twenty more seats if the trial goes well. The team mentioned InsightCloud in the weekly review. Sharing this from the field.",InsightCRM,Sales,Survey,Pune,Internal,4,resolved,neutral,neutral,Product,Praise,low,1
FB-10753,CU-9715,2025-12-24T21:41:00,"For the record, InsightSecure audit logs are exactly what compliance needed. I attached screenshots in the original ticket. Logged by the duty manager.",InsightSecure,Customer Support,Chat,Singapore,Partner,5,resolved,negative,neutral,Product,Praise,low,1
FB-11768,CU-8200,2025-12-24T20:54:00,Quick update: We may add twenty more seats if the trial goes well. This happened after the latest update. Logged by the duty manager.,InsightPay,Product,Website,Delhi,Partner,4,resolved,negative,neutral,Technical Issue,Complaint,high,2
FB-11896,CU-4793,2025-12-24T20:45:00,"For the record, Billing error created an unauthorized charge on our card. Please treat this as high priority. Looking forward to a fix.",InsightPortal,Sales,Call Center,Pune,Partner,1,in_progress,neutral,anger,Technical Issue,Suggestion,critical,5
FB-11236,CU-2602,2025-12-24T18:13:00,Quick update: Payment reconciliation finally works without manual edits. We have seen this twice already. Thanks.,InsightPortal,Product,Email,Mumbai,Consumer,5,in_progress,negative,anger,Technical Issue,Bug Report,medium,4
FB-11345,CU-5486,2025-12-24T16:30:00,"For the record, Refund for a failed InsightSecure payment is still pending. This happened after the latest update.",InsightCRM,Sales,Social Media,Bangalore,Enterprise,2,open,negative,anger,Payment,Complaint,critical,5
FB-11249,CU-3402,2025-12-24T14:52:00,Quick update: Great improvement in mobile performance this month. I am following up because there was no response. Thanks.,InsightChat,Finance,Call Center,London,Enterprise,4,open,negative,frustration,Performance,Bug Report,medium,1
FB-11785,CU-2694,2025-12-24T14:00:00,Chat support was knowledgeable and patient. Our enterprise account is affected. Logged by the duty manager.,InsightPortal,Customer Support,Email,London,Internal,5,resolved,neutral,satisfaction,Customer Support,Request,low,1
FB-11255,CU-6263,2025-12-24T12:46:00,"Hi, Loved the new InsightSecure dashboard, it is clean and fast. A workaround exists but it is not acceptable long term. Looking forward to a fix.",InsightAnalytics,Operations,Website,Dubai,Enterprise,5,in_progress,positive,satisfaction,UX/UI,Praise,low,1
FB-11753,CU-6830,2025-12-24T12:09:00,The InsightCRM rollout is scheduled for next Monday in Dubai. The issue started last Thursday. Thanks.,InsightCRM,Operations,Chat,Kolkata,Partner,4,open,neutral,frustration,Delivery,Complaint,medium,1
FB-10210,CU-2865,2025-12-24T11:52:00,"Hi, The InsightPay rollout is scheduled for next Monday in Dubai. We have seen this twice already. Looking forward to a fix.",InsightSecure,Operations,Chat,Pune,Consumer,3,open,negative,anger,Technical Issue,Bug Report,high,2
FB-11822,CU-2484,2025-12-24T11:35:00,"Hi, We may add twenty more seats if the trial goes well. This happened after the latest update. Please advise.",InsightPay,Engineering,Social Media,Jaipur,Partner,3,resolved,neutral,neutral,Technical Issue,Complaint,medium,1
FB-12080,CU-6625,2025-12-24T11:25:00,Support never called back after I reported a critical outage. The issue started last Thursday.,InsightCRM,Customer Support,Email,Dubai,Consumer,1,open,negative,frustration,Customer Support,Complaint,critical,4
FB-10043,CU-5415,2025-12-24T07:43:00,"For the record, Average experience so far, we are still evaluating InsightPortal. Please treat this as high priority. Please advise.",InsightPay,HR,Website,Singapore,SMB,3,in_progress,neutral,neutral,Product,Suggestion,low,1
FB-10269,CU-6601,2025-12-24T04:00:00,"For the record, The InsightMobile rollout is scheduled for next Monday in Surat. Our enterprise account is affected. Looking forward to a fix.",InsightPortal,Operations,Chat,Bangalore,Consumer,3,closed,neutral,frustration,Account,Request,low,1
FB-11028,CU-3916,2025-12-24T03:36:00,"Hi, Noting that the internal survey was completed by HR. The team mentioned InsightCloud in the weekly review. Sharing this from the field.",InsightSecure,Customer Support,Internal,Singapore,Enterprise,4,closed,neutral,neutral,Other,Information,low,1
FB-11382,CU-8113,2025-12-23T23:03:00,I am delighted with the quality of the latest InsightCRM release. Our enterprise account is affected. Sharing this from the field.,InsightCloud,HR,Internal,Jaipur,SMB,5,open,positive,joy,Product,Praise,low,1
FB-11413,CU-9969,2025-12-23T22:41:00,"Hello team, The latest release introduced a severe performance regression. The team mentioned InsightChat in the weekly review.",InsightSecure,Engineering,Website,Pune,Internal,2,open,positive,disappointment,Product,Praise,medium,2
FB-11966,CU-5289,2025-12-23T14:02:00,We are happy with the reliability of InsightPay this quarter. Please treat this as high priority. Logged by the duty manager.,InsightMobile,Sales,Chat,Surat,Consumer,5,resolved,positive,joy,Product,Praise,low,1
FB-10932,CU-6489,2025-12-23T12:43:00,"For the record, Call center agents read from a script and did not understand the issue. We have seen this twice already. Please advise.",InsightSecure,Customer Support,Internal,Surat,Internal,1,open,negative,anger,Customer Support,Bug Report,critical,3
FB-11567,CU-9271,2025-12-22T21:50:00,"To be clear, Security alert fired after suspicious admin logins. This is impacting customers in Chennai. Sharing this from the field.",InsightCloud,Engineering,Mobile App,Chennai,Consumer,2,open,neutral,anger,Security,Bug Report,high,3
FB-10556,CU-1699,2025-12-22T21:26:00,"Hi, It would help to have saved filters on the explorer table. I am following up because there was no response. Sharing this from the field.",InsightPortal,Product,Website,New York,SMB,3,resolved,neutral,neutral,Other,Suggestion,low,1
FB-11908,CU-9645,2025-12-22T20:36:00,"Hi, Documentation update saved our engineering team hours. The team mentioned InsightCloud in the weekly review. Thanks.",InsightCloud,Sales,Survey,London,Internal,4,open,positive,joy,Product,Praise,low,1
FB-11473,CU-1330,2025-12-22T19:53:00,"To be clear, InsightSecure audit logs are exactly what compliance needed. We have seen this twice already.",InsightChat,Operations,Call Center,Jaipur,Partner,5,open,negative,anger,Technical Issue,Bug Report,medium,2
FB-11537,CU-6080,2025-12-22T17:58:00,"To be clear, Support never called back after I reported a critical outage. We have seen this twice already. Looking forward to a fix.",InsightChat,Customer Support,Internal,Chennai,Startup,2,open,negative,anger,Customer Support,Bug Report,critical,4
FB-12130,CU-7781,2025-12-22T13:54:00,"To be clear, Search is too slow to be usable during business hours. The team mentioned InsightChat in the weekly review.",InsightSecure,Engineering,Survey,Mumbai,Partner,2,closed,positive,joy,Product,Praise,low,2
FB-11670,CU-2153,2025-12-22T10:27:00,We cannot login to InsightChat since the last update. This happened after the latest update.,InsightCloud,Engineering,Internal,Delhi,Partner,1,open,negative,frustration,Technical Issue,Bug Report,critical,4
FB-11584,CU-9375,2025-12-22T06:24:00,"For the record, Authentication failures are blocking our entire sales team. A workaround exists but it is not acceptable long term. Sharing this from the field.",InsightPortal,Operations,Website,London,Startup,2,open,neutral,frustration,UX/UI,Bug Report,medium,2
FB-11978,CU-9226,2025-12-22T03:51:00,"Hi, Authentication failures are blocking our entire sales team. The team mentioned InsightPay in the weekly review. Sharing this from the field.",InsightPay,Customer Support,Internal,Chennai,Enterprise,2,open,positive,joy,Product,Praise,low,2
FB-11744,CU-9853,2025-12-21T21:14:00,How do I export department analytics for last quarter? A workaround exists but it is not acceptable long term. Please advise.,InsightMobile,HR,Internal,Surat,Internal,3,resolved,neutral,confusion,UX/UI,Suggestion,low,1
FB-11735,CU-9770,2025-12-21T14:11:00,Quick update: Mobile users report they cannot complete signup on InsightCloud. A workaround exists but it is not acceptable long term. Thanks.,InsightPortal,Product,Website,Singapore,Startup,2,open,negative,frustration,UX/UI,Bug Report,critical,3
FB-10775,CU-1174,2025-12-21T10:35:00,"Hi, Authentication failures are blocking our entire sales team. This is impacting customers in Ahmedabad. Logged by the duty manager.",InsightPay,Operations,Website,Bangalore,Consumer,2,open,negative,frustration,Technical Issue,Bug Report,high,3
FB-11666,CU-3037,2025-12-21T07:17:00,Quick update: Duplicate invoices were sent to finance after renewal. The team mentioned InsightChat in the weekly review. Logged by the duty manager.,InsightCRM,HR,Internal,Jaipur,Consumer,2,in_progress,negative,neutral,Product,Praise,medium,3
FB-11997,CU-3225,2025-12-21T03:01:00,"Hello team, I am angry that the ticket was closed without a resolution. I attached screenshots in the original ticket. Sharing this from the field.",InsightSecure,Customer Support,Email,Kolkata,Internal,2,resolved,negative,satisfaction,Customer Support,Praise,medium,2
FB-11323,CU-7063,2025-12-20T23:12:00,Quick update: The interface redesign is intuitive and reduced training time. I attached screenshots in the original ticket. Sharing this from the field.,InsightAnalytics,Customer Support,Chat,Bangalore,Consumer,4,resolved,negative,satisfaction,UX/UI,Praise,low,1
FB-11484,CU-7735,2025-12-20T21:24:00,"To be clear, Call center agents read from a script and did not understand the issue. The issue started last Thursday. Logged by the duty manager.",InsightCloud,Finance,Call Center,Pune,Enterprise,2,open,negative,anger,Customer Support,Complaint,critical,3
FB-10541,CU-2389,2025-12-20T19:21:00,Consider adding a weekly digest for managers. Please treat this as high priority. Thanks.,InsightCloud,Product,Website,Jaipur,SMB,3,open,neutral,neutral,Other,Suggestion,low,1
FB-10713,CU-3592,2025-12-20T18:05:00,"To be clear, Loved the new InsightSecure dashboard, it is clean and fast. A workaround exists but it is not acceptable long term. Please advise.",InsightCloud,Sales,Mobile App,Jaipur,Consumer,5,resolved,neutral,satisfaction,UX/UI,Praise,low,1
FB-10869,CU-6052,2025-12-20T16:23:00,Quick update: Support never called back after I reported a critical outage. We have seen this twice already. Thanks.,InsightCloud,Customer Support,Social Media,Pune,Enterprise,2,open,negative,anger,Technical Issue,Bug Report,critical,5
FB-10571,CU-4407,2025-12-20T15:54:00,"Hello team, Customer support resolved our incident in twenty minutes. I am following up because there was no response. Please advise.",InsightSecure,Customer Support,Chat,Surat,Consumer,5,resolved,neutral,neutral,Customer Support,Request,low,1
FB-10164,CU-9185,2025-12-20T15:29:00,Delivery was extremely late and customer support did not respond. This is impacting customers in Kolkata. Please advise.,InsightSecure,Operations,Email,Hyderabad,SMB,2,open,negative,frustration,Customer Support,Complaint,critical,3
FB-12153,CU-8708,2025-12-20T10:55:00,"Hi, The current plan is acceptable but we will compare alternatives. Our enterprise account is affected. Please advise.",InsightSecure,Finance,Email,Pune,SMB,3,in_progress,neutral,neutral,Account,Information,low,1
FB-11789,CU-5171,2025-12-20T09:59:00,"To be clear, Sharing an FYI that finance will review invoices tomorrow. This happened after the latest update.",InsightChat,Product,Chat,New York,Internal,3,open,neutral,neutral,Product,Information,low,2
FB-10908,CU-3018,2025-12-20T09:38:00,"Hi, Appreciate the proactive outage communication. I am following up because there was no response. Sharing this from the field.",InsightCloud,HR,Social Media,Surat,Partner,5,open,positive,anger,Customer Support,Praise,medium,2
FB-10730,CU-2094,2025-12-20T08:45:00,"Hi, Sharing an FYI that finance will review invoices tomorrow. This is impacting customers in Chennai. Thanks.",InsightAnalytics,Operations,Website,Singapore,Consumer,3,open,neutral,neutral,Other,Information,low,2
FB-11579,CU-8669,2025-12-20T08:12:00,"Hi, Call center agents read from a script and did not understand the issue. Please treat this as high priority.",InsightPay,Sales,Social Media,Mumbai,Consumer,1,resolved,negative,anger,Customer Support,Complaint,critical,3
FB-10513,CU-9984,2025-12-20T08:07:00,Quick update: Delivery to Dubai was earlier than the estimated date. We have seen this twice already. Looking forward to a fix.,InsightCloud,Operations,Chat,Surat,Startup,4,resolved,negative,anger,Technical Issue,Bug Report,medium,3
FB-12049,CU-3931,2025-12-20T07:50:00,"Hello team, Authentication failures are blocking our entire sales team. Our enterprise account is affected. Sharing this from the field.",InsightPortal,Operations,Email,Surat,Enterprise,2,resolved,negative,frustration,Account,Request,high,2
FB-10074,CU-8354,2025-12-20T05:49:00,"Hello team, Consider adding a weekly digest for managers. Please treat this as high priority. Thanks.",InsightPortal,Engineering,Survey,Dubai,Internal,3,open,neutral,neutral,Other,Suggestion,low,1
FB-10922,CU-6486,2025-12-20T02:42:00,Sales team prepared a thoughtful demo for our executives. This is impacting customers in Surat.,InsightCRM,HR,Website,Ahmedabad,Enterprise,5,open,positive,satisfaction,Product,Praise,low,1
FB-11170,CU-6071,2025-12-20T01:39:00,"Hi, Refund was issued quickly and with a clear explanation. I am following up because there was no response. Please advise.",InsightPortal,Finance,Mobile App,London,SMB,4,open,positive,satisfaction,Payment,Praise,low,2
FB-10512,CU-4156,2025-12-19T20:46:00,Quick update: Delivery to Chennai was earlier than the estimated date. Please treat this as high priority. Logged by the duty manager.,InsightAnalytics,Operations,Survey,Jaipur,Internal,4,resolved,negative,neutral,Technical Issue,Bug Report,medium,2
FB-10840,CU-7756,2025-12-19T19:23:00,"To be clear, Can you schedule a training session for the operations team? Our enterprise account is affected. Looking forward to a fix.",InsightAnalytics,Customer Support,Chat,Pune,Startup,3,open,neutral,neutral,Product,Request,low,1
FB-11056,CU-1669,2025-12-19T15:19:00,Delivery to London was earlier than the estimated date. This happened after the latest update. Looking forward to a fix.,InsightChat,Operations,Email,Jaipur,Internal,5,closed,negative,satisfaction,Technical Issue,Complaint,medium,3
FB-10714,CU-9646,2025-12-19T05:41:00,Quick update: The current plan is acceptable but we will compare alternatives. This is impacting customers in Chennai. Logged by the duty manager.,InsightSecure,Engineering,Chat,Ahmedabad,Consumer,4,in_progress,neutral,neutral,Performance,Information,low,1
FB-11210,CU-4237,2025-12-19T00:30:00,The latest release introduced a severe performance regression. I attached screenshots in the original ticket. Looking forward to a fix.,InsightPay,Customer Support,Survey,Ahmedabad,Internal,2,in_progress,negative,disappointment,Product,Complaint,critical,3
FB-11102,CU-8008,2025-12-18T23:44:00,"Hello team, We may add twenty more seats if the trial goes well. The issue started last Thursday. Please advise.",InsightCloud,Finance,Internal,Hyderabad,Enterprise,3,in_progress,neutral,neutral,Customer Support,Suggestion,low,1
FB-12100,CU-5057,2025-12-18T22:12:00,"Hi, Sharing an FYI that finance will review invoices tomorrow. I am following up because there was no response. Thanks.",InsightPortal,Engineering,Survey,Mumbai,Partner,4,open,neutral,neutral,Other,Information,low,2
FB-10128,CU-9285,2025-12-18T22:09:00,"Average experience so far, we are still evaluating InsightPay. Please treat this as high priority. Looking forward to a fix.",InsightPay,Operations,Internal,Hyderabad,Enterprise,4,resolved,negative,neutral,Product,Bug Report,medium,1
FB-11820,CU-5959,2025-12-18T20:36:00,Quick update: Need access for two additional analysts this week. I attached screenshots in the original ticket. Logged by the duty manager.,InsightPay,Customer Support,Mobile App,Hyderabad,Partner,4,resolved,negative,neutral,Customer Support,Request,medium,1
FB-12141,CU-4295,2025-12-18T16:14:00,"To be clear, Duplicate invoices were sent to finance after renewal. The issue started last Thursday. Please advise.",InsightMobile,Customer Support,Website,Hyderabad,Startup,2,open,neutral,neutral,Product,Complaint,medium,3
FB-10990,CU-5913,2025-12-18T13:01:00,"Hello team, We are happy with the reliability of InsightChat this quarter. Our enterprise account is affected. Sharing this from the field.",InsightCloud,Customer Support,Mobile App,Delhi,Enterprise,5,in_progress,positive,joy,Product,Praise,low,1
FB-10925,CU-9741,2025-12-18T08:01:00,Call center agents read from a script and did not understand the issue. The team mentioned InsightPortal in the weekly review. Thanks.,InsightChat,Sales,Social Media,Surat,SMB,2,open,negative,anger,Customer Support,Complaint,high,2
FB-11535,CU-7365,2025-12-18T06:56:00,"Hello team, Security alert fired after suspicious admin logins. A workaround exists but it is not acceptable long term.",InsightCloud,Engineering,Chat,Ahmedabad,Startup,2,in_progress,neutral,anger,Security,Complaint,high,3
FB-10773,CU-7449,2025-12-18T05:08:00,"To be clear, Mobile users report they cannot complete signup on InsightMobile. This happened after the latest update. Please advise.",InsightAnalytics,Finance,Email,Surat,Internal,2,open,negative,frustration,Technical Issue,Bug Report,critical,4
FB-11425,CU-1802,2025-12-18T04:56:00,"To be clear, Documentation update saved our engineering team hours. The issue started last Thursday. Looking forward to a fix.",InsightMobile,Customer Support,Social Media,Kolkata,Startup,4,open,positive,joy,Product,Praise,low,1
FB-10474,CU-8171,2025-12-18T02:35:00,"For the record, The InsightPay checkout failed and I was still charged. Please treat this as high priority. Logged by the duty manager.",InsightCRM,Finance,Email,Chennai,Startup,2,resolved,negative,anger,Payment,Suggestion,critical,5
FB-10655,CU-2537,2025-12-18T00:19:00,"Hi, Need access for two additional analysts this week. A workaround exists but it is not acceptable long term. Looking forward to a fix.",InsightCRM,Operations,Internal,Hyderabad,Enterprise,3,open,neutral,neutral,Customer Support,Request,low,1
FB-11147,CU-6009,2025-12-17T10:11:00,"To be clear, Feature request: webhook retries with exponential backoff. This happened after the latest update. Looking forward to a fix.",InsightCloud,Engineering,Chat,Hyderabad,Internal,3,open,negative,disappointment,Product,Complaint,high,1
FB-10193,CU-9589,2025-12-17T09:45:00,"To be clear, The onboarding specialist made InsightPortal easy to adopt. This is impacting customers in Singapore. Please advise.",InsightChat,Operations,Website,Mumbai,SMB,4,resolved,positive,joy,Product,Praise,low,1
FB-10343,CU-7801,2025-12-17T03:17:00,"Hello team, Need access for two additional analysts this week. Please treat this as high priority.",InsightMobile,HR,Email,New York,Startup,3,in_progress,neutral,neutral,Customer Support,Request,low,1
FB-10342,CU-4613,2025-12-17T03:07:00,"Loved the new InsightMobile dashboard, it is clean and fast. This happened after the latest update. Looking forward to a fix.",InsightPortal,Sales,Mobile App,Singapore,SMB,5,in_progress,negative,satisfaction,UX/UI,Complaint,medium,2
FB-11505,CU-8708,2025-12-17T02:56:00,"For the record, Need access for two additional analysts this week. The team mentioned InsightCRM in the weekly review.",InsightCRM,Operations,Call Center,Pune,Consumer,3,open,neutral,neutral,Customer Support,Request,low,1
FB-10817,CU-7575,2025-12-17T02:16:00,Quick update: Call center agents read from a script and did not understand the issue. The team mentioned InsightPay in the weekly review. Sharing this from the field.,InsightSecure,Engineering,Call Center,Mumbai,Enterprise,1,open,negative,frustration,Customer Support,Complaint,critical,3
FB-11968,CU-4264,2025-12-17T00:40:00,Package for InsightCloud arrived damaged in Ahmedabad. This is impacting customers in Surat.,InsightAnalytics,Customer Support,Mobile App,Delhi,Startup,1,open,negative,frustration,Delivery,Complaint,high,2
FB-11531,CU-6925,2025-12-16T23:15:00,We are happy with the reliability of InsightPay this quarter. This happened after the latest update. Sharing this from the field.,InsightAnalytics,Sales,Chat,Surat,Enterprise,5,resolved,positive,joy,Product,Praise,low,1
FB-11932,CU-3016,2025-12-16T22:24:00,"Hello team, Refund was issued quickly and with a clear explanation. Please treat this as high priority.",InsightAnalytics,Engineering,Email,Pune,Consumer,4,open,positive,satisfaction,Payment,Praise,low,2
FB-11993,CU-5868,2025-12-16T20:52:00,Quick update: Support never called back after I reported a critical outage. The issue started last Thursday.,InsightCRM,Customer Support,Call Center,London,Internal,2,in_progress,negative,frustration,Customer Support,Complaint,critical,4
FB-10651,CU-6535,2025-12-16T15:16:00,Quick update: Where can I find the data retention policy? We have seen this twice already. Sharing this from the field.,InsightChat,Product,Email,Ahmedabad,Startup,4,resolved,neutral,confusion,Other,Question,low,1
FB-10931,CU-7636,2025-12-16T12:55:00,"For the record, The InsightPortal rollout is scheduled for next Monday in Singapore. I am following up because there was no response.",InsightPortal,Operations,Email,Dubai,Enterprise,3,open,neutral,neutral,Delivery,Praise,low,1
FB-10620,CU-1308,2025-12-16T08:54:00,"Hi, I am delighted with the quality of the latest InsightCloud release. The team mentioned InsightPay in the weekly review. Sharing this from the field.",InsightChat,Engineering,Chat,Pune,Consumer,5,open,positive,joy,Product,Praise,low,1
FB-10028,CU-1320,2025-12-16T06:53:00,Quick update: I am angry that the ticket was closed without a resolution. The issue started last Thursday. Please advise.,InsightChat,Customer Support,Chat,Chennai,Enterprise,2,closed,negative,frustration,Customer Support,Complaint,high,2
FB-11229,CU-7877,2025-12-16T04:53:00,"For the record, How do I export department analytics for last quarter? This is impacting customers in Hyderabad.",InsightChat,Finance,Internal,Pune,Internal,4,open,neutral,confusion,Technical Issue,Question,low,1
FB-10778,CU-2329,2025-12-15T22:08:00,"Hi, Is there a sandbox for InsightPay chargebacks? I am following up because there was no response. Logged by the duty manager.",InsightCRM,Finance,Email,Surat,Internal,4,closed,positive,satisfaction,Customer Support,Praise,low,2
FB-10962,CU-7808,2025-12-15T19:52:00,"Hi, Consider adding a weekly digest for managers. Our enterprise account is affected. Logged by the duty manager.",InsightCRM,Customer Support,Internal,Surat,SMB,4,resolved,neutral,neutral,Account,Suggestion,low,1
FB-11424,CU-2049,2025-12-15T18:44:00,Quick update: Authentication failures are blocking our entire sales team. We have seen this twice already. Logged by the duty manager.,InsightAnalytics,Product,Chat,Chennai,Consumer,2,resolved,negative,anger,Technical Issue,Bug Report,high,3
FB-11539,CU-2244,2025-12-15T18:33:00,"To be clear, Can you schedule a training session for the operations team? Please treat this as high priority. Please advise.",InsightAnalytics,Finance,Email,Kolkata,Consumer,4,open,neutral,neutral,Customer Support,Request,low,1
FB-12042,CU-8232,2025-12-15T14:40:00,"Hello team, InsightSecure audit logs are exactly what compliance needed. Please treat this as high priority. Logged by the duty manager.",InsightMobile,Operations,Chat,New York,Partner,5,open,negative,neutral,Product,Bug Report,medium,1
FB-10745,CU-6806,2025-12-15T11:30:00,I am delighted with the quality of the latest InsightPortal release. This is impacting customers in Mumbai. Sharing this from the field.,InsightMobile,Customer Support,Mobile App,New York,Startup,5,in_progress,positive,joy,Product,Praise,low,1
FB-11958,CU-1054,2025-12-15T11:00:00,"Hello team, Refund was issued quickly and with a clear explanation. Please treat this as high priority. Please advise.",InsightPortal,HR,Internal,Chennai,Startup,5,open,positive,satisfaction,Payment,Suggestion,low,2
FB-11936,CU-9109,2025-12-15T10:20:00,"For the record, We are happy with the reliability of InsightPay this quarter. The issue started last Thursday. Looking forward to a fix.",InsightPortal,Finance,Internal,Singapore,Partner,5,open,positive,joy,Product,Praise,low,1
FB-11645,CU-1597,2025-12-15T10:18:00,"Hi, Support never called back after I reported a critical outage. This happened after the latest update. Please advise.",InsightPay,Customer Support,Call Center,Jaipur,Consumer,2,in_progress,negative,frustration,Customer Support,Complaint,critical,4
FB-11475,CU-5878,2025-12-15T04:23:00,Price increase was communicated poorly and feels unjustified. A workaround exists but it is not acceptable long term. Logged by the duty manager.,InsightCRM,Engineering,Survey,Ahmedabad,Internal,1,open,negative,satisfaction,UX/UI,Suggestion,medium,3
FB-11100,CU-3676,2025-12-15T04:14:00,"Hello team, I am delighted with the quality of the latest InsightPortal release. Please treat this as high priority.",InsightSecure,Customer Support,Email,Dubai,Partner,5,resolved,positive,joy,Product,Praise,low,1
FB-11338,CU-5468,2025-12-15T01:45:00,"Hello team, Security alert fired after suspicious admin logins. I am following up because there was no response. Thanks.",InsightChat,Engineering,Internal,Ahmedabad,Internal,2,closed,positive,anger,Security,Complaint,high,3
FB-10601,CU-9115,2025-12-14T22:13:00,"To be clear, Appreciate the proactive outage communication. This happened after the latest update. Logged by the duty manager.",InsightMobile,Sales,Email,Delhi,Internal,5,resolved,negative,disappointment,Technical Issue,Complaint,critical,5
FB-10105,CU-7229,2025-12-14T18:30:00,"For the record, Documentation update saved our engineering team hours. This happened after the latest update. Sharing this from the field.",InsightMobile,Sales,Email,Dubai,Internal,5,open,negative,neutral,Product,Request,low,1
FB-10954,CU-8201,2025-12-14T17:55:00,"To be clear, Duplicate invoices were sent to finance after renewal. The team mentioned InsightChat in the weekly review. Thanks.",InsightMobile,Finance,Mobile App,London,Consumer,2,open,positive,satisfaction,Product,Praise,low,3
FB-10347,CU-1476,2025-12-14T17:11:00,"To be clear, The latest release introduced a severe performance regression. This is impacting customers in Hyderabad. Looking forward to a fix.",InsightMobile,HR,Internal,Kolkata,Enterprise,2,open,negative,disappointment,Product,Complaint,critical,3
FB-10974,CU-2305,2025-12-14T14:45:00,Refund for a failed InsightPay payment is still pending. Please treat this as high priority. Looking forward to a fix.,InsightCRM,Product,Website,Dubai,Startup,1,open,negative,anger,Payment,Bug Report,critical,5
FB-12128,CU-2009,2025-12-14T11:25:00,"For the record, Mobile users report they cannot complete signup on InsightSecure. The team mentioned InsightCloud in the weekly review. Please advise.",InsightPortal,Sales,Internal,Singapore,Enterprise,1,open,negative,frustration,Technical Issue,Bug Report,critical,4
FB-10148,CU-4196,2025-12-14T11:00:00,"Hello team, I am delighted with the quality of the latest InsightMobile release. We have seen this twice already. Thanks.",InsightPortal,Operations,Chat,Kolkata,Partner,5,resolved,positive,joy,Product,Praise,low,1
FB-12119,CU-4001,2025-12-14T08:45:00,Need access for two additional analysts this week. I am following up because there was no response. Please advise.,InsightCRM,Engineering,Email,Singapore,Startup,3,resolved,neutral,neutral,Customer Support,Request,low,1
FB-12002,CU-7113,2025-12-14T05:43:00,Please confirm whether SSO is enabled for partner accounts. The team mentioned InsightCRM in the weekly review. Logged by the duty manager.,InsightPortal,Finance,Website,Kolkata,SMB,4,in_progress,neutral,neutral,Security,Request,low,1
FB-11934,CU-9992,2025-12-14T04:38:00,"Hi, The current plan is acceptable but we will compare alternatives. The issue started last Thursday. Thanks.",InsightAnalytics,HR,Internal,Bangalore,Consumer,4,in_progress,neutral,neutral,Performance,Information,low,1
FB-11710,CU-6453,2025-12-14T04:26:00,"Hi, Great improvement in mobile performance this month. This happened after the latest update. Please advise.",InsightCRM,Finance,Chat,Ahmedabad,Consumer,5,in_progress,negative,disappointment,Technical Issue,Complaint,medium,2
FB-10201,CU-7704,2025-12-14T04:08:00,"For the record, Where can I find the data retention policy? The issue started last Thursday. Looking forward to a fix.",InsightCRM,Product,Internal,Mumbai,Startup,3,resolved,neutral,confusion,Other,Question,low,1
FB-11873,CU-9015,2025-12-14T02:01:00,I am delighted with the quality of the latest InsightAnalytics release. I attached screenshots in the original ticket. Logged by the duty manager.,InsightMobile,Customer Support,Chat,Ahmedabad,Consumer,5,resolved,positive,joy,Product,Praise,low,1
FB-12069,CU-8364,2025-12-13T23:00:00,"Hi, Security alert fired after suspicious admin logins. The issue started last Thursday. Looking forward to a fix.",InsightCRM,Engineering,Chat,Bangalore,Internal,2,open,negative,anger,Security,Complaint,critical,5
FB-11280,CU-3405,2025-12-13T20:42:00,The onboarding specialist made InsightCloud easy to adopt. We have seen this twice already.,InsightPortal,Engineering,Mobile App,Singapore,Startup,4,resolved,negative,anger,Technical Issue,Bug Report,medium,2
FB-10679,CU-7974,2025-12-13T19:43:00,Refund was issued quickly and with a clear explanation. This happened after the latest update.,InsightSecure,Product,Survey,London,Startup,5,resolved,negative,satisfaction,Payment,Complaint,medium,4
FB-11295,CU-4055,2025-12-13T10:10:00,"To be clear, How do I export department analytics for last quarter? Please treat this as high priority. Please advise.",InsightChat,Operations,Mobile App,Surat,Partner,3,resolved,neutral,confusion,Technical Issue,Bug Report,medium,1
FB-10195,CU-4626,2025-12-13T05:54:00,"For the record, Security alert fired after suspicious admin logins. We have seen this twice already.",InsightCRM,Engineering,Call Center,London,SMB,2,open,negative,anger,Security,Bug Report,critical,5
FB-12164,CU-7381,2025-12-12T23:42:00,Please confirm whether SSO is enabled for partner accounts. Our enterprise account is affected. Looking forward to a fix.,InsightPay,Operations,Website,Bangalore,Consumer,3,in_progress,neutral,neutral,Account,Request,low,1
FB-11845,CU-6258,2025-12-12T17:08:00,Quick update: Security alert fired after suspicious admin logins. Our enterprise account is affected. Looking forward to a fix.,InsightPortal,Engineering,Internal,Surat,Internal,2,resolved,negative,anger,Account,Request,critical,4
FB-10473,CU-8567,2025-12-12T14:01:00,Quick update: Great improvement in mobile performance this month. Please treat this as high priority. Thanks.,InsightCloud,Finance,Chat,Hyderabad,Internal,5,in_progress,negative,frustration,Technical Issue,Suggestion,low,2
FB-10477,CU-6359,2025-12-12T13:32:00,Delivery was extremely late and customer support did not respond. The issue started last Thursday. Logged by the duty manager.,InsightCloud,Operations,Survey,Kolkata,Internal,1,open,negative,frustration,Customer Support,Complaint,critical,3
FB-10166,CU-5625,2025-12-12T12:04:00,"For the record, Sharing an FYI that finance will review invoices tomorrow. I attached screenshots in the original ticket.",InsightPortal,Customer Support,Social Media,Hyderabad,Enterprise,3,in_progress,neutral,neutral,Other,Information,low,2
FB-10049,CU-7246,2025-12-12T10:47:00,"Hello team, Sales team prepared a thoughtful demo for our executives. I attached screenshots in the original ticket. Sharing this from the field.",InsightPortal,Customer Support,Chat,London,Internal,5,closed,positive,satisfaction,Customer Support,Praise,low,1
FB-11332,CU-3762,2025-12-12T04:42:00,Refund for a failed InsightPortal payment is still pending. The issue started last Thursday. Please advise.,InsightChat,Customer Support,Social Media,Bangalore,SMB,2,resolved,negative,anger,Payment,Complaint,critical,5
FB-10017,CU-5291,2025-12-12T00:21:00,Billing error created an unauthorized charge on our card. Our enterprise account is affected.,InsightMobile,Finance,Email,New York,Consumer,2,in_progress,neutral,anger,Account,Request,high,4
FB-11910,CU-9045,2025-12-11T23:51:00,"Hello team, Security alert fired after suspicious admin logins. Our enterprise account is affected. Sharing this from the field.",InsightCloud,Engineering,Website,Ahmedabad,Startup,2,open,neutral,anger,Account,Request,high,3
FB-10410,CU-4673,2025-12-11T16:21:00,"Hello team, Refund was issued quickly and with a clear explanation. This is impacting customers in Jaipur. Looking forward to a fix.",InsightPortal,Finance,Email,Chennai,Partner,5,resolved,positive,satisfaction,Payment,Praise,low,2
FB-11133,CU-2002,2025-12-11T12:25:00,How do I export department analytics for last quarter? I attached screenshots in the original ticket. Thanks.,InsightAnalytics,Customer Support,Website,Dubai,Partner,3,open,neutral,confusion,Customer Support,Question,low,1
FB-10605,CU-8509,2025-12-11T11:08:00,"For the record, Support never called back after I reported a critical outage. I am following up because there was no response. Logged by the duty manager.",InsightPortal,Customer Support,Social Media,Ahmedabad,SMB,2,open,negative,frustration,Customer Support,Complaint,critical,4
FB-10366,CU-8593,2025-12-11T09:53:00,"Hello team, We cannot login to InsightPortal since the last update. I am following up because there was no response. Looking forward to a fix.",InsightAnalytics,Engineering,Call Center,Ahmedabad,Enterprise,2,open,negative,frustration,Technical Issue,Bug Report,critical,4
FB-11158,CU-5904,2025-12-11T09:20:00,"To be clear, Refund was issued quickly and with a clear explanation. A workaround exists but it is not acceptable long term.",InsightPay,Operations,Call Center,New York,Consumer,5,open,positive,satisfaction,Payment,Praise,low,2
FB-12142,CU-5918,2025-12-11T06:48:00,The interface redesign is intuitive and reduced training time. We have seen this twice already.,InsightSecure,Sales,Website,Jaipur,Startup,4,open,negative,anger,UX/UI,Bug Report,medium,1
FB-11301,CU-3179,2025-12-11T01:39:00,Feature request: webhook retries with exponential backoff. The team mentioned InsightSecure in the weekly review. Sharing this from the field.,InsightChat,Customer Support,Internal,Hyderabad,Consumer,3,closed,positive,neutral,Customer Support,Praise,low,1
FB-11089,CU-7989,2025-12-10T18:47:00,"Hi, Refund for a failed InsightPay payment is still pending. This is impacting customers in Hyderabad. Logged by the duty manager.",InsightChat,Product,Email,Chennai,Consumer,1,open,negative,anger,Payment,Complaint,critical,5
FB-10903,CU-5773,2025-12-10T09:43:00,"For the record, Delivery to Hyderabad was earlier than the estimated date. We have seen this twice already.",InsightPay,Operations,Call Center,Delhi,SMB,5,open,negative,anger,Technical Issue,Bug Report,medium,2
FB-10855,CU-2764,2025-12-10T02:03:00,"Hello team, InsightSecure audit logs are exactly what compliance needed. Our enterprise account is affected. Looking forward to a fix.",InsightCloud,Operations,Internal,Mumbai,SMB,4,resolved,negative,joy,Account,Request,low,1
FB-11288,CU-8918,2025-12-09T22:35:00,I am frustrated that the InsightPay app crashes during payment. The team mentioned InsightChat in the weekly review. Sharing this from the field.,InsightSecure,Engineering,Call Center,London,SMB,2,resolved,positive,joy,Technical Issue,Praise,low,4
FB-10501,CU-3022,2025-12-09T19:20:00,"Hi, Sharing an FYI that finance will review invoices tomorrow. The team mentioned InsightMobile in the weekly review. Thanks.",InsightAnalytics,Sales,Social Media,Dubai,Internal,4,in_progress,neutral,neutral,Product,Information,low,2
FB-10676,CU-7524,2025-12-09T08:26:00,"Hi, I am frustrated that the InsightSecure app crashes during payment. We have seen this twice already. Please advise.",InsightMobile,Engineering,Mobile App,Chennai,Enterprise,2,open,negative,anger,Technical Issue,Bug Report,critical,5
FB-10149,CU-8492,2025-12-09T08:14:00,I am delighted with the quality of the latest InsightChat release. The team mentioned InsightPortal in the weekly review. Sharing this from the field.,InsightAnalytics,Operations,Internal,Kolkata,Partner,4,open,positive,joy,Product,Praise,low,1
FB-10725,CU-1191,2025-12-09T07:10:00,"Hello team, Package for InsightPay arrived damaged in New York. This is impacting customers in Singapore. Thanks.",InsightChat,Product,Internal,Chennai,Startup,2,open,negative,frustration,Product,Praise,medium,2
FB-10381,CU-3689,2025-12-09T05:35:00,"Hi, Loved the new InsightPay dashboard, it is clean and fast. Please treat this as high priority. Looking forward to a fix.",InsightAnalytics,Finance,Internal,Pune,SMB,5,open,negative,satisfaction,UX/UI,Praise,low,1
FB-12060,CU-1297,2025-12-09T03:11:00,"To be clear, We cannot login to InsightPortal since the last update. We have seen this twice already. Sharing this from the field.",InsightSecure,Engineering,Call Center,Surat,Internal,1,resolved,negative,anger,Technical Issue,Bug Report,critical,4
FB-11860,CU-2741,2025-12-09T03:04:00,Quick update: We may add twenty more seats if the trial goes well. I am following up because there was no response. Looking forward to a fix.,InsightCloud,Operations,Survey,Bangalore,Partner,3,closed,neutral,anger,Customer Support,Praise,medium,1
FB-10919,CU-6877,2025-12-08T17:51:00,"For the record, Sharing an FYI that finance will review invoices tomorrow. This is impacting customers in Mumbai. Sharing this from the field.",InsightMobile,Engineering,Email,Pune,Internal,3,open,neutral,neutral,Other,Information,low,2
FB-10456,CU-8215,2025-12-08T17:07:00,The current plan is acceptable but we will compare alternatives. This is impacting customers in Dubai. Please advise.,InsightMobile,Product,Call Center,London,Partner,3,closed,neutral,neutral,Performance,Information,low,1
FB-10599,CU-3303,2025-12-08T17:01:00,Quick update: Appreciate the proactive outage communication. I attached screenshots in the original ticket. Looking forward to a fix.,InsightChat,Customer Support,Social Media,Singapore,SMB,5,in_progress,negative,satisfaction,Customer Support,Praise,medium,2
FB-11888,CU-5182,2025-12-08T16:36:00,"For the record, Refund for a failed InsightPay payment is still pending. Our enterprise account is affected.",InsightMobile,Finance,Social Media,Pune,Internal,2,open,negative,anger,Account,Request,critical,5
FB-10315,CU-7284,2025-12-08T15:57:00,"Hi, Where can I find the data retention policy? Please treat this as high priority. Sharing this from the field.",InsightPay,Customer Support,Website,Surat,Consumer,3,in_progress,neutral,confusion,Other,Question,low,1
FB-11304,CU-3527,2025-12-08T14:00:00,Quick update: Documentation update saved our engineering team hours. This is impacting customers in Singapore. Thanks.,InsightAnalytics,Engineering,Chat,Pune,Enterprise,5,open,negative,joy,Technical Issue,Praise,low,2
FB-12071,CU-7280,2025-12-08T13:57:00,We are happy with the reliability of InsightCRM this quarter. This happened after the latest update. Thanks.,InsightCRM,HR,Website,Surat,Partner,4,in_progress,negative,joy,Product,Praise,medium,1
FB-10439,CU-5409,2025-12-08T13:40:00,Quick update: InsightSecure audit logs are exactly what compliance needed. Our enterprise account is affected. Sharing this from the field.,InsightCRM,Customer Support,Mobile App,Delhi,Partner,5,resolved,negative,frustration,Account,Request,medium,1
FB-10893,CU-3702,2025-12-07T23:01:00,Refund for a failed InsightPortal payment is still pending. Our enterprise account is affected.,InsightCloud,Product,Mobile App,Surat,Internal,2,open,negative,anger,Account,Request,critical,5
FB-10804,CU-8339,2025-12-07T21:17:00,"Hi, Where can I find the data retention policy? Please treat this as high priority. Logged by the duty manager.",InsightCRM,Operations,Website,London,Enterprise,3,resolved,neutral,confusion,Other,Question,low,1
FB-11216,CU-9192,2025-12-07T14:13:00,Can you schedule a training session for the operations team? The team mentioned InsightPortal in the weekly review. Please advise.,InsightPay,HR,Internal,Surat,Startup,3,in_progress,neutral,neutral,Customer Support,Request,low,1
FB-10362,CU-6855,2025-12-07T12:39:00,"Hello team, Need access for two additional analysts this week. Please treat this as high priority. Logged by the duty manager.",InsightCRM,Engineering,Mobile App,Hyderabad,Enterprise,3,resolved,neutral,neutral,Customer Support,Request,low,1
FB-11844,CU-6511,2025-12-07T10:02:00,"To be clear, Refund for a failed InsightCRM payment is still pending. Please treat this as high priority. Logged by the duty manager.",InsightCRM,Product,Survey,Delhi,Partner,2,resolved,negative,anger,Payment,Complaint,critical,5
FB-11407,CU-9873,2025-12-07T09:05:00,"Hi, Need access for two additional analysts this week. We have seen this twice already. Thanks.",InsightChat,Engineering,Email,Surat,Startup,3,resolved,negative,neutral,Customer Support,Request,low,1
FB-11657,CU-5231,2025-12-07T07:13:00,"Hi, InsightSecure audit logs are exactly what compliance needed. I attached screenshots in the original ticket.",InsightPortal,Customer Support,Internal,Ahmedabad,Partner,5,closed,negative,satisfaction,Product,Praise,low,1
FB-11518,CU-8340,2025-12-07T06:51:00,"Hi, Is there a sandbox for InsightPay chargebacks? This happened after the latest update. Sharing this from the field.",InsightAnalytics,HR,Mobile App,Hyderabad,Consumer,3,in_progress,negative,disappointment,Technical Issue,Complaint,critical,5
FB-11595,CU-9197,2025-12-07T06:02:00,Quick update: I am delighted with the quality of the latest InsightPay release. I attached screenshots in the original ticket. Looking forward to a fix.,InsightSecure,Customer Support,Internal,Ahmedabad,Partner,4,open,positive,joy,Product,Praise,low,1
FB-12167,CU-1498,2025-12-07T05:15:00,Quick update: The InsightPortal rollout is scheduled for next Monday in Surat. Please treat this as high priority. Thanks.,InsightPay,Product,Chat,Pune,Consumer,4,open,negative,frustration,Technical Issue,Complaint,medium,2
FB-10948,CU-1702,2025-12-07T04:59:00,Sharing an FYI that finance will review invoices tomorrow. We have seen this twice already.,InsightPay,Customer Support,Email,Singapore,Startup,3,open,neutral,anger,Technical Issue,Information,low,2
FB-10810,CU-4392,2025-12-07T00:01:00,"Hello team, Payment reconciliation finally works without manual edits. This is impacting customers in Dubai. Sharing this from the field.",InsightAnalytics,Customer Support,Email,Dubai,Internal,5,open,negative,anger,Customer Support,Information,low,2
FB-11166,CU-2731,2025-12-06T20:27:00,Quick update: Chat support was knowledgeable and patient. The team mentioned InsightMobile in the weekly review.,InsightCloud,Customer Support,Chat,Dubai,Startup,5,resolved,positive,satisfaction,Customer Support,Praise,low,1
FB-11186,CU-4590,2025-12-06T19:52:00,"Hi, Call center agents read from a script and did not understand the issue. A workaround exists but it is not acceptable long term. Looking forward to a fix.",InsightAnalytics,Finance,Call Center,Pune,Enterprise,1,closed,negative,anger,Customer Support,Complaint,critical,3
FB-11976,CU-2114,2025-12-06T19:19:00,"Hello team, Support never called back after I reported a critical outage. This happened after the latest update. Logged by the duty manager.",InsightPortal,Customer Support,Mobile App,Singapore,SMB,2,open,negative,frustration,Customer Support,Complaint,critical,4
FB-11065,CU-6440,2025-12-06T17:44:00,InsightSecure audit logs are exactly what compliance needed. The issue started last Thursday. Thanks.,InsightPay,Sales,Social Media,Kolkata,Enterprise,5,resolved,negative,frustration,Product,Complaint,medium,1
FB-11230,CU-9947,2025-12-06T14:46:00,"To be clear, We cannot login to InsightAnalytics since the last update. The issue started last Thursday. Logged by the duty manager.",InsightPay,Engineering,Chat,Bangalore,Enterprise,2,in_progress,negative,frustration,Technical Issue,Bug Report,critical,4
FB-11514,CU-1355,2025-12-06T14:17:00,"To be clear, Authentication failures are blocking our entire sales team. The issue started last Thursday. Thanks.",InsightCRM,Product,Survey,Mumbai,Partner,2,resolved,negative,joy,Product,Bug Report,high,2
FB-11673,CU-7514,2025-12-06T13:13:00,Can you schedule a training session for the operations team? I am following up because there was no response. Sharing this from the field.,InsightCloud,Sales,Social Media,Surat,Consumer,3,in_progress,neutral,neutral,Customer Support,Request,low,1
FB-10086,CU-7338,2025-12-06T12:55:00,"To be clear, Documentation is outdated and caused a production misconfiguration. Please treat this as high priority. Sharing this from the field.",InsightPortal,Customer Support,Survey,Bangalore,Internal,2,open,neutral,confusion,Documentation,Suggestion,low,2
FB-11599,CU-8924,2025-12-06T10:54:00,Where can I find the data retention policy? The team mentioned InsightCRM in the weekly review. Sharing this from the field.,InsightAnalytics,Operations,Website,Chennai,Partner,3,resolved,neutral,confusion,Other,Question,low,1
FB-11420,CU-1095,2025-12-06T09:26:00,"To be clear, Refund was issued quickly and with a clear explanation. We have seen this twice already. Please advise.",InsightMobile,Product,Chat,Jaipur,SMB,5,closed,positive,anger,Payment,Praise,low,2
FB-11679,CU-9334,2025-12-06T06:09:00,"Hello team, It would help to have saved filters on the explorer table. We have seen this twice already. Logged by the duty manager.",InsightCRM,Product,Social Media,Surat,Partner,3,resolved,neutral,anger,Technical Issue,Suggestion,medium,1
FB-10682,CU-2298,2025-12-06T05:47:00,"For the record, We are happy with the reliability of InsightCloud this quarter. A workaround exists but it is not acceptable long term. Logged by the duty manager.",InsightAnalytics,Finance,Chat,Surat,SMB,5,in_progress,positive,joy,Product,Praise,low,1
FB-10538,CU-1716,2025-12-06T03:52:00,Documentation update saved our engineering team hours. A workaround exists but it is not acceptable long term. Sharing this from the field.,InsightPay,HR,Email,Delhi,Enterprise,4,open,neutral,joy,UX/UI,Suggestion,low,1
FB-10291,CU-9027,2025-12-06T01:15:00,"Hello team, Refund for a failed InsightPortal payment is still pending. I am following up because there was no response. Sharing this from the field.",InsightAnalytics,Product,Chat,New York,SMB,2,open,negative,anger,Payment,Praise,critical,5
FB-10203,CU-6641,2025-12-05T21:00:00,"Hi, I am delighted with the quality of the latest InsightChat release. This happened after the latest update.",InsightCRM,Operations,Social Media,Mumbai,Enterprise,5,in_progress,positive,joy,Product,Praise,low,1
FB-11177,CU-8308,2025-12-05T18:17:00,Delivery to Mumbai was earlier than the estimated date. The issue started last Thursday. Thanks.,InsightAnalytics,Operations,Internal,Mumbai,Consumer,5,resolved,negative,satisfaction,Delivery,Complaint,low,1
FB-11626,CU-5925,2025-12-05T18:02:00,"For the record, InsightSecure audit logs are exactly what compliance needed. I attached screenshots in the original ticket. Thanks.",InsightPay,Customer Support,Internal,Pune,Enterprise,4,resolved,negative,neutral,Product,Praise,low,1
FB-11113,CU-9892,2025-12-05T13:05:00,"Hello team, Payment reconciliation finally works without manual edits. The team mentioned InsightPortal in the weekly review. Thanks.",InsightChat,Product,Mobile App,Mumbai,Partner,5,open,positive,joy,Product,Praise,low,2
FB-11839,CU-3447,2025-12-05T10:39:00,Response time from customer support is getting worse every week. Please treat this as high priority. Sharing this from the field.,InsightCRM,Customer Support,Call Center,Mumbai,SMB,2,resolved,neutral,neutral,Customer Support,Request,low,2
FB-11217,CU-2194,2025-12-05T05:56:00,Quick update: Security alert fired after suspicious admin logins. This happened after the latest update. Please advise.,InsightPortal,Engineering,Social Media,Kolkata,Startup,2,resolved,negative,anger,Security,Complaint,critical,5
FB-11321,CU-8379,2025-12-05T00:44:00,"Hi, We are happy with the reliability of InsightCloud this quarter. Please treat this as high priority. Sharing this from the field.",InsightCloud,Operations,Chat,New York,Internal,5,closed,positive,joy,Product,Praise,low,1
FB-10050,CU-3529,2025-12-04T23:09:00,"Loved the new InsightMobile dashboard, it is clean and fast. I am following up because there was no response. Looking forward to a fix.",InsightChat,HR,Mobile App,Chennai,Startup,4,open,positive,satisfaction,UX/UI,Praise,low,1
FB-10399,CU-8433,2025-12-04T22:33:00,The InsightChat rollout is scheduled for next Monday in Jaipur. This is impacting customers in Mumbai. Please advise.,InsightChat,HR,Internal,Surat,SMB,4,resolved,neutral,neutral,Delivery,Information,low,1
FB-11080,CU-7313,2025-12-04T21:04:00,Refund for a failed InsightCRM payment is still pending. A workaround exists but it is not acceptable long term. Logged by the duty manager.,InsightCRM,HR,Email,Pune,Internal,1,open,negative,anger,Payment,Complaint,critical,5
FB-10698,CU-6067,2025-12-04T21:04:00,"To be clear, Sales team prepared a thoughtful demo for our executives. The team mentioned InsightMobile in the weekly review. Looking forward to a fix.",InsightSecure,Operations,Call Center,Delhi,SMB,4,open,positive,joy,Product,Praise,low,1
FB-10973,CU-2759,2025-12-04T16:06:00,"Hello team, Customer support resolved our incident in twenty minutes. Our enterprise account is affected. Looking forward to a fix.",InsightSecure,Customer Support,Email,Jaipur,Enterprise,5,resolved,neutral,anger,Customer Support,Request,low,1
FB-11066,CU-4925,2025-12-04T14:55:00,"Hi, I am angry that the ticket was closed without a resolution. I attached screenshots in the original ticket. Looking forward to a fix.",InsightAnalytics,Customer Support,Survey,Singapore,Internal,1,in_progress,negative,satisfaction,Customer Support,Praise,medium,2
FB-10697,CU-3791,2025-12-04T08:23:00,"Hello team, Chat support was knowledgeable and patient. The issue started last Thursday. Sharing this from the field.",InsightChat,Customer Support,Survey,London,SMB,5,in_progress,positive,satisfaction,Customer Support,Praise,low,1
FB-11681,CU-6818,2025-12-04T06:45:00,Quick update: Mobile users report they cannot complete signup on InsightAnalytics. Please treat this as high priority. Logged by the duty manager.,InsightChat,Operations,Chat,London,Consumer,2,resolved,negative,frustration,Technical Issue,Bug Report,critical,4
FB-11861,CU-7299,2025-12-04T02:00:00,"Hello team, We cannot login to InsightCRM since the last update. Our enterprise account is affected.",InsightChat,Engineering,Social Media,Dubai,Consumer,2,resolved,negative,frustration,Account,Request,high,2
FB-10577,CU-6268,2025-12-03T22:21:00,"Hi, Response time from customer support is getting worse every week. I attached screenshots in the original ticket.",InsightCRM,Customer Support,Call Center,Kolkata,Enterprise,2,in_progress,neutral,frustration,Customer Support,Request,medium,2
FB-10569,CU-9907,2025-12-03T20:49:00,"Hello team, InsightSecure audit logs are exactly what compliance needed. Our enterprise account is affected.",InsightMobile,Customer Support,Mobile App,Jaipur,Consumer,4,open,neutral,confusion,Account,Request,low,1
FB-10466,CU-4694,2025-12-03T15:51:00,"Hello team, Documentation is outdated and caused a production misconfiguration. The team mentioned InsightPay in the weekly review. Sharing this from the field.",InsightSecure,Product,Chat,Pune,Internal,2,resolved,positive,joy,Documentation,Praise,low,2
FB-10758,CU-5556,2025-12-03T13:52:00,"For the record, Response time from customer support is getting worse every week. I am following up because there was no response. Logged by the duty manager.",InsightChat,Customer Support,Call Center,Dubai,Consumer,2,open,neutral,neutral,Customer Support,Request,low,2
FB-11812,CU-1375,2025-12-03T09:35:00,I am frustrated that the InsightChat app crashes during payment. This is impacting customers in Singapore. Sharing this from the field.,InsightChat,Engineering,Internal,Delhi,Internal,2,open,negative,neutral,Technical Issue,Information,high,5
FB-12158,CU-8258,2025-12-03T09:28:00,"Hello team, Billing error created an unauthorized charge on our card. We have seen this twice already. Please advise.",InsightChat,Product,Mobile App,Pune,Partner,2,in_progress,neutral,anger,Technical Issue,Bug Report,critical,5
FB-11362,CU-4995,2025-12-03T09:00:00,"Hi, The courier missed the delivery window three times in Kolkata. A workaround exists but it is not acceptable long term. Thanks.",InsightSecure,Operations,Internal,Chennai,Internal,2,in_progress,negative,frustration,UX/UI,Complaint,high,2
FB-11379,CU-2309,2025-12-03T06:25:00,"For the record, We may add twenty more seats if the trial goes well. Please treat this as high priority. Sharing this from the field.",InsightAnalytics,Sales,Mobile App,Mumbai,Internal,4,in_progress,neutral,neutral,Customer Support,Suggestion,low,1
FB-10572,CU-6616,2025-12-03T05:42:00,"For the record, I am delighted with the quality of the latest InsightCloud release. This is impacting customers in Hyderabad. Looking forward to a fix.",InsightPay,Customer Support,Survey,Chennai,Partner,4,in_progress,positive,joy,Product,Praise,low,1
FB-10843,CU-1404,2025-12-03T03:09:00,"Hi, I am delighted with the quality of the latest InsightPay release. The team mentioned InsightCloud in the weekly review. Thanks.",InsightAnalytics,Customer Support,Call Center,London,Partner,5,open,positive,joy,Product,Praise,low,1
FB-11881,CU-7935,2025-12-02T22:52:00,Need access for two additional analysts this week. The issue started last Thursday. Looking forward to a fix.,InsightSecure,Operations,Website,Surat,Internal,3,open,negative,neutral,Customer Support,Request,low,1
FB-10873,CU-4072,2025-12-02T21:33:00,"For the record, Customer support resolved our incident in twenty minutes. The issue started last Thursday. Logged by the duty manager.",InsightAnalytics,Customer Support,Internal,Kolkata,SMB,5,open,neutral,neutral,Customer Support,Request,low,1
FB-11697,CU-8088,2025-12-02T16:12:00,"For the record, Delivery to Surat was earlier than the estimated date. The issue started last Thursday. Sharing this from the field.",InsightAnalytics,Operations,Mobile App,Mumbai,Internal,5,in_progress,negative,satisfaction,Delivery,Praise,low,1
FB-10637,CU-4328,2025-12-02T15:53:00,"To be clear, Delivery to Delhi was earlier than the estimated date. A workaround exists but it is not acceptable long term.",InsightPay,Operations,Social Media,Jaipur,Consumer,5,resolved,positive,satisfaction,Performance,Praise,low,1
FB-11852,CU-7307,2025-12-02T14:01:00,Quick update: Price increase was communicated poorly and feels unjustified. This is impacting customers in Bangalore. Looking forward to a fix.,InsightCRM,Engineering,Chat,Dubai,Startup,2,in_progress,negative,satisfaction,Technical Issue,Suggestion,medium,4
FB-10815,CU-7172,2025-12-02T12:49:00,Authentication failures are blocking our entire sales team. Please treat this as high priority. Thanks.,InsightMobile,HR,Website,Bangalore,SMB,1,open,negative,neutral,Technical Issue,Bug Report,high,3
FB-11826,CU-3970,2025-12-02T12:25:00,"Hello team, Feature request: webhook retries with exponential backoff. A workaround exists but it is not acceptable long term. Logged by the duty manager.",InsightCloud,Customer Support,Chat,Singapore,Internal,3,open,neutral,neutral,UX/UI,Suggestion,low,1
FB-11658,CU-7989,2025-12-02T12:01:00,"Hello team, Support never called back after I reported a critical outage. I am following up because there was no response. Logged by the duty manager.",InsightCRM,Customer Support,Internal,Hyderabad,SMB,1,closed,negative,frustration,Customer Support,Complaint,critical,4
FB-10344,CU-5648,2025-12-02T05:59:00,"Hello team, We are happy with the reliability of InsightPay this quarter. Please treat this as high priority.",InsightCloud,Finance,Chat,New York,Consumer,5,resolved,positive,joy,Product,Praise,low,1
FB-10068,CU-7566,2025-12-02T05:55:00,"Hi, Is there a sandbox for InsightPay chargebacks? Our enterprise account is affected. Logged by the duty manager.",InsightMobile,Sales,Mobile App,Mumbai,Internal,3,resolved,negative,frustration,Account,Request,medium,2
FB-10490,CU-2587,2025-12-02T05:52:00,"Hello team, Search is too slow to be usable during business hours. We have seen this twice already. Logged by the duty manager.",InsightPortal,Customer Support,Mobile App,Singapore,Internal,2,in_progress,negative,anger,Technical Issue,Praise,medium,3
FB-11648,CU-3124,2025-12-02T05:08:00,Quick update: InsightSecure audit logs are exactly what compliance needed. We have seen this twice already. Please advise.,InsightCRM,Customer Support,Call Center,Bangalore,Enterprise,5,open,negative,anger,Technical Issue,Bug Report,medium,2
FB-10476,CU-4305,2025-12-02T01:49:00,"For the record, Average experience so far, we are still evaluating InsightCRM. This happened after the latest update. Please advise.",InsightChat,HR,Call Center,Hyderabad,SMB,3,open,negative,disappointment,Product,Complaint,high,1
FB-11025,CU-7015,2025-12-01T18:09:00,Please confirm whether SSO is enabled for partner accounts. Our enterprise account is affected. Please advise.,InsightMobile,HR,Internal,Dubai,Enterprise,4,resolved,neutral,neutral,Account,Request,low,1
FB-10689,CU-8602,2025-12-01T17:53:00,Quick update: I am angry that the ticket was closed without a resolution. The team mentioned InsightAnalytics in the weekly review. Thanks.,InsightSecure,Customer Support,Email,London,Enterprise,2,in_progress,negative,joy,Customer Support,Praise,medium,2
FB-11043,CU-3575,2025-12-01T12:31:00,"To be clear, Appreciate the proactive outage communication. The issue started last Thursday. Logged by the duty manager.",InsightPortal,Engineering,Survey,Hyderabad,Enterprise,5,open,negative,satisfaction,Product,Praise,medium,2
FB-10540,CU-7314,2025-12-01T07:01:00,"Hi, The courier missed the delivery window three times in Ahmedabad. This happened after the latest update.",InsightCRM,Operations,Email,Hyderabad,Internal,1,open,negative,frustration,Customer Support,Complaint,critical,3
FB-11017,CU-7623,2025-12-01T06:46:00,"To be clear, The current plan is acceptable but we will compare alternatives. I attached screenshots in the original ticket. Please advise.",InsightPay,Customer Support,Email,Ahmedabad,Startup,3,resolved,neutral,neutral,Performance,Information,low,1
FB-11125,CU-9287,2025-12-01T02:12:00,"Hello team, Noting that the internal survey was completed by HR. This is impacting customers in Surat. Looking forward to a fix.",InsightMobile,Finance,Email,Delhi,SMB,3,resolved,neutral,neutral,Other,Information,low,1
FB-11492,CU-4732,2025-12-01T00:17:00,"Hello team, Documentation update saved our engineering team hours. A workaround exists but it is not acceptable long term. Looking forward to a fix.",InsightCRM,Engineering,Chat,New York,SMB,5,resolved,positive,joy,Product,Praise,low,1
